"category","topic","name","url","media_kind","protocol","format","bitrate","is_live","https","language","country","homepage","source_kind","license_note","notes","confidence","favicon_index"
"Radio","Ambient","0 N - Chillout on Radio (AAC+)","https://0n-chillout.radionetz.de/0n-chillout.aac","AUDIO","ICECAST","aac+","64","true","true","german","DE","http://www.0nradio.com/","COMMUNITY","radio-browser community DB, publicly listed free stream","0N Radio chillout channel, low-bandwidth AAC+ variant.","high",""
"Radio","Ambient","0R - MUSIC FOR SLEEP","https://0nlineradio.radioho.st/classical-classical-music-for-sleep?ref=radio-browser26","AUDIO","ICECAST","mp3","192","true","true","english,german","DE","https://plus.rm.fm/","COMMUNITY","radio-browser community DB, publicly listed free stream","Sleep/relax ambient (0nlineradio network). One representative kept from this multi-channel host.","high","0"
"Radio","Ambient","7 Rays Radio","https://7rays.stream.laut.fm/7rays","AUDIO","ICECAST","mp3","128","true","true","ukrainian","UA","https://7promeniv.com.ua/radio","COMMUNITY","radio-browser community DB, publicly listed free stream","Meditation/healing/new age ambient.","high","1"
"Radio","Ambient","Ambient Modern","http://radio.stereoscenic.com/mod-h","AUDIO","ICECAST","mp3","256","true","false","english","US","https://ambientmodern.com/","COMMUNITY","radio-browser community DB, publicly listed free stream","Modern ambient/relaxation, 256k. Resolved from mod-h.pls. Same operator as Ambient Sleeping Pill but distinct channel.","high","2"
"Radio","Ambient","Ambient Sleeping Pill","http://radio.stereoscenic.com/asp-h","AUDIO","ICECAST","mp3","256","true","false","english","US","http://ambientsleepingpill.com/","COMMUNITY","radio-browser community DB, publicly listed free stream","Top-clicked ambient/sleep station, 256k.","high","3"
"Radio","Ambient","Cafe del Mar CALM","https://streamer.radio.co/sb748f24ad/listen","AUDIO","ICECAST","aac","192","true","true","english","ES","https://cafedelmar.com/radio","COMMUNITY","radio-browser community DB, publicly listed free stream (official Cafe del Mar free web radio)","Balearic ambient/chillout, official station free stream.","high","4"
"Radio","Ambient","Costa del Mar - Zen","http://stream.cdm-zen.com:8004/stream-mp3-Zen","AUDIO","ICECAST","mp3","96","true","false","english","","http://www.costadelmar-radio.com/","COMMUNITY","radio-browser community DB, publicly listed free stream","Zen/relaxation ambient.","high","5"
"Radio","Ambient","Cryosleep","http://streams.echoesofbluemars.org:8000/cryosleep","AUDIO","ICECAST","mp3","128","true","false","english","US","http://www.echoesofbluemars.org/cryosleep.php","COMMUNITY","radio-browser community DB, publicly listed free stream","Beatless calm/sleep ambient (Echoes of Blue Mars).","high","6"
"Radio","Ambient","DEEP IN SPACE","https://stream.drugradio.ru:8020/stream128","AUDIO","ICECAST","mp3","128","true","true","english","RU","https://deepinspace.ru/","COMMUNITY","radio-browser community DB, publicly listed free stream","Space ambient/chillout.","high","7"
"Radio","Ambient","Deep Radio","http://stream.deep.radio/hd","AUDIO","ICECAST","mp3","320","true","false","english","NL","https://deep.radio/","COMMUNITY","radio-browser community DB, publicly listed free stream","Deep house/downtempo/ambient, 320k.","high","8"
"Radio","Ambient","Enigmatic 3 - Magnetic Chillout","http://radio.enigmatic.su:8050/radio","AUDIO","ICECAST","aac","64","true","false","","RU","http://enigmatic.su/radio-station/enigmatic-3","COMMUNITY","radio-browser community DB, publicly listed free stream","Atmospheric chillout/new age.","high","9"
"Radio","Ambient","EPIC CLASSICAL - Classical Music For Sleep","https://stream.epic-classical.com/classical-music-for-sleep","AUDIO","ICECAST","mp3","192","true","true","english","DE","https://epic-classical.com/","COMMUNITY","radio-browser community DB, publicly listed free stream","Calm classical/ambient for sleep, 192k.","high",""
"Radio","Ambient","Epic Lounge - IBIZA CHILLOUT LOUNGE","https://stream.epic-lounge.com/ibiza-chillout-lounge?ref=radiobrowser","AUDIO","ICECAST","mp3","192","true","true","english,german","DE","https://epic-lounge.com/","COMMUNITY","radio-browser community DB, publicly listed free stream","Ibiza chillout/lounge, 192k.","high",""
"Radio","Ambient","Lounge by rautemusik (rm.fm)","https://lounge-high.rautemusik.fm/?ref=radiobrowser","AUDIO","ICECAST","mp3","192","true","true","english,german","DE","https://www.rm.fm/lounge","COMMUNITY","radio-browser community DB, publicly listed free stream","Smooth lounge/chillout, 192k.","high","10"
"Radio","Ambient","Nature Radio Rain","https://maggie.torontocast.com:2020/stream/natureradiorain","AUDIO","ICECAST","mp3","128","true","true","english","CA","https://radiosuitenetwork.torontocast.stream/nature-radio-rain/","COMMUNITY","radio-browser community DB, publicly listed free stream","Nature/rain ambient soundscape.","high",""
"Radio","Ambient","NATURE RADIO SLEEP","https://az1.mediacp.eu/listen/natureradiosleep/radio.mp3","AUDIO","ICECAST","mp3","128","true","true","english,italian","IT","https://natureradiosleep.weebly.com/","COMMUNITY","radio-browser community DB, publicly listed free stream","Nature/meditation/sleep ambient.","high","11"
"Radio","Ambient","SomaFM Deep Space One (128k MP3)","https://ice6.somafm.com/deepspaceone-128-mp3","AUDIO","ICECAST","mp3","128","true","true","english","US","https://somafm.com/deepspaceone/","COMMUNITY","radio-browser community DB, publicly listed free stream; SomaFM is listener-supported free radio","Deep ambient electronic and space music. Resolved from deepspaceone.pls.","high","12"
"Radio","Ambient","SomaFM Drone Zone (128k MP3)","https://ice4.somafm.com/dronezone-128-mp3","AUDIO","ICECAST","mp3","128","true","true","english","US","https://somafm.com/dronezone/","COMMUNITY","radio-browser community DB, publicly listed free stream; SomaFM is listener-supported free radio","Atmospheric ambient drone. Resolved from dronezone.pls.","high","13"
"Radio","Ambient","SomaFM Groove Salad (128k MP3)","https://ice5.somafm.com/groovesalad-128-mp3","AUDIO","ICECAST","mp3","128","true","true","english","US","https://somafm.com/groovesalad/","COMMUNITY","radio-browser community DB, publicly listed free stream; SomaFM is listener-supported free radio","Flagship downtempo/chillout channel. Resolved from groovesalad.pls.","high","14"
"Radio","Ambient","SomaFM Space Station Soma (128k AAC)","https://ice5.somafm.com/spacestation-128-aac","AUDIO","ICECAST","aac","128","true","true","english","US","https://somafm.com/spacestation/","COMMUNITY","radio-browser community DB, publicly listed free stream; SomaFM is listener-supported free radio","Spaced-out ambient electronica. Resolved from spacestation130.pls.","high","15"
"Radio","Ambient","Spokoynoe Radio (Calm Radio)","https://listen9.myradio24.com/6262","AUDIO","ICECAST","mp3","128","true","true","russian","RU","http://spokoinoeradio.ru/","COMMUNITY","radio-browser community DB, publicly listed free stream","Russian calm/relax lounge with nature sounds.","high",""
"Radio","Ambient","Радіо Relax","http://online.radiorelax.ua/RadioRelax","AUDIO","ICECAST","mp3","128","true","false","ukrainian","UA","https://www.radiorelax.ua/","COMMUNITY","Radio Relax UA, free relax music stream","Light pop and ambient music.","high","16"
"Radio","Chillout","FIP Groove","https://icecast.radiofrance.fr/fipgroove-hifi.aac","AUDIO","ICECAST","aac","192","true","true","french","FR","https://www.fip.fr/groove/webradio","PUBLIC_BROADCASTER","Radio France public-service broadcaster thematic webradio, freely published","FIP Groove - Radio France public broadcaster, 192k AAC HiFi.","high","17"
"Radio","Classical","ABC Classic","http://live-radio01.mediahubaustralia.com/2FMW/mp3/;*.mp3","AUDIO","ICECAST","aac","56","true","false","english","AU","http://www.abc.net.au/classic/","PUBLIC_BROADCASTER","ABC Australian public-service broadcaster, freely published live stream","DB codec AAC+ (HE-AAC) over Icecast. Australian public radio classical channel.","high","18"
"Radio","Classical","BBC Radio 3 (128k)","http://as-hls-ww-live.akamaized.net/pool_23461179/live/ww/bbc_radio_three/bbc_radio_three.isml/bbc_radio_three-audio%3d128000.norewind.m3u8","AUDIO","HLS","m3u8","128","true","false","english","GB","https://www.bbc.co.uk/radio3","PUBLIC_BROADCASTER","BBC public-service broadcaster open HLS audio playlist, freely published","DB codec UNKNOWN; this is an HLS AAC audio playlist (overrode ICECAST mapping). BBC R3 classical.","high","19"
"Radio","Classical","BR-Klassik","https://dispatcher.rndfnk.com/br/brklassik/live/mp3/high","AUDIO","ICECAST","mp3","128","true","true","german","DE","https://www.br-klassik.de/index.html","PUBLIC_BROADCASTER","Bayerischer Rundfunk public-service broadcaster, freely published live MP3","German public broadcaster dedicated classical channel.","high","20"
"Radio","Classical","Calm Radio - Bach","http://streams.calmradio.com:6828/stream","AUDIO","ICECAST","mp3","128","true","false","english","CA","https://www.calmradio.com/","COMMUNITY","radio-browser community DB, publicly listed free stream","Free tier Bach-focused classical Icecast stream.","medium","21"
"Radio","Classical","Classic FM (UK)","http://ice-the.musicradio.com/ClassicFMMP3","AUDIO","ICECAST","mp3","128","true","false","english","GB","http://www.classicfm.com/","COMMUNITY","radio-browser community DB, publicly listed free stream","Most-clicked classical entry; flagship UK classical broadcaster, free ad-supported ICY MP3.","high","22"
"Radio","Classical","Classic FM Calm","https://media-ice.musicradio.com/ClassicFMCalmMP3","AUDIO","ICECAST","mp3","128","true","true","english","GB","https://www.classicfm.com/calm/","COMMUNITY","radio-browser community DB, publicly listed free stream","Classic FM thematic calm/classical webstream.","high","23"
"Radio","Classical","Classic FM Movies","https://media-ice.musicradio.com/ClassicFMMoviesMP3","AUDIO","ICECAST","mp3","128","true","true","english","GB","https://www.classicfm.com/movies/","COMMUNITY","radio-browser community DB, publicly listed free stream","Classic FM thematic film-score/classical webstream.","high","24"
"Radio","Classical","Classic21 (RTBF)","http://radios.rtbf.be/classic21-128.mp3","AUDIO","ICECAST","mp3","128","true","false","french","BE","http://www.rtbf.be/","PUBLIC_BROADCASTER","RTBF Belgian public-service broadcaster, freely published live MP3","DB bitrate 0; this RTBF stream is 128k MP3. Belgian public broadcaster.","high","25"
"Radio","Classical","France Musique","http://direct.francemusique.fr/live/francemusique-midfi.mp3","AUDIO","ICECAST","mp3","128","true","false","french","FR","https://www.francemusique.fr/","COMMUNITY","radio-browser community DB; Radio France public-service classical stream","Radio France main classical/jazz channel.","high","26"
"Radio","Classical","France Musique Baroque","http://icecast.radiofrance.fr/francemusiquebaroque-hifi.aac","AUDIO","ICECAST","aac","192","true","false","french","FR","https://www.francemusique.fr/radios-thematiques/la-baroque","PUBLIC_BROADCASTER","Radio France public-service broadcaster thematic webradio, freely published","Radio France thematic baroque AAC webradio.","high","27"
"Radio","Classical","Klara Continuo (VRT)","http://icecast.vrtcdn.be/klaracontinuo-high.mp3","AUDIO","ICECAST","mp3","128","true","false","dutch","BE","https://www.klara.be/","PUBLIC_BROADCASTER","VRT Belgian public-service broadcaster, freely published live MP3","DB bitrate 0; VRT classical continuo webstream (~128k high).","high",""
"Radio","Classical","Klassik Radio - Live","https://live.streams.klassikradio.de/klassikradio-deutschland/stream/mp3","AUDIO","ICECAST","mp3","","true","true","german","DE","https://klassikradio.de/","COMMUNITY","radio-browser community DB, publicly listed free stream","German commercial classical broadcaster; free official live MP3. Bitrate unreported in DB.","high","28"
"Radio","Classical","Maine Public Classical","https://playerservices.streamtheworld.com/api/livestream-redirect/WMEA_CLASSICAL.mp3","AUDIO","ICECAST","mp3","128","true","true","english","US","https://www.mainepublic.org/listen-live","PUBLIC_RADIO","Maine Public official direct stream URL published on its listen-live page","Maine Public Classical stream.","high","29"
"Radio","Classical","MDR Klassik","http://mdr-284350-0.cast.mdr.de/mdr/284350/0/mp3/high/stream.mp3","AUDIO","ICECAST","mp3","128","true","false","german","DE","http://mdrklassik.de/","PUBLIC_BROADCASTER","MDR German public-service broadcaster, freely published live MP3","Resolved from .m3u playlist to underlying Icecast MP3. German public classical channel.","high",""
"Radio","Classical","NPO Klassiek (Radio 4)","https://icecast.omroep.nl/radio4-bb-mp3","AUDIO","ICECAST","mp3","192","true","true","dutch","NL","https://www.nporadio4.nl/","PUBLIC_BROADCASTER","NPO Dutch public-service broadcaster, freely published live MP3","Dutch public radio classical channel, 192k MP3.","high","30"
"Radio","Classical","Radio Classique","https://radioclassique.ice.infomaniak.ch/radioclassique-high.mp3","AUDIO","ICECAST","mp3","128","true","true","french","FR","https://www.radioclassique.fr/","COMMUNITY","radio-browser community DB, publicly listed free stream","French commercial classical broadcaster, free Infomaniak ICY MP3.","high","31"
"Radio","Classical","Radio Swiss Classic (French)","http://stream.srg-ssr.ch/m/rsc_fr/mp3_128","AUDIO","ICECAST","mp3","128","true","false","french","CH","http://www.radioswissclassic.ch/","PUBLIC_BROADCASTER","SRG SSR Swiss public-service broadcaster, freely published live MP3","Swiss public-service classical channel, French programming variant.","high","32"
"Radio","Classical","Radio Swiss Classic (German)","http://stream.srg-ssr.ch/m/rsc_de/mp3_128","AUDIO","ICECAST","mp3","128","true","false","german","CH","http://www.radioswissclassic.ch/","PUBLIC_BROADCASTER","SRG SSR Swiss public-service broadcaster, freely published live MP3","Swiss public-service classical channel.","high","33"
"Radio","Classical","Radio Swiss Classic (Italian)","http://stream.srg-ssr.ch/m/rsc_it/mp3_128","AUDIO","ICECAST","mp3","128","true","false","italian","CH","http://www.radioswissclassic.ch/","PUBLIC_BROADCASTER","SRG SSR Swiss public-service broadcaster, freely published live MP3","Swiss public-service classical channel, Italian programming variant.","high","34"
"Radio","Classical","Rai Radio 3","http://icestreaming.rai.it/3.mp3","AUDIO","ICECAST","mp3","320","true","false","italian","IT","http://www.radio3.rai.it/","COMMUNITY","radio-browser community DB, publicly listed free stream; Italian public-service broadcaster","Italian public radio culture/classical channel, 320k MP3.","high",""
"Radio","Classical","RMF Classic","http://rmfstream1.interia.pl:8000/rmf_classic","AUDIO","ICECAST","mp3","128","true","false","polish","PL","https://www.rmfclassic.pl/","COMMUNITY","radio-browser community DB, publicly listed free stream","Polish commercial classical broadcaster, free Icecast MP3.","high","35"
"Radio","Classical","RNZ Concert","http://radionz-ice.streamguys.com/concert.mp3","AUDIO","ICECAST","mp3","128","true","false","english","NZ","https://www.rnz.co.nz/concert","PUBLIC_RADIO","RNZ public-service radio, official live stream","Radio New Zealand Concert classical stream.","high","36"
"Radio","Classical","TRT Radyo 3","http://rd-trtradyo3.medya.trt.com.tr/master.m3u8","AUDIO","HLS","m3u8","140","true","false","turkish","TR","https://www.trt.net.tr/","PUBLIC_BROADCASTER","TRT Turkish public-service broadcaster open HLS stream","DB codec AAC over HLS (overrode ICECAST mapping to HLS). Turkish public classical/culture channel.","high","37"
"Radio","Classical","Vermont Public Classical","https://vprclassical.streamguys1.com/vprclassical128.mp3","AUDIO","ICECAST","mp3","128","true","true","english","US","https://www.vermontpublic.org/online-radio-streams","PUBLIC_RADIO","Vermont Public official direct stream URL published on its online radio streams page","Vermont Public classical channel.","high","38"
"Radio","Classical","WALM 2 HD (Classical)","https://icecast.walmradio.com:8443/walm2","AUDIO","ICECAST","mp3","320","true","true","english","US","https://walmradio.com/walm2","COMMUNITY","radio-browser community DB, publicly listed free listener-supported stream","US listener-supported classical/orchestral channel, 320k MP3 over TLS.","high",""
"Radio","Classical","WDR 3","http://wdr-wdr3-live.icecast.wdr.de/wdr/wdr3/live/mp3/128/stream.mp3","AUDIO","ICECAST","mp3","128","true","false","german","DE","https://www1.wdr.de/radio/wdr3/","PUBLIC_BROADCASTER","WDR German public-service broadcaster, freely published live MP3","German public cultural/classical channel.","high","39"
"Radio","Classical","YourClassical - Relax","http://relax.stream.publicradio.org/relax.mp3","AUDIO","ICECAST","mp3","128","true","false","english","US","http://www.yourclassical.org/","COMMUNITY","radio-browser community DB; American Public Media public-radio classical stream","US public radio (American Public Media) classical relaxation channel.","high","40"
"Radio","Classical","Радіо Культура (UR 3)","http://radio.ukr.radio:8000/ur3-mp3","AUDIO","ICECAST","mp3","192","true","false","ukrainian","UA","http://www.nrcu.gov.ua/","PUBLIC_BROADCASTER","Suspilne public broadcaster, free live stream","UA public radio channel 3.","high","41"
"Radio","Eclectic","KEXP","https://kexp.streamguys1.com/kexp160.aac","AUDIO","ICECAST","aac","160","true","true","english","US","https://www.kexp.org/listen/","COMMUNITY","KEXP nonprofit listener-supported station, official direct stream URL published by the station","Official KEXP 160k AAC direct stream.","high","42"
"Radio","Eclectic","WHRB 95.3 Harvard Radio","http://stream.whrb.org:8000/whrb-mp3","AUDIO","ICECAST","mp3","96","true","false","english","US","https://www.whrb.org/archive/web-stream-updates/","COMMUNITY","Harvard student-run station publishes its direct web stream URLs","Variety/university radio from Harvard Radio Broadcasting.","high","43"
"Radio","Eclectic","Серебряный Дождь","https://silverrain.hostingradio.ru/silver128.mp3","AUDIO","ICECAST","mp3","128","true","true","russian","RU","https://www.silver.ru/","COMMUNITY","Silver Rain Radio, free eclectic radio stream","Russian independent talk/music radio.","high","44"
"Radio","Electronic","100 Nu-Disco Central Radio","https://stream.zeno.fm/jqhhzffjynbuv","AUDIO","ICECAST","mp3","0","true","true","english","IT","https://zeno.fm/radio/100-nu-disco-central-radio/","COMMUNITY","radio-browser community DB, publicly listed free stream","Nu-disco; Zeno.fm hosted free stream.","high","45"
"Radio","Electronic","101.ru - Deep House","https://pub0202.101.ru:8000/stream/trust/mp3/128/173","AUDIO","ICECAST","mp3","128","true","true","russian","RU","https://deephouse.101.ru/","COMMUNITY","radio-browser community DB, publicly listed free stream","Deep house channel of the 101.ru network.","high","46"
"Radio","Electronic","BBC Radio 1 Dance","http://151.80.56.90:8090/bbc_radio_one_dance.aac","AUDIO","ICECAST","aac","0","true","false","english","GB","https://www.bbc.co.uk/sounds/play/live/bbc_radio_one_dance","COMMUNITY","radio-browser community DB, publicly listed free stream","Community-listed AAC relay of BBC Radio 1 Dance; raw-IP host, http only.","medium","47"
"Radio","Electronic","BBC Radio 6 Music","http://as-hls-ww-live.akamaized.net/pool_81827798/live/ww/bbc_6music/bbc_6music.isml/bbc_6music-audio=320000.norewind.m3u8","AUDIO","HLS","m3u8","320","true","false","english","GB","https://www.bbc.co.uk/sounds/play/live:bbc_6music","PUBLIC_BROADCASTER","BBC public broadcaster, open Akamai HLS simulcast","Alternative/electronic-leaning BBC station; HLS playlist (codec UNKNOWN in DB).","high","48"
"Radio","Electronic","Capital Dance (UK)","https://media-ssl.musicradio.com/CapitalDance","AUDIO","ICECAST","aac","48","true","true","english","GB","https://www.capitaldance.com/","COMMUNITY","radio-browser community DB, publicly listed free stream","UK official dance station free simulcast.","high","49"
"Radio","Electronic","Dance Wave!","https://dancewave.online/dance.mp3","AUDIO","ICECAST","mp3","128","true","true","english","HU","https://dancewave.online/","COMMUNITY","radio-browser community DB, publicly listed free stream","Top clickcount in electronic tag; direct mp3 stream.","high","50"
"Radio","Electronic","Deep House Lounge","http://198.15.94.34:8006/stream","AUDIO","ICECAST","mp3","128","true","false","english","US","http://www.deephouselounge.com/","COMMUNITY","radio-browser community DB, publicly listed free stream","Deep house; raw-IP Icecast endpoint, http only.","high","51"
"Radio","Electronic","DFM Дискач 90-х","https://dfm-disc90.hostingradio.ru/disc9096.aacp","AUDIO","ICECAST","aac+","96","true","true","russian","RU","https://dfm.ru/","COMMUNITY","DFM, free dance music stream","90s eurodance channel.","high","52"
"Radio","Electronic","EuroDance 90 radio","https://stream-eurodance90.fr/radio/8000/128.mp3?1627933323","AUDIO","ICECAST","mp3","128","true","true","french","FR","https://eurodance90.fr/","COMMUNITY","radio-browser community DB, publicly listed free stream","90s eurodance.","high","53"
"Radio","Electronic","FIP Electro","https://icecast.radiofrance.fr/fipelectro-hifi.aac","AUDIO","ICECAST","aac","192","true","true","french","FR","https://www.fip.fr/electro/webradio","PUBLIC_BROADCASTER","Radio France public-service broadcaster thematic webradio, freely published","FIP Electro - Radio France public broadcaster, 192k AAC HiFi.","high","54"
"Radio","Electronic","FM4 | ORF | HQ","https://orf-live.ors-shoutcast.at/fm4-q2a","AUDIO","ICECAST","mp3","192","true","true","english,german","AT","https://fm4.orf.at/","PUBLIC_BROADCASTER","Austrian public broadcaster ORF FM4, open simulcast stream","Alternative/electronic public-service station; highest-quality FM4 feed.","high","55"
"Radio","Electronic","Frisky","http://stream2.friskyradio.com/frisky_mp3_hi","AUDIO","ICECAST","mp3","96","true","false","english","US","https://www.friskyradio.com/","COMMUNITY","radio-browser community DB, publicly listed free stream","Long-running electronic/DJ station; http only.","high",""
"Radio","Electronic","Ibiza Global Radio","http://ibizaglobalradio.streaming-pro.com:8024/","AUDIO","ICECAST","mp3","0","true","false","spanish","ES","http://www.ibizaglobalradio.com/","COMMUNITY","radio-browser community DB, publicly listed free stream","Ibiza house/electronic; http only, bitrate unreported.","high","56"
"Radio","Electronic","Intense Radio - We Love Dance 256k","http://intenseradio.live-streams.nl:8000/main","AUDIO","ICECAST","mp3","320","true","false","dutch,english","NL","https://www.intenseradio.net/","COMMUNITY","radio-browser community DB, publicly listed free stream","Dance; used url_resolved (http) since the https TLS port often fails. 320k.","high","57"
"Radio","Electronic","Kiss FM (Ukraine)","http://online.kissfm.ua/KissFM","AUDIO","ICECAST","mp3","128","true","false","ukrainian","UA","https://www.kissfm.ua/","COMMUNITY","Kiss FM Ukraine, free web radio stream","Popular dance/electronic station.","high","58"
"Radio","Electronic","Los 40 Dance","http://playerservices.streamtheworld.com/api/livestream-redirect/LOS40_DANCE_SC","AUDIO","ICECAST","mp3","128","true","false","spanish","ES","https://los40.com/","COMMUNITY","radio-browser community DB, publicly listed free stream","StreamTheWorld redirect to the underlying SHOUTcast/Icecast feed; http only.","high","59"
"Radio","Electronic","Music Radio","https://radio.musicradio.ai/listen/musicradio.ai/radio.mp3","AUDIO","ICECAST","mp3","0","true","true","","FR","https://musicradio.ai/","COMMUNITY","radio-browser community DB, publicly listed free stream","Bitrate unreported in DB.","medium",""
"Radio","Electronic","Pure Ibiza Radio","https://pureibizaradio.clubbingradios.com:9518/PureIbizaRadio","AUDIO","ICECAST","mp3","256","true","true","english,spanish","ES","https://www.pureibizaradio.com/","COMMUNITY","radio-browser community DB, publicly listed free stream","Ibiza house, 256k.","high","60"
"Radio","Electronic","Radio Ibiza","http://wma08.fluidstream.net:5010/;stream.aac","AUDIO","ICECAST","aac","128","true","false","italian","IT","http://www.radioibiza.it/","COMMUNITY","radio-browser community DB, publicly listed free stream","DB lists codec MP3 but endpoint serves .aac; http only.","medium","61"
"Radio","Electronic","Radio M2O","https://4c4b867c89244861ac216426883d1ad0.msvdn.net/radiom2o/radiom2o/master_ma.m3u8","AUDIO","HLS","m3u8","122","true","true","italian","IT","https://www.m2o.it/","COMMUNITY","radio-browser community DB, publicly listed free stream","Italian dance/electronic broadcaster; AAC+ HLS master playlist.","high","62"
"Radio","Electronic","Radio Meuh","http://radiomeuh.ice.infomaniak.ch/radiomeuh-128.mp3","AUDIO","ICECAST","mp3","128","true","false","french","FR","http://www.radiomeuh.com/","COMMUNITY","radio-browser community DB, publicly listed free stream","Eclectic electronic/groove; Infomaniak Icecast.","high","63"
"Radio","Electronic","Radio Party - Kanal Glowny","https://s2.radioparty.pl:8015/stream?nocache=4171","AUDIO","ICECAST","mp3","128","true","true","polish","PL","https://radioparty.pl/ramowka/glowny","COMMUNITY","radio-browser community DB, publicly listed free stream","Polish club/dance main channel.","high","64"
"Radio","Electronic","Sunshine Live - Techno","http://stream.sunshine-live.de/techno/mp3-192/stream.sunshine-live.de/","AUDIO","ICECAST","mp3","192","true","false","german","DE","http://www.sunshine-live.de/","COMMUNITY","radio-browser community DB, publicly listed free stream","Techno channel of Sunshine Live; clean direct stream chosen over tracked simulcast URL.","high","65"
"Radio","Electronic","Technolovers FM - Melodic House & Techno","https://stream.technolovers.fm/melodic-house-techno?ref=radiobrowser-2","AUDIO","ICECAST","mp3","192","true","true","english,german","DE","https://technolovers.fm/","COMMUNITY","radio-browser community DB, publicly listed free stream","Melodic house & techno.","high",""
"Radio","Electronic","TOP 100 DJ Charts (rautemusik / breakz)","https://breakz-high.rautemusik.fm/?ref=radiobrowser-top100-djcharts","AUDIO","ICECAST","mp3","192","true","true","english,german","DE","https://rm.fm/breakz","COMMUNITY","radio-browser community DB, publicly listed free stream","Representative of the rautemusik/breakz cluster; other near-identical relays dropped to keep diversity.","high","66"
"Radio","Electronic","TranceBase.FM (AAC HD 256k)","http://listen.trancebase.fm/tunein-aac-hd-pls","AUDIO","ICECAST","aac","256","true","false","german","DE","https://www.trancebase.fm/","COMMUNITY","radio-browser community DB, publicly listed free stream","Trance; DB url is a .pls wrapper (could not resolve to inner endpoint via API), player must follow the playlist. http only.","medium","67"
"Radio","General","CBC Radio 1 Toronto","https://cbcradiolive.akamaized.net/hls/live/2041036/ES_R1ETR/master.m3u8","AUDIO","HLS","m3u8","48","true","true","english","CA","https://www.cbc.ca/listen/live-radio","PUBLIC_BROADCASTER","CBC Canadian public-service broadcaster, official Akamai HLS stream; radio-browser community DB, publicly listed free stream","CBC Radio 1 news/talk, HLS (AAC).","high","68"
"Radio","General","FIP","http://icecast.radiofrance.fr/fip-hifi.aac","AUDIO","ICECAST","aac","192","true","false","french","FR","https://www.fip.fr/","PUBLIC_BROADCASTER","Radio France public-service broadcaster, official open Icecast stream; radio-browser community DB, publicly listed free stream","FIP eclectic music public radio.","high","69"
"Radio","General","France Culture","http://icecast.radiofrance.fr/franceculture-hifi.aac","AUDIO","ICECAST","aac","192","true","false","french","FR","https://www.franceculture.fr/","PUBLIC_BROADCASTER","Radio France public-service broadcaster, official open Icecast stream; radio-browser community DB, publicly listed free stream","Culture/talk public radio.","high","70"
"Radio","General","France Info","http://icecast.radiofrance.fr/franceinfo-hifi.aac","AUDIO","ICECAST","aac","192","true","false","french","FR","https://www.radiofrance.fr/franceinfo","PUBLIC_BROADCASTER","Radio France public-service broadcaster, official open Icecast stream; radio-browser community DB, publicly listed free stream","France's public news radio. lastcheckok=1, top clickcount.","high","71"
"Radio","General","France Inter","https://icecast.radiofrance.fr/franceinter-hifi.aac","AUDIO","ICECAST","aac","192","true","true","french","FR","https://www.franceinter.fr/","PUBLIC_BROADCASTER","Radio France public-service broadcaster, official open Icecast stream; radio-browser community DB, publicly listed free stream","France's flagship generalist public radio.","high","72"
"Radio","General","France Musique","http://icecast.radiofrance.fr/francemusique-hifi.aac","AUDIO","ICECAST","aac","192","true","false","french","FR","https://www.francemusique.fr/","PUBLIC_BROADCASTER","Radio France public-service broadcaster, official open Icecast stream; radio-browser community DB, publicly listed free stream","Classical/jazz public radio.","high","73"
"Radio","General","Fritz (RBB)","http://dispatcher.rndfnk.com/rbb/fritz/live/mp3/mid","AUDIO","ICECAST","mp3","128","true","false","german","DE","https://www.fritz.de/","PUBLIC_BROADCASTER","RBB (ARD) German public-service broadcaster, official stream; radio-browser community DB, publicly listed free stream","RBB youth radio; url_resolved dispatcher endpoint.","high","74"
"Radio","General","Inforadio (RBB)","http://dispatcher.rndfnk.com/rbb/inforadio/live/mp3/mid","AUDIO","ICECAST","mp3","128","true","false","german","DE","https://www.inforadio.de/","PUBLIC_BROADCASTER","RBB (ARD) German public-service broadcaster, official stream; radio-browser community DB, publicly listed free stream","RBB news radio; url_resolved dispatcher endpoint.","high","75"
"Radio","General","Polskie Radio Jedynka","http://mp3.polskieradio.pl:8900/;.mp3","AUDIO","ICECAST","mp3","192","true","false","polish","PL","https://jedynka.polskieradio.pl/","PUBLIC_BROADCASTER","Polskie Radio Polish public-service broadcaster, official Icecast stream; radio-browser community DB, publicly listed free stream","Poland's flagship public radio (Program 1).","high","76"
"Radio","General","radioeins (RBB)","http://radioeins.de/stream","AUDIO","ICECAST","mp3","128","true","false","german","DE","https://www.radioeins.de/","PUBLIC_BROADCASTER","RBB (ARD) German public-service broadcaster, official stream; radio-browser community DB, publicly listed free stream","RBB radioeins. Resolved URL is a tokenized rndfnk relay; using stable official redirect entry URL.","medium","77"
"Radio","General","Rai Radio 2","http://icestreaming.rai.it/2.mp3","AUDIO","ICECAST","mp3","256","true","false","italian","IT","https://www.raiplaysound.it/radio2","PUBLIC_BROADCASTER","RAI Italian public-service broadcaster, official Icecast stream; radio-browser community DB, publicly listed free stream","RAI music/entertainment public radio.","high","78"
"Radio","General","SRF 3","http://stream.srg-ssr.ch/m/drs3/mp3_128","AUDIO","ICECAST","mp3","128","true","false","german","CH","https://www.srf.ch/radio-srf-3","PUBLIC_BROADCASTER","SRG SSR Swiss public-service broadcaster, official stream; radio-browser community DB, publicly listed free stream","Swiss public pop/contemporary radio.","high","79"
"Radio","General","SRF 4 News","http://stream.srg-ssr.ch/m/drs4news/mp3_128","AUDIO","ICECAST","mp3","128","true","false","german","CH","https://www.srf.ch/radio-srf-4-news","PUBLIC_BROADCASTER","SRG SSR Swiss public-service broadcaster, official stream; radio-browser community DB, publicly listed free stream","Swiss public news radio. Same host as SRF 3 but distinct SRG public channel - kept for diversity.","high","80"
"Radio","Jazz","# 100 GREATEST JAZZ LOUNGE BAR","https://cast1.torontocast.com:4640/stream","AUDIO","ICECAST","mp3","192","true","true","english","CA","https://100-greatest-network.torontocast.stream/","COMMUNITY","radio-browser community DB, publicly listed free stream","Jazz lounge bar selection; torontocast cast1 host on port 4640 (distinct mount from A Mississippi Blues at 4450).","medium","81"
"Radio","Jazz","1-NRK Jazz","http://cdn0-47115-liveicecast0.dna.contentdelivery.net/jazz_mp3_h","AUDIO","ICECAST","mp3","192","true","false","norwegian","NO","https://radio.nrk.no/direkte/jazz","PUBLIC_BROADCASTER","NRK (Norwegian public broadcaster) jazz channel open MP3; listed in radio-browser community DB","NRK Jazz - Norwegian public broadcaster, 192k.","high","82"
"Radio","Jazz","100% ACID JAZZ","https://mpc1.mediacp.eu:8356/stream","AUDIO","ICECAST","mp3","128","true","true","english","CA","https://radiosuitenetwork.torontocast.stream/100-acid-jazz/","COMMUNITY","radio-browser community DB, publicly listed free stream","Acid jazz channel, mediacp host.","high",""
"Radio","Jazz","101 SMOOTH JAZZ","http://jking.cdnstream1.com/b22139_128mp3","AUDIO","ICECAST","mp3","128","true","false","english","US","http://101smoothjazz.com/","COMMUNITY","radio-browser community DB, publicly listed free stream","Smooth jazz; .m3u resolved to underlying cdnstream1 MP3. Top click-count in tag=jazz.","high","83"
"Radio","Jazz","A MISSISSIPPI BLUES","https://cast1.torontocast.com:4450/;?type=http","AUDIO","ICECAST","mp3","320","true","true","english","CA","https://radiosuitenetwork.torontocast.stream/amississippiblues/","COMMUNITY","radio-browser community DB, publicly listed free stream","Blues/jazz-adjacent, 320k. Dropped volatile nocache query param from URL. Same physical host as Jazz Lounge Bar but different port/mount.","medium",""
"Radio","Jazz","ABC Jazz","https://mediaserviceslive.akamaized.net/hls/live/2038319/abcjazz/index.m3u8","AUDIO","HLS","m3u8","","true","true","english","AU","https://www.abc.net.au/jazz/","PUBLIC_RADIO","ABC public broadcaster official live stream","Australian ABC Jazz audio stream.","high","84"
"Radio","Jazz","Adroit Jazz Underground","https://icecast.walmradio.com:8443/jazz","AUDIO","ICECAST","mp3","320","true","true","english","US","https://walmradio.com/jazz","COMMUNITY","radio-browser community DB, publicly listed free stream","WALM Radio underground/modern jazz, 320k MP3.","high",""
"Radio","Jazz","Adroit Jazz Underground HD Opus","https://icecast.walmradio.com:8443/jazz_opus","AUDIO","PROGRESSIVE","opus","192","true","true","english","US","https://walmradio.com/jazz","COMMUNITY","radio-browser community DB, publicly listed free stream","Opus-in-Ogg HD variant of WALM jazz; codec reported OGG, container Ogg/Opus. Kept for format diversity.","medium",""
"Radio","Jazz","Bossa Jazz Brasil","https://centova5.transmissaodigital.com:20104/live","AUDIO","ICECAST","aac+","64","true","true","brazilian portuguese","BR","https://bossajazzbrasil.com/","COMMUNITY","radio-browser community DB, publicly listed free stream","Bossa nova / Brazilian jazz, AAC+ 64k.","high","85"
"Radio","Jazz","Classic Vinyl HD","https://icecast.walmradio.com:8443/classic","AUDIO","ICECAST","mp3","320","true","true","english","US","https://walmradio.com/classic","COMMUNITY","radio-browser community DB, publicly listed free stream","WALM Radio vintage/classic jazz-era programming, 320k.","high",""
"Radio","Jazz","FIP Jazz","http://icecast.radiofrance.fr/fipjazz-hifi.aac","AUDIO","ICECAST","aac","192","true","false","french","FR","https://www.fip.fr/jazz/webradio","PUBLIC_BROADCASTER","Radio France (public-service broadcaster) open HiFi AAC webradio; also listed in radio-browser community DB","FIP Jazz - Radio France public broadcaster, 192k AAC HiFi.","high","86"
"Radio","Jazz","Instrumental Jazz (Jazz FM RU)","https://jfm1.hostingradio.ru:14536/ijstream.mp3","AUDIO","ICECAST","mp3","128","true","true","russian","RU","https://radiojazzfm.ru/","COMMUNITY","radio-browser community DB, publicly listed free stream","Instrumental jazz channel from Radio Jazz FM (RU).","high","87"
"Radio","Jazz","Jazz Radio","http://jazzradio.ice.infomaniak.ch/jazzradio-high.mp3","AUDIO","ICECAST","mp3","192","true","false","french","FR","http://www.jazzradio.fr/","COMMUNITY","radio-browser community DB, publicly listed free stream","Jazz Radio (FR) main channel, 192k. Distinct infomaniak host from Blues channel.","high","88"
"Radio","Jazz","Jazz Radio Blues","http://jazzblues.ice.infomaniak.ch/jazzblues-high.mp3","AUDIO","ICECAST","mp3","128","true","false","french","FR","http://www.jazzradio.fr/radio/webradio/3/blues","COMMUNITY","radio-browser community DB, publicly listed free stream","Jazz Radio (FR) Blues webradio.","high","89"
"Radio","Jazz","Jazz Radio Classic Jazz","http://jazz-wr01.ice.infomaniak.ch/jazz-wr01-128.mp3","AUDIO","ICECAST","mp3","128","true","false","french","FR","http://www.jazzradio.fr/radio/webradio/7/classic-jazz","COMMUNITY","radio-browser community DB, publicly listed free stream","Classic-jazz webradio, distinct jazz-wr01 host.","high","90"
"Radio","Jazz","Jazz Sakura (Asia DREAM Radio)","http://kathy.torontocast.com:3330/stream/1/?esPlayer&cb=82181.mp3","AUDIO","ICECAST","mp3","128","true","false","japanese","JP","https://asiadreamradio.torontocast.stream/stations/en/index.html","COMMUNITY","radio-browser community DB, publicly listed free stream","Japanese jazz (Jazz Sakura). torontocast host on port 3330.","high","91"
"Radio","Jazz","Jazz24","https://knkx-live-a.edge.audiocdn.com/6285_256k","AUDIO","ICECAST","aac","256","true","true","english","US","https://www.jazz24.org","PUBLIC_RADIO","KNKX public radio service, official direct stream URL","Legendary 24/7 jazz station from Seattle/Tacoma, 256k AAC high quality.","high","92"
"Radio","Jazz","Musica Jazz Radio","http://ice03.fluidstream.net/mjr.aac","AUDIO","ICECAST","aac","128","true","false","italian","IT","https://www.musicajazz.it/","COMMUNITY","radio-browser community DB, publicly listed free stream","Italian jazz (Musica Jazz magazine radio), 128k AAC.","high","93"
"Radio","Jazz","NPO Radio 2 Soul & Jazz","http://icecast.omroep.nl/radio6-bb-mp3","AUDIO","ICECAST","mp3","192","true","false","dutch","NL","http://www.nposoulenjazz.nl/","PUBLIC_BROADCASTER","NPO (Dutch public broadcaster) Soul & Jazz channel open MP3; listed in radio-browser community DB","NPO Soul & Jazz - Dutch public broadcaster, 192k.","high","94"
"Radio","Jazz","RADIO NOVA (Novazz)","https://novazz.ice.infomaniak.ch/novazz-128.mp3","AUDIO","ICECAST","mp3","128","true","true","french","FR","https://www.nova.fr/","COMMUNITY","radio-browser community DB, publicly listed free stream","Radio Nova jazz webradio (novazz). Distinct infomaniak host.","high",""
"Radio","Jazz","Radio Swiss Jazz","http://stream.srg-ssr.ch/m/rsj/mp3_128","AUDIO","ICECAST","mp3","128","true","false","","CH","http://www.radioswissjazz.ch/","PUBLIC_BROADCASTER","SRG SSR (Swiss public broadcaster) open MP3 stream; also listed in radio-browser community DB","Radio Swiss Jazz - SRG SSR public broadcaster.","high","95"
"Radio","Jazz","SMOOTH JAZZ 24/7","http://jking.cdnstream1.com/b75154_128mp3","AUDIO","ICECAST","mp3","128","true","false","english","US","http://www.smoothjazz247.com/","COMMUNITY","radio-browser community DB, publicly listed free stream","Smooth Jazz 24/7; .m3u resolved to cdnstream1 MP3. Shares cdnstream1 host with 101 Smooth Jazz but distinct mount; kept for smooth-jazz coverage.","medium","96"
"Radio","Jazz","SmoothJazz.com.pl 320k MP3","https://bcast.vigormultimedia.com:48888/sjcompl320mp3","AUDIO","ICECAST","mp3","320","true","true","","PL","https://www.smoothjazz.com.pl/","COMMUNITY","radio-browser community DB, publicly listed free stream","Polish smooth jazz, 320k MP3.","high","97"
"Radio","Jazz","SomaFM Secret Agent (128k MP3)","https://ice6.somafm.com/secretagent-128-mp3","AUDIO","ICECAST","mp3","128","true","true","english","US","https://somafm.com/secretagent/","COMMUNITY","SomaFM listener-supported free non-commercial radio; .pls resolved to ice6 MP3 stream","SomaFM Secret Agent - spy-jazz/lounge/exotica. Resolved from .pls.","high","98"
"Radio","Jazz","Vermont Public Jazz Stream","https://vpr.streamguys1.com/vprjazz64.aac","AUDIO","ICECAST","aac","64","true","true","english","US","https://www.vermontpublic.org/vermont-public-jazz-stream","PUBLIC_RADIO","Vermont Public official jazz stream","Official Vermont Public Jazz stream.","high","99"
"Radio","Jazz","WBGO Jazz 88.3 FM","https://ais-sa8.cdnstream1.com/3629_128.mp3","AUDIO","ICECAST","mp3","128","true","true","english","US","https://www.wbgo.org/","PUBLIC_RADIO","WBGO public radio jazz station, freely published web stream","Public radio jazz stream from WBGO.","medium","100"
"Radio","Lo-fi","[laut.fm] lofi","https://stream.laut.fm/lofi","AUDIO","ICECAST","mp3","128","true","true","","DE","https://laut.fm/","COMMUNITY","radio-browser community DB, publicly listed free stream","Dedicated laut.fm lofi channel; non-lofi laut.fm stations on same platform excluded.","high","101"
"Radio","Lo-fi","0R - LO-FI","https://0nlineradio.radioho.st/0r-lo-fi?ref=radio-browser26","AUDIO","ICECAST","mp3","192","true","true","german","DE","https://plus.rm.fm/","COMMUNITY","radio-browser community DB, publicly listed free stream","Name shortened from a very long descriptive title; 192 kbps mp3.","high","102"
"Radio","Lo-fi","BGMVibes","https://radio.sutekihost.com/listen/bgmvibes/radio.mp3","AUDIO","ICECAST","mp3","128","true","true","english","US","https://discord.gg/fdrYr2nQGY","COMMUNITY","radio-browser community DB, publicly listed free stream","Background-music/study lofi channel.","high",""
"Radio","Lo-fi","Box Lofi Radio","https://stream.zeno.fm/tabzverz0fctv","AUDIO","ICECAST","mp3","0","true","true","","GH","https://zeno.fm/radio/box-lofi-radio-utqz/","COMMUNITY","radio-browser community DB, publicly listed free stream","Zeno.fm host kept once for diversity; bitrate unknown in API.","high","103"
"Radio","Lo-fi","FMV FIT Radio Focus","https://radio.webicdp.com/listen/fmvfitradiofocus/radio.mp3","AUDIO","ICECAST","mp3","192","true","true","english","RO","https://fmvfitradio.webicdp.com/","COMMUNITY","radio-browser community DB, publicly listed free stream","Focus/study-oriented; 192 kbps mp3.","high","104"
"Radio","Lo-fi","france info (lofi)","http://direct.franceinfo.fr/live/franceinfo-lofi.mp3","AUDIO","ICECAST","mp3","32","true","false","french","FR","http://direct.franceinfo.fr/","COMMUNITY","radio-browser community DB, publicly listed free stream; France Info is a French public-service broadcaster low-bitrate feed","Public broadcaster low-fi feed; tagged lofi in community DB.","high",""
"Radio","Lo-fi","Hotmix Lo-Fi","https://streaming.hotmixradio.com/hotmix-lofi-en-mp3","AUDIO","ICECAST","mp3","128","true","true","","FR","https://hotmixradio.com/","COMMUNITY","radio-browser community DB, publicly listed free stream","Clean mp3 endpoint kept (provider=radiobrowser query variant dropped as duplicate host).","high","105"
"Radio","Lo-fi","Hunter.FM Lo-Fi","https://live.hunter.fm/lofi_normal","AUDIO","ICECAST","aac","0","true","true","","BR","https://hunter.fm/lofi/","COMMUNITY","radio-browser community DB, publicly listed free stream","Brazilian lofi channel; AAC. Duplicate 'high' variant on same host dropped.","high","106"
"Radio","Lo-fi","I Love Music - I Love Chillhop","https://ilm.stream35.radiohost.de/ilm_ilovechillhop_mp3-192?upd-meta&upd-scheme=https","AUDIO","ICECAST","mp3","192","true","true","german","DE","https://www.ilovemusic.de/ilovechillhop/","COMMUNITY","radio-browser community DB, publicly listed free stream","Resolved from streams.ilovemusic.de redirect; trimmed expiring _art token from url_resolved query.","high","107"
"Radio","Lo-fi","ISEKOI Radio | Chill Zone","https://public.isekoi-radio.com/listen/chill/radio.mp3","AUDIO","ICECAST","mp3","0","true","true","","FR","https://isekoi-radio.com/","COMMUNITY","radio-browser community DB, publicly listed free stream","MP3 endpoint kept; FLAC variant on same host dropped as duplicate.","high","108"
"Radio","Lo-fi","LITT Live - Lofi - Chill & Instrumental Jazz Beats","https://das-sa39.cdnstream1.com/5582_128","AUDIO","ICECAST","mp3","128","true","true","english","US","https://littlive.com/","COMMUNITY","radio-browser community DB, publicly listed free stream","Lofi/instrumental jazz beats; study-oriented.","high","109"
"Radio","Lo-fi","lofi (101.ru)","https://pub0202.101.ru:8443/stream/pro/aac/64/358","AUDIO","ICECAST","aac+","64","true","true","russian","RU","https://pub0202.101.ru/","COMMUNITY","radio-browser community DB, publicly listed free stream","101.ru lofi channel; AAC+ 64 kbps. Trailing empty query stripped.","high",""
"Radio","Lo-fi","Lofi 24/7","http://usa9.fastcast4u.com/proxy/jamz?mp=/1","AUDIO","ICECAST","mp3","128","true","false","","US","https://lofi247.com/","COMMUNITY","radio-browser community DB, publicly listed free stream","Most-clicked lofi station in the feed (clickcount 40).","high",""
"Radio","Lo-fi","LoFi Afrobeats Radio","https://stream.zeno.fm/34vsiqt1kaktv","AUDIO","ICECAST","mp3","0","true","true","","US","https://zeno.fm/radio/lofi-afrobeats/","COMMUNITY","radio-browser community DB, publicly listed free stream","Genre diversity (lofi afrobeats).","high","110"
"Radio","Lo-fi","Lofi hiphop - chillsky","https://chill.radioca.st/stream","AUDIO","ICECAST","mp3","128","true","true","","GB","https://chillsky.com/","COMMUNITY","radio-browser community DB, publicly listed free stream","Popular Chillsky lofi-hiphop channel.","high","111"
"Radio","Lo-fi","Low Key - Infinite Mixtapes | NTS","https://stream-mixtape-geo.ntslive.net/mixtape2","AUDIO","ICECAST","mp3","0","true","true","","GB","https://www.nts.live/infinite-mixtapes","COMMUNITY","radio-browser community DB, publicly listed free, ad-free NTS infinite mixtape stream","NTS Low Key infinite mixtape; curated lofi/downtempo, well-known and stable.","high","112"
"Radio","Lo-fi","MoE Lofi","http://stream.zeno.fm/3u1qndyk8rhvv","AUDIO","ICECAST","mp3","0","true","false","english","GB","https://zeno.fm/radio/moe-lofi/","COMMUNITY","radio-browser community DB, publicly listed free stream","Second Zeno.fm channel retained for distinct station identity.","high","113"
"Radio","Lo-fi","MUGEN Radio","https://mugenradio.com/hls/live.m3u8","AUDIO","HLS","m3u8","0","true","true","english","XX","https://mugenradio.com/","COMMUNITY","radio-browser community DB, publicly listed free stream","HLS audio stream; codec reported UNKNOWN by API so protocol set to HLS by url extension. Duplicate host entry collapsed to one.","medium",""
"Radio","Lo-fi","NIA Radio Lo-Fi","https://radio.nia.nc/radio/8020/lofi-hq-stream.aac","AUDIO","ICECAST","aac","128","true","true","french","NC","https://nia.nc/","COMMUNITY","radio-browser community DB, publicly listed free stream","New Caledonia; HQ AAC stream, geographic diversity.","high","114"
"Radio","Lo-fi","Nightwave Plaza","https://radio.plaza.one/ogg","AUDIO","PROGRESSIVE","ogg","128","true","true","english","RU","https://plaza.one/","COMMUNITY","radio-browser community DB, publicly listed free stream","Well-known vaporwave/chill station; OGG flagship kept, opus/mp3 relays on same host dropped. Codec ogg so protocol PROGRESSIVE.","high","115"
"Radio","Lo-fi","Radio Digital Malayali","https://radio.digitalmalayali.in/listen/stream/radio.mp3","AUDIO","ICECAST","mp3","128","true","true","malayalam","IN","https://radio.digitalmalayali.in/","COMMUNITY","radio-browser community DB, publicly listed free stream","Regional/language diversity (Malayalam).","high",""
"Radio","Lo-fi","REYFM - #lofi","https://listen.reyfm.de/lofi_320kbps.mp3","AUDIO","ICECAST","mp3","320","true","true","","DE","http://reyfm.de/","COMMUNITY","radio-browser community DB, publicly listed free stream","Kept the 320 kbps variant; 128/64 kbps relays on same host dropped as near-identical.","high",""
"Radio","Metal","FIP Metal","https://icecast.radiofrance.fr/fipmetal-hifi.aac","AUDIO","ICECAST","aac","192","true","true","french","FR","https://www.fip.fr/metal/webradio","PUBLIC_BROADCASTER","Radio France public-service broadcaster thematic webradio, freely published","FIP Metal - Radio France public broadcaster, 192k AAC HiFi.","high","116"
"Radio","News","ABC NewsRadio","https://mediaserviceslive.akamaized.net/hls/live/2038311/newsradio/index.m3u8","AUDIO","HLS","m3u8","","true","true","english","AU","https://www.abc.net.au/listen/live/news","PUBLIC_RADIO","ABC public broadcaster official live stream","Australian ABC continuous news audio stream.","high","117"
"Radio","News","ABC Radio National","https://mediaserviceslive.akamaized.net/hls/live/2038318/rnnsw/index.m3u8","AUDIO","HLS","m3u8","","true","true","english","AU","https://www.abc.net.au/listen/radionational","PUBLIC_RADIO","ABC public broadcaster official live stream","Australian ABC Radio National HLS stream.","high","118"
"Radio","News","BBC Radio 4 (128k)","http://as-hls-ww-live.akamaized.net/pool_55057080/live/ww/bbc_radio_fourfm/bbc_radio_fourfm.isml/bbc_radio_fourfm-audio%3d128000.norewind.m3u8","AUDIO","HLS","m3u8","128","true","false","english","GB","https://www.bbc.co.uk/radio4","COMMUNITY","radio-browser community DB, publicly listed free stream; BBC public broadcaster","BBC speech/news/drama flagship. HLS via Akamai; protocol set to HLS (codec reported UNKNOWN, .m3u8 endpoint).","high","119"
"Radio","News","BBC Radio 5 Live (128k)","http://as-hls-ww-live.akamaized.net/pool_89021708/live/ww/bbc_radio_five_live/bbc_radio_five_live.isml/bbc_radio_five_live-audio%3d128000.norewind.m3u8","AUDIO","HLS","m3u8","128","true","false","english","GB","https://www.bbc.co.uk/5live","COMMUNITY","radio-browser community DB, publicly listed free stream; BBC public broadcaster","BBC live news/sport talk. HLS via Akamai; codec UNKNOWN so protocol set to HLS.","high","120"
"Radio","News","BBC World Service","http://stream.live.vc.bbcmedia.co.uk/bbc_world_service","AUDIO","ICECAST","mp3","56","true","false","english","GB","https://www.bbc.co.uk/programmes/w172xzjgf6lxp7y","COMMUNITY","radio-browser community DB, publicly listed free stream","Most-clicked news/talk station; BBC public broadcaster world service.","high","121"
"Radio","News","BR24","https://dispatcher.rndfnk.com/br/br24/live/mp3/mid","AUDIO","ICECAST","mp3","128","true","true","german","DE","https://www.br.de/radio/br24/index.html","COMMUNITY","radio-browser community DB, publicly listed free stream; Bayerischer Rundfunk public broadcaster","Bavarian public rolling-news radio.","high","122"
"Radio","News","Cadena SER","http://playerservices.streamtheworld.com/api/livestream-redirect/CADENASER.mp3","AUDIO","ICECAST","mp3","128","true","false","spanish","ES","http://play.cadenaser.com/","COMMUNITY","radio-browser community DB, publicly listed free stream","Spanish national news/talk network.","high","123"
"Radio","News","Deutschlandfunk (DLF) MP3 128k","https://st01.sslstream.dlf.de/dlf/01/128/mp3/stream.mp3?aggregator=web","AUDIO","ICECAST","mp3","128","true","true","german","DE","https://www.deutschlandfunk.de/","COMMUNITY","radio-browser community DB, publicly listed free stream; German public-service info radio","German public-service news/culture. Kept the 128k MP3 relay; dropped its AAC/OPUS duplicates from same host.","high","124"
"Radio","News","Europe 1","https://stream.europe1.fr/europe1.aac","AUDIO","ICECAST","aac","128","true","true","french","FR","https://www.europe1.fr/","COMMUNITY","radio-browser community DB, publicly listed free stream","French generalist news/talk network.","high","125"
"Radio","News","Fox News Radio","https://live.amperwave.net/direct/foxnewsradio-foxnewsradioaac-imc?source=fnr.web","AUDIO","ICECAST","aac+","64","true","true","english","US","https://radio.foxnews.com/","COMMUNITY","radio-browser community DB, publicly listed free stream","US news radio free public stream.","high","126"
"Radio","News","France Info","https://stream.radiofrance.fr/franceinfo/franceinfo_hifi.m3u8","AUDIO","HLS","m3u8","","true","true","french","FR","https://www.radiofrance.fr/franceinfo","COMMUNITY","radio-browser community DB, publicly listed free stream; Radio France public broadcaster","French public rolling-news radio. HLS endpoint; codec UNKNOWN in DB so protocol set to HLS.","high","127"
"Radio","News","Iran International","https://radio.iraninternational.app/iintl_c","AUDIO","ICECAST","mp3","","true","true","persian","IR","https://iranintl.com/","COMMUNITY","radio-browser community DB, publicly listed free stream","Persian-language news radio; added for language/region diversity. Bitrate not reported.","medium","128"
"Radio","News","KQED Radio","https://hls.kqed.org/hls/kqed_app/playlist.m3u8","AUDIO","HLS","m3u8","","true","true","english","US","https://kqed-helpcenter.kqed.org/s/article/What-radio-streaming-URLs-does-KQED-have-available","PUBLIC_RADIO","KQED public radio official stream URL","KQED app HLS playlist from station help/article listings.","medium","129"
"Radio","News","LBC UK","http://media-ice.musicradio.com/LBCUK","AUDIO","ICECAST","aac","48","true","false","english","GB","https://www.lbc.co.uk/","COMMUNITY","radio-browser community DB, publicly listed free stream","UK national news/talk phone-in.","high","130"
"Radio","News","Maine Public","https://playerservices.streamtheworld.com/api/livestream-redirect/WMEAFM.mp3","AUDIO","ICECAST","mp3","128","true","true","english","US","https://www.mainepublic.org/listen-live","PUBLIC_RADIO","Maine Public official direct stream URL published on its listen-live page","Main Maine Public stream.","high","131"
"Radio","News","NPO Radio 1","http://icecast.omroep.nl/radio1-bb-mp3","AUDIO","ICECAST","mp3","192","true","false","dutch","NL","http://www.radio1.nl/","COMMUNITY","radio-browser community DB, publicly listed free stream; Dutch public broadcaster","Dutch public news/sport channel. Kept 192k MP3; dropped the 32k AAC duplicate from same host.","high","132"
"Radio","News","NPR 24 Hour Program Stream","http://npr-ice.streamguys1.com/live.mp3","AUDIO","ICECAST","mp3","96","true","false","english","US","https://www.npr.org/2016/04/05/472557877/npr-program-stream","COMMUNITY","radio-browser community DB, publicly listed free stream; US public radio","US public radio 24h news/talk program stream.","high","133"
"Radio","News","Radio 24 - Il Sole 24 Ore","http://shoutcast2.radio24.it:8000/;","AUDIO","ICECAST","mp3","64","true","false","italian","IT","https://www.radio24.ilsole24ore.com/","COMMUNITY","radio-browser community DB, publicly listed free stream","Italian news/talk (business-focused).","high","134"
"Radio","News","Rai Radio 1","http://icestreaming.rai.it/1.mp3","AUDIO","ICECAST","mp3","256","true","false","italian","IT","http://www.radio1.rai.it/","COMMUNITY","radio-browser community DB, publicly listed free stream; Italian public broadcaster","Italian public news/sport channel. Deduplicated two identical-host entries to one.","high",""
"Radio","News","RFI Afrique","http://live02.rfi.fr/rfiafrique-64.mp3","AUDIO","ICECAST","mp3","64","true","false","french","FR","http://www.rfi.fr/","COMMUNITY","radio-browser community DB, publicly listed free stream; French international public broadcaster","RFI Africa service. Same outlet/host as RFI Monde but distinct programming (Africa edition); dropped the third RFI Chinese relay.","high","135"
"Radio","News","RFI Monde","http://live02.rfi.fr/rfimonde-64.mp3","AUDIO","ICECAST","mp3","64","true","false","french","FR","http://www.rfi.fr/","COMMUNITY","radio-browser community DB, publicly listed free stream; French international public broadcaster","Radio France Internationale world service.","high","136"
"Radio","News","RMC Info Talk Sport","https://audio.bfmtv.com/rmcradio_128.mp3?aw_0_1st.playerId=RMC_audio_web&aggregator=RMC_audio_web","AUDIO","ICECAST","mp3","128","true","true","french","FR","https://rmc.bfmtv.com/","COMMUNITY","radio-browser community DB, publicly listed free stream","French info/talk/sport. Picked the direct MP3 endpoint over the HLS relay of the same outlet for codec clarity.","high","137"
"Radio","News","RNZ National","http://radionz-ice.streamguys.com/national.mp3","AUDIO","ICECAST","mp3","128","true","false","english","NZ","https://www.rnz.co.nz/national","PUBLIC_RADIO","RNZ public-service radio, official live stream","Radio New Zealand National current affairs/news stream.","high","138"
"Radio","News","RTE Radio 1","http://icecast.rte.ie/radio1","AUDIO","ICECAST","mp3","160","true","false","english","IE","https://www.rte.ie/radio/radio1/","COMMUNITY","radio-browser community DB, publicly listed free stream; Irish public broadcaster","Irish public-service news/talk channel.","high","139"
"Radio","News","Sud Radio","https://ice.creacast.com/sudradio","AUDIO","ICECAST","mp3","128","true","true","french","FR","https://www.sudradio.fr/","COMMUNITY","radio-browser community DB, publicly listed free stream","French talk/info radio.","high","140"
"Radio","News","Times Radio","https://timesradio.wireless.radio/stream","AUDIO","ICECAST","aac","128","true","true","english","GB","https://www.thetimes.co.uk/radio","COMMUNITY","radio-browser community DB, publicly listed free stream","UK news/talk station.","high","141"
"Radio","News","Vermont Public","https://vpr.streamguys1.com/vpr96.mp3","AUDIO","ICECAST","mp3","96","true","true","english","US","https://www.vermontpublic.org/online-radio-streams","PUBLIC_RADIO","Vermont Public official direct stream URL published on its online radio streams page","Main Vermont Public news/public affairs stream.","high","142"
"Radio","News","Vesti FM","http://icecast.vgtrk.cdnvideo.ru/vestifm_mp3_192kbps","AUDIO","ICECAST","mp3","192","true","false","russian","RU","http://radiovesti.ru/","COMMUNITY","radio-browser community DB, publicly listed free stream","Russian-language all-news radio; added for language diversity.","medium","143"
"Radio","News","WDR 5","http://wdr-wdr5-live.icecast.wdr.de/wdr/wdr5/live/mp3/128/stream.mp3","AUDIO","ICECAST","mp3","128","true","false","german","DE","https://www1.wdr.de/radio/wdr5/","COMMUNITY","radio-browser community DB, publicly listed free stream; German public broadcaster","WDR public-service info/talk. Chose WDR5 over WDR2 (music-leaning) for the news rubric.","high","144"
"Radio","News","Громадське Радіо","http://91.218.212.67:8000/stream","AUDIO","ICECAST","mp3","192","true","false","ukrainian","UA","https://hromadskeradio.org/","COMMUNITY","Hromadske Radio, non-profit talk radio stream","Ukrainian independent talk radio.","high","145"
"Radio","News","Єдині Новини (Radio News)","https://online-news.radioplayer.ua/RadioNews","AUDIO","ICECAST","mp3","64","true","true","ukrainian","UA","https://radioplayer.ua/","PUBLIC_BROADCASTER","Radioplayer UA, official national news stream","UA United News radio stream.","high","146"
"Radio","News","Радіо NV","https://online-radio.nv.ua/radionv.mp3","AUDIO","ICECAST","mp3","128","true","true","ukrainian","UA","https://radio.nv.ua/","COMMUNITY","Radio NV, public news and talk radio stream","Ukrainian talk/news radio.","high","147"
"Radio","News","Українське Радіо (UR 1)","http://radio.ukr.radio:8000/ur1-mp3","AUDIO","ICECAST","mp3","192","true","false","ukrainian","UA","http://www.nrcu.gov.ua/","PUBLIC_BROADCASTER","Suspilne public broadcaster, free live stream","UA public radio channel 1.","high","148"
"Radio","Oldies","0 N - 70s on Radio","https://0n-70s.radionetz.de/0n-70s.mp3","AUDIO","ICECAST","mp3","128","true","true","german","DE","http://www.0nradio.com/","COMMUNITY","radio-browser community DB, publicly listed free stream","70s-focused channel.","high",""
"Radio","Oldies","1000 HITS 80s","http://c2.auracast.net:8048/stream","AUDIO","ICECAST","mp3","128","true","false","english","ES","http://www.1000hits80s.eu/","COMMUNITY","radio-browser community DB, publicly listed free stream","80s hits; http stream acceptable for public radio.","high","149"
"Radio","Oldies","192 Radio Veronica","http://server-14.stream-server.nl:8030/","AUDIO","ICECAST","mp3","192","true","false","dutch","NL","https://www.192radio.nl/192radio/","COMMUNITY","radio-browser community DB, publicly listed free stream","Dutch 60s/70s pirate-era oldies, 192kbps.","high","150"
"Radio","Oldies","50s 60s RETRO HITS","https://stream.zeno.fm/pxzwykxbluitv","AUDIO","ICECAST","mp3","","true","true","english","IT","https://zeno.fm/radio/50s-60s-retro-hits/","COMMUNITY","radio-browser community DB, publicly listed free stream","50s/60s retro; bitrate unreported by API.","high","151"
"Radio","Oldies","Antenne Bayern - Oldies but Goldies","http://mp3channels.webradio.antenne.de/oldies-but-goldies","AUDIO","ICECAST","mp3","128","true","false","german","DE","http://www.antenne.de/programm/empfang/antenne-bayern-hoeren-internet","COMMUNITY","radio-browser community DB, publicly listed free stream","Classic 'Oldies but Goldies' channel.","high","152"
"Radio","Oldies","Bayern 1 Oberbayern","https://dispatcher.rndfnk.com/br/br1/obb/mp3/mid","AUDIO","ICECAST","mp3","128","true","true","german","DE","https://www.br.de/radio/bayern1/index.html","COMMUNITY","radio-browser community DB, publicly listed free stream; German public broadcaster (BR)","Kept one Bayern 1 region; dropped Franken/Schwaben same-host relays.","high","153"
"Radio","Oldies","FM 80 FUNKY MUSIC","https://listen.radioking.com/radio/467555/stream/523739","AUDIO","ICECAST","mp3","192","true","true","french","FR","https://www.fm80.fr/","COMMUNITY","radio-browser community DB, publicly listed free stream","80s funk; deduped against identical 'FM 80' radioking stream.","high","154"
"Radio","Oldies","FUNKY RADIO - Only Funk Music (60's 70's)","https://funkyradio.streamingmedia.it/play.mp3","AUDIO","ICECAST","mp3","320","true","true","english,italian","US","https://funky.radio/","COMMUNITY","radio-browser community DB, publicly listed free stream","60s/70s funk, 320kbps.","high","155"
"Radio","Oldies","Gold","https://media-ssl.musicradio.com/GoldMP3","AUDIO","ICECAST","mp3","128","true","true","english","GB","https://www.mygoldmusic.co.uk/","COMMUNITY","radio-browser community DB, publicly listed free stream","UK classic-hits station; dropped duplicate musicradio Gold relay.","high","156"
"Radio","Oldies","Heart","http://media-the.musicradio.com/HeartNorthLancsCumbria","AUDIO","ICECAST","aac","48","true","false","english","GB","http://www.heart.co.uk/northlancs/","COMMUNITY","radio-browser community DB, publicly listed free stream","UK adult-contemporary/classic hits; distinct subhost from Gold.","high","157"
"Radio","Oldies","JOE","https://icecast-qmusicbe-cdp.triple-it.nl/joe.mp3","AUDIO","ICECAST","mp3","128","true","true","dutch","BE","https://joe.be/","COMMUNITY","radio-browser community DB, publicly listed free stream","Belgian feel-good oldies/hits.","high","158"
"Radio","Oldies","Nostalgie Vlaanderen","https://playerservices.streamtheworld.com/api/livestream-redirect/NOSTALGIEWHATAFEELING.mp3?dist=radiobrowser","AUDIO","ICECAST","mp3","192","true","true","dutch","BE","https://nl.nostalgie.be/","COMMUNITY","radio-browser community DB, publicly listed free stream","Belgian nostalgia hits, 192kbps.","high","159"
"Radio","Oldies","OLDIE ANTENNE","https://s1-webradio.oldie-antenne.de/oldie-antenne?aw_0_1st.playerid=OldieAntenneWebPlayer","AUDIO","ICECAST","mp3","128","true","true","german","DE","https://www.oldie-antenne.de/","COMMUNITY","radio-browser community DB, publicly listed free stream","German oldies station.","high","160"
"Radio","Oldies","Radio Energy Classic (Italy)","https://gmusto3.radioca.st/stream","AUDIO","ICECAST","mp3","224","true","true","italian","IT","https://www.radioenergy.to/","COMMUNITY","radio-browser community DB, publicly listed free stream","Italian classics, 224kbps.","high",""
"Radio","Oldies","Radio Felicidad 1180 AM (XEFR-AM, Grupo ACIR)","https://playerservices.streamtheworld.com/api/livestream-redirect/XEFRAMAAC.aac","AUDIO","ICECAST","aac+","48","true","true","spanish","MX","https://www.iheart.com/live/radio-felicidad-1180-6534/","COMMUNITY","radio-browser community DB, publicly listed free stream","Mexican Spanish-language oldies; one streamtheworld pick for diversity.","high","161"
"Radio","Oldies","Radio Nova Vintage","http://nova-vnt.ice.infomaniak.ch/nova-vnt-128.mp3","AUDIO","ICECAST","mp3","128","true","false","french","FR","http://nova.fr/","COMMUNITY","radio-browser community DB, publicly listed free stream","French vintage/eclectic oldies.","high","162"
"Radio","Oldies","Radio Vlna","http://stream.radiovlna.sk/vlna-hi.mp3","AUDIO","ICECAST","mp3","128","true","false","slovak","SK","http://radiovlna.sk/","COMMUNITY","radio-browser community DB, publicly listed free stream","Slovak classics; adds country diversity.","high","163"
"Radio","Oldies","Radiostorm - Oldies 104","http://streaming.live365.com/b09584_64aac","AUDIO","ICECAST","aac+","128","true","false","english","US","http://www.radiostorm.com/","COMMUNITY","radio-browser community DB, publicly listed free stream","Resolved from .pls playlist to underlying live365 stream (url_resolved).","high","164"
"Radio","Oldies","Skyrock Klassics","https://icecast.skyrock.net/s/klassiks_aac_64k?tvr_name=radiofr&tvr_section1=64aac","AUDIO","ICECAST","aac","128","true","true","french","FR","https://skyrock.fm/","COMMUNITY","radio-browser community DB, publicly listed free stream","French rap/hip-hop classics; AAC.","high","165"
"Radio","Oldies","WDR4","https://wdr-wdr4-live.icecastssl.wdr.de/wdr/wdr4/live/mp3/128/stream.mp3","AUDIO","ICECAST","mp3","128","true","true","german","DE","https://www1.wdr.de/index.html","COMMUNITY","radio-browser community DB, publicly listed free stream; also a German public-broadcaster (WDR) open stream","Public broadcaster oldies/schlager channel.","high","166"
"Radio","Oldies","Zlote Przeboje Poznan","http://radiostream.pl/tuba8926-1.mp3","AUDIO","ICECAST","mp3","128","true","false","polish","PL","http://zloteprzeboje.tuba.pl/","COMMUNITY","radio-browser community DB, publicly listed free stream","Polish golden-hits ('Golden Hits') station; adds country diversity.","high",""
"Radio","Oldies","Ретро FM","http://retroserver.streamr.ru:8043/retro256.mp3","AUDIO","ICECAST","mp3","256","true","false","russian","RU","http://retrofm.ru/","COMMUNITY","Retro FM, free retro hits stream","70s-90s retro music.","high","167"
"Radio","Pop","102.7 KIIS FM","https://stream.revma.ihrhls.com/zc185","AUDIO","ICECAST","aac","","true","true","english","US","https://kiisfm.iheart.com/","COMMUNITY","radio-browser community DB, publicly listed free stream","iHeart public listen URL; bitrate not reported by API.","high","168"
"Radio","Pop","80s80s Radio","http://streams.80s80s.de/web/mp3-192/play.m3u","AUDIO","ICECAST","mp3","192","true","false","german","DE","https://www.80s80s.de/streams/80s80s","COMMUNITY","radio-browser community DB, publicly listed free stream","url_resolved carried per-session tokens; used the stable .m3u entry point at 192kbps mp3.","medium","169"
"Radio","Pop","Bayern 3","https://dispatcher.rndfnk.com/br/br3/live/mp3/mid","AUDIO","ICECAST","mp3","128","true","true","german","DE","https://www.bayern3.de/","COMMUNITY","radio-browser community DB, publicly listed free stream","Public broadcaster BR webradio.","high","170"
"Radio","Pop","BBC Radio 1 - The biggest new pop","http://a.files.bbci.co.uk/ms6/live/3441A116-B12E-4D2F-ACA8-C1984642FA4B/audio/simulcast/hls/nonuk/pc_hd_abr_v2/cf/bbc_radio_one.m3u8","AUDIO","HLS","m3u8","101","true","false","english","GB","https://www.bbc.co.uk/sounds/play/live/bbc_radio_one","PUBLIC_BROADCASTER","BBC public-service non-UK simulcast HLS, openly published; also listed in radio-browser community DB","codec AAC+ over HLS (nonuk pool); mapped protocol HLS. BBC public broadcaster flagship pop station.","high","171"
"Radio","Pop","CAPITAL - The UK's No.1 Hit Music Station","https://media-ssl.musicradio.com/CapitalUK","AUDIO","ICECAST","aac","48","true","true","english","GB","https://www.capitalfm.com/","COMMUNITY","radio-browser community DB, publicly listed free stream","musicradio.com host shared with Heart variants; kept Capital + Heart 80s for brand diversity, dropped Heart 90s/Dance relays.","high","172"
"Radio","Pop","Europa Plus","http://ep256.hostingradio.ru:8052/europaplus256.mp3","AUDIO","ICECAST","mp3","128","true","false","russian","RU","http://www.europaplus.ru/","COMMUNITY","radio-browser community DB, publicly listed free stream","Leading Russian CHR/hits network.","high","173"
"Radio","Pop","Europe 2","http://europe2.lmn.fm/europe2.mp3","AUDIO","ICECAST","mp3","128","true","false","french","FR","https://www.europe2.fr/","COMMUNITY","radio-browser community DB, publicly listed free stream","French hits network.","high","174"
"Radio","Pop","FIP Pop","https://icecast.radiofrance.fr/fippop-hifi.aac","AUDIO","ICECAST","aac","192","true","true","french","FR","https://www.fip.fr/pop/webradio","PUBLIC_BROADCASTER","Radio France public-service broadcaster thematic webradio, freely published","FIP Pop - Radio France public broadcaster, 192k AAC HiFi.","high","175"
"Radio","Pop","Heart 80s","https://media-ssl.musicradio.com/Heart80sMP3","AUDIO","ICECAST","mp3","128","true","true","english","GB","https://www.heart.co.uk/80s","COMMUNITY","radio-browser community DB, publicly listed free stream","One representative Heart sub-brand kept; Heart 90s and Heart Dance dropped to avoid near-identical relays on the same host.","high","176"
"Radio","Pop","Hit FM (Ukraine)","http://195.95.206.17/HitFM","AUDIO","ICECAST","mp3","128","true","false","russian,ukrainian","UA","http://www.hitfm.ua/","COMMUNITY","radio-browser community DB, publicly listed free stream","Ukrainian hits station; raw-IP Icecast mount.","medium","177"
"Radio","Pop","Jacaranda FM","https://edge.iono.fm/xice/jacarandafm_live_medium.aac","AUDIO","ICECAST","aac","48","true","true","english","ZA","https://www.jacarandafm.com/","COMMUNITY","radio-browser community DB, publicly listed free stream","South African AC/pop; codec AAC+. Adds African regional diversity.","high","178"
"Radio","Pop","LOS 40 Principales Espana","https://playerservices.streamtheworld.com/api/livestream-redirect/Los40.mp3","AUDIO","ICECAST","mp3","128","true","true","spanish","ES","https://los40.com/","COMMUNITY","radio-browser community DB, publicly listed free stream","Leading Spanish hits station (clickcount 240). Three LOS40 sub-brands present; kept the flagship plus Classic for diversity.","high","179"
"Radio","Pop","Los 40 Urban","https://playerservices.streamtheworld.com/api/livestream-redirect/LOS40_URBAN.mp3","AUDIO","ICECAST","mp3","128","true","true","spanish","ES","https://los40.com/seccion/los40urban/","COMMUNITY","radio-browser community DB, publicly listed free stream","Urban-pop sub-brand; shares streamtheworld CDN with flagship LOS40 but distinct mount/genre.","high","180"
"Radio","Pop","LOS40 Classic","https://playerservices.streamtheworld.com/api/livestream-redirect/LOS40_CLASSIC.mp3","AUDIO","ICECAST","mp3","128","true","true","spanish","ES","https://play.los40.com/emisora/los40_classic/","COMMUNITY","radio-browser community DB, publicly listed free stream","Classic-hits sub-brand; distinct mount from flagship LOS40.","high","181"
"Radio","Pop","MNM","http://icecast.vrtcdn.be/mnm-high.mp3","AUDIO","ICECAST","mp3","","true","false","dutch","BE","https://www.mnm.be/","COMMUNITY","radio-browser community DB, publicly listed free stream","Belgian public broadcaster VRT youth/hits channel; bitrate not reported.","high",""
"Radio","Pop","ORF Hitradio O3 HQ","https://orf-live.ors-shoutcast.at/oe3-q2a","AUDIO","ICECAST","mp3","192","true","true","german","AT","http://oe3.orf.at/","COMMUNITY","radio-browser community DB, publicly listed free stream","Austrian public broadcaster ORF flagship hits channel at 192kbps.","high","182"
"Radio","Pop","Power POP","https://listen.powerapp.com.tr/powerpop/128/chunks.m3u8","AUDIO","HLS","m3u8","128","true","true","turkish","TR","https://www.powerapp.com.tr/powerpop/","COMMUNITY","radio-browser community DB, publicly listed free stream","codec UNKNOWN per API but URL is an HLS chunklist; mapped protocol HLS. Adds Turkish pop diversity.","high","183"
"Radio","Pop","Radio 105 Network","http://icecast.unitedradio.it/Radio105.mp3","AUDIO","ICECAST","mp3","128","true","false","italian","IT","http://www.105.net/","COMMUNITY","radio-browser community DB, publicly listed free stream","Shares icecast.unitedradio.it host with Virgin Radio Italia (different mounts); kept Radio 105, dropped Virgin to limit per-host relays.","high","184"
"Radio","Pop","Radio Deejay","https://4c4b867c89244861ac216426883d1ad0.msvdn.net/radiodeejay/radiodeejay/master_ma.m3u8","AUDIO","HLS","m3u8","122","true","true","italian","IT","https://www.deejay.it/","COMMUNITY","radio-browser community DB, publicly listed free stream","codec AAC+ delivered over HLS playlist; mapped protocol HLS, format m3u8.","high","185"
"Radio","Pop","Radio Italia Solo Musica Italiana","https://radioitaliasmi.akamaized.net/hls/live/2093120/RISMI/stream01/streamPlaylist.m3u8","AUDIO","HLS","m3u8","","true","true","italian","IT","https://www.radioitalia.it/","COMMUNITY","radio-browser community DB, publicly listed free stream","codec UNKNOWN per API but URL is an HLS playlist; mapped protocol HLS, format m3u8.","high","186"
"Radio","Pop","Radio Nova","http://novazz.ice.infomaniak.ch/novazz-128.mp3","AUDIO","ICECAST","mp3","128","true","false","french","FR","http://www.nova.fr/radionova/radio-nova","COMMUNITY","radio-browser community DB, publicly listed free stream","Infomaniak-hosted Icecast mp3.","high",""
"Radio","Pop","Radio Swiss Pop","http://stream.srg-ssr.ch/m/rsp/mp3_128","AUDIO","ICECAST","mp3","128","true","false","english,german,french,italian","CH","http://www.radioswisspop.ch/","PUBLIC_BROADCASTER","SRG SSR Swiss public-service broadcaster, freely published live MP3","Swiss public-service pop/rock music channel.","high","187"
"Radio","Pop","RTL2","http://streamer-02.rtl.fr/rtl2-1-44-128","AUDIO","ICECAST","mp3","128","true","false","french","FR","https://www.rtl2.fr/","COMMUNITY","radio-browser community DB, publicly listed free stream","Two RTL2 relays present; kept the higher-clicked one (296) and dropped the duplicate host.","high","188"
"Radio","Pop","Z100 - New York's #1 Hit Music Station WHTZ","https://stream.revma.ihrhls.com/zc1469","AUDIO","ICECAST","aac","","true","true","english","US","https://z100.iheart.com/","COMMUNITY","radio-browser community DB, publicly listed free stream","Shares revma.ihrhls.com CDN with KIIS but distinct station/mount; both major US Top40 brands kept.","high","189"
"Radio","Pop","Люкс FM","http://icecastdc.luxnet.ua/lux_mp3_128","AUDIO","ICECAST","mp3","128","true","false","ukrainian","UA","https://lux.fm/","COMMUNITY","Lux FM, free pop music stream","Popular hits station.","high","190"
"Radio","Pop","Мелодія FM","http://online.melodiafm.ua/MelodiaFM","AUDIO","ICECAST","mp3","128","true","false","ukrainian","UA","https://www.melodiafm.ua/","COMMUNITY","Melodia FM, free pop music stream","Adult contemporary/pop music.","high","191"
"Radio","Pop","Наше Радіо","http://online.nasheradio.ua/NasheRadio","AUDIO","ICECAST","mp3","128","true","false","ukrainian","UA","https://www.nasheradio.ua/","COMMUNITY","Nashe Radio UA, free pop music stream","Ukrainian pop music.","high","192"
"Radio","Pop","Радіо Максимум","http://icecastdc.luxnet.ua/maximum_mp3_128","AUDIO","ICECAST","mp3","128","true","false","ukrainian","UA","https://maximum.fm/","COMMUNITY","Radio Maximum UA, free pop music stream","Modern pop and rock hits.","high","193"
"Radio","Pop","Радіо Промінь (UR 2)","http://radio.ukr.radio:8000/ur2-mp3","AUDIO","ICECAST","mp3","192","true","false","ukrainian","UA","http://www.nrcu.gov.ua/","PUBLIC_BROADCASTER","Suspilne public broadcaster, free live stream","UA public radio channel 2.","high","194"
"Radio","Reggae","1.FM - ReggaeTrade Radio","http://strm112.1.fm/reggae_mobile_mp3","AUDIO","ICECAST","mp3","192","true","false","english","CH","http://www.1.fm/","COMMUNITY","radio-browser community DB, publicly listed free stream","1.FM reggae channel. clickcount 8, lastcheckok=1.","high",""
"Radio","Reggae","24-7 Reggae","http://antares.dribbcast.com:4346/stream","AUDIO","ICECAST","mp3","128","true","false","english","GB","https://24-7nicheradio.com/audiogallery/24-7-reggae/","COMMUNITY","radio-browser community DB, publicly listed free stream (resolved from .pls to underlying stream)","Resolved from https://antares.dribbcast.com:2199/tunein/s8200.pls. clickcount 9, lastcheckok=1.","high",""
"Radio","Reggae","Alpha Boys School Radio","http://alphaboys-live.streamguys1.com/alphaboys.mp3","AUDIO","ICECAST","mp3","128","true","false","english","JM","http://www.alphaboysschoolradio.com/","COMMUNITY","radio-browser community DB, publicly listed free stream; Jamaican non-profit (Alpha Institute) heritage station","Jamaican ska/reggae heritage station. clickcount 13, lastcheckok=1.","high","195"
"Radio","Reggae","Bob's Ska Radio","http://51.255.235.165:5528/stream","AUDIO","ICECAST","aac+","128","true","false","english","US","https://www.bobskaradio.com/","COMMUNITY","radio-browser community DB, publicly listed free stream (resolved from .pls to underlying stream)","Ska/reggae. Resolved from https://www.bobskaradio.com/playlist.pls. clickcount 8, lastcheckok=1.","high",""
"Radio","Reggae","Cuban Flow Radio","http://nap.casthost.net:9194/stream.mp3","AUDIO","ICECAST","mp3","128","true","false","spanish","CU","https://cubanflow.com/","COMMUNITY","radio-browser community DB, publicly listed free stream","Tagged reggae; Cuban reggae/urban blend. clickcount 11, lastcheckok=1.","medium","196"
"Radio","Reggae","FIP Reggae","http://icecast.radiofrance.fr/fipreggae-hifi.aac","AUDIO","ICECAST","aac","192","true","false","french","FR","https://www.fip.fr/reggae/webradio","COMMUNITY","radio-browser community DB, publicly listed free stream; FIP/Radio France public broadcaster webradio","Reggae webradio of FIP (Radio France public-service). clickcount 38, lastcheckok=1.","high","197"
"Radio","Reggae","Hawaii Reggae Network","https://ice8.securenetsystems.net/HRNO","AUDIO","ICECAST","aac+","64","true","true","english","US","https://hawaiireggaenetwork.com/","COMMUNITY","radio-browser community DB, publicly listed free stream","Hawaiian/island reggae. clickcount 10, lastcheckok=1.","high","198"
"Radio","Reggae","Kane FM","http://stream.kanefm.com:1037/;stream","AUDIO","ICECAST","mp3","","true","false","english","GB","http://www.kanefm.com/","COMMUNITY","radio-browser community DB, publicly listed free stream; UK community radio (Guildford)","Community station with strong reggae/soundsystem programming. bitrate unknown in DB. clickcount 13, lastcheckok=1.","medium","199"
"Radio","Reggae","King Dub Radio","http://london-dedicated.myautodj.com:8862/stream","AUDIO","ICECAST","mp3","128","true","false","english","FR","http://kingdubfamily.com/","COMMUNITY","radio-browser community DB, publicly listed free stream","Dub-focused station. clickcount 22, lastcheckok=1.","high","200"
"Radio","Reggae","La Grosse Radio Reggae","http://hd.lagrosseradio.info/lagrosseradio-reggae-192.mp3","AUDIO","ICECAST","mp3","192","true","false","french","FR","https://www.lagrosseradio.com/","COMMUNITY","radio-browser community DB, publicly listed free stream","Dedicated reggae channel of La Grosse Radio (France). clickcount 67, lastcheckok=1.","high","201"
"Radio","Reggae","Laut.FM Skafari","http://stream.laut.fm/skafari","AUDIO","ICECAST","mp3","128","true","false","german","DE","https://laut.fm/skafari","COMMUNITY","radio-browser community DB, publicly listed free stream","Ska/reggae station on laut.fm. clickcount 7, lastcheckok=1.","high","202"
"Radio","Reggae","Le Bon Mix - AAC320LC","https://stream10.xdevel.com/audio13s976748-2017/stream/icecast.audio","AUDIO","ICECAST","aac+","320","true","true","french","FR","https://www.lebonmix.radio/","COMMUNITY","radio-browser community DB, publicly listed free stream","French station with reggae rotation, hi-fi AAC 320. clickcount 9, lastcheckok=1.","medium","203"
"Radio","Reggae","Radio Boom Boom","https://listen.radioboomboom.com/listen/rbb/radio.mp3","AUDIO","ICECAST","mp3","192","true","true","english","FR","https://www.radioboomboom.com/","COMMUNITY","radio-browser community DB, publicly listed free stream","Reggae/dub/world station (France). clickcount 10, lastcheckok=1.","medium",""
"Radio","Reggae","Radio Reggae Brasil","https://casthttps.suaradionanet.net/13805/stream","AUDIO","ICECAST","aac","128","true","true","portuguese","BR","https://radioreggaebrasil.com.br/","COMMUNITY","radio-browser community DB, publicly listed free stream","Brazilian reggae station. clickcount 7, lastcheckok=1.","high","204"
"Radio","Reggae","Rastapuls Reggae Music","http://radio.rastapuls.com:8000/rastapuls","AUDIO","ICECAST","mp3","160","true","false","english,french","","https://www.rastapuls.com/","COMMUNITY","radio-browser community DB, publicly listed free stream (resolved from .m3u to underlying stream)","Resolved from https://www.rastapuls.com/rastapuls.m3u. clickcount 11, lastcheckok=1.","high","205"
"Radio","Reggae","REGGAE CHILL CAFE","https://maggie.torontocast.com:2020/stream/reggaechillcafe","AUDIO","ICECAST","mp3","128","true","true","english","CA","https://radiosuitenetwork.torontocast.stream/","COMMUNITY","radio-browser community DB, publicly listed free stream","Chilled reggae stream. clickcount 19, lastcheckok=1.","high",""
"Radio","Reggae","Reggae.fr","https://listen.radioking.com/radio/50473/stream/87415","AUDIO","ICECAST","mp3","128","true","true","french","FR","http://www.reggae.fr/popup-radio.php","COMMUNITY","radio-browser community DB, publicly listed free stream","Reggae portal webradio (France). clickcount 11, lastcheckok=1.","high","206"
"Radio","Reggae","SomaFM Heavyweight Reggae (256k MP3)","https://ice6.somafm.com/reggae-256-mp3","AUDIO","ICECAST","mp3","320","true","true","english","US","https://somafm.com/reggae/","COMMUNITY","radio-browser community DB; SomaFM listener-supported free radio (resolved from .pls to underlying stream)","Resolved from https://somafm.com/reggae256.pls to underlying Icecast stream. clickcount 22, lastcheckok=1.","high","207"
"Radio","Reggae","Stylz FM","https://stream.zeno.fm/0d1hpcmqqy5tv","AUDIO","ICECAST","mp3","","true","true","english,jamaican","JM","http://www.stylzfm.com/","COMMUNITY","radio-browser community DB, publicly listed free stream","Jamaican station, reggae/dancehall. bitrate 0 in DB (Zeno). clickcount 7, lastcheckok=1.","medium","208"
"Radio","Rock","1LIVE","http://wdr-1live-live.icecast.wdr.de/wdr/1live/live/mp3/128/stream.mp3","AUDIO","ICECAST","mp3","128","true","false","german","DE","https://einslive.de/","COMMUNITY","radio-browser community DB, publicly listed free stream","WDR public-broadcaster youth/alternative station, official Icecast endpoint.","high",""
"Radio","Rock","Alternative Radio","https://www.radioking.com/play/alternative-radio-1","AUDIO","ICECAST","mp3","128","true","true","french","FR","http://alternativeradio.over-blog.com/","COMMUNITY","radio-browser community DB, publicly listed free stream","Independent alternative-rock webradio on RadioKing. URL is a RadioKing play endpoint that redirects to the live stream; player resolution may be needed.","medium","209"
"Radio","Rock","Arrow Classic Rock","https://stream.player.arrow.nl/arrowcr","AUDIO","ICECAST","mp3","96","true","true","dutch","NL","https://www.arrow.nl/","COMMUNITY","radio-browser community DB, publicly listed free stream","Dutch classic-rock station, HTTPS stream.","high","210"
"Radio","Rock","De Tijdloze","http://icecast.vrtcdn.be/stubru_tijdloze-high.mp3","AUDIO","ICECAST","mp3","","true","false","dutch","BE","https://www.stubru.be/","COMMUNITY","radio-browser community DB, publicly listed free stream","VRT all-time rock classics channel (StuBru spinoff). Same CDN host as Studio Brussel but distinct stream path; kept for genre diversity. Bitrate not reported.","medium",""
"Radio","Rock","Double J","http://live-radio01.mediahubaustralia.com/DJDW/mp3/","AUDIO","ICECAST","mp3","128","true","false","english","AU","https://www.abc.net.au/listen/doublej","PUBLIC_RADIO","ABC public broadcaster official live stream","Australian Double J alternative/rock stream.","high","211"
"Radio","Rock","FIP Rock","https://icecast.radiofrance.fr/fiprock-hifi.aac","AUDIO","ICECAST","aac","192","true","true","french","FR","https://www.fip.fr/rock/webradio","PUBLIC_BROADCASTER","Radio France public-service broadcaster thematic webradio, freely published","FIP Rock - Radio France public broadcaster, 192k AAC HiFi.","high","212"
"Radio","Rock","Hard Rock Heaven","http://hydra.cdnstream.com/1521_128","AUDIO","ICECAST","mp3","128","true","false","english","US","http://hrhradio.com/","COMMUNITY","radio-browser community DB, publicly listed free stream","US hard-rock/hair-metal station. Resolved from .m3u playlist to underlying cdnstream URL.","high","213"
"Radio","Rock","Hard Rock Radio FM","http://67.249.184.45:8015/","AUDIO","ICECAST","mp3","128","true","false","english","US","https://hardrockradiofm.weebly.com/","COMMUNITY","radio-browser community DB, publicly listed free stream","US hard-rock station. Resolved from listen.pls to direct host:port. IP-only endpoint, slightly lower reliability.","medium","214"
"Radio","Rock","HD Radio - Classic Rock (USA)","http://hdradioclassicrock-rfritschka.radioca.st/;","AUDIO","ICECAST","mp3","128","true","false","english","US","https://www.hd-radio.net/","COMMUNITY","radio-browser community DB, publicly listed free stream","US classic-rock stream on radioca.st (Shoutcast-style ';' mount).","high","215"
"Radio","Rock","OUI FM","https://ouifm.ice.infomaniak.ch/ouifm-high.mp3","AUDIO","ICECAST","mp3","128","true","true","french","FR","https://www.ouifm.fr/","COMMUNITY","radio-browser community DB, publicly listed free stream","French rock station, HTTPS Infomaniak Icecast.","high","216"
"Radio","Rock","Planet Rock","https://stream-mz.hellorayo.co.uk/planetrock.aac","AUDIO","ICECAST","aac","47","true","true","english","GB","https://www.hellorayo.co.uk/planet-rock","COMMUNITY","radio-browser community DB, publicly listed free stream","UK classic/rock station. Stripped tracking query params (playerid/skey) from url for a clean direct AAC+ stream.","high",""
"Radio","Rock","Radio Freccia","https://dd782ed59e2a4e86aabf6fc508674b59.msvdn.net/live/S3160845/0tuSetc8UFkF/playlist_audio.m3u8","AUDIO","HLS","m3u8","192","true","true","italian","IT","https://www.radiofreccia.it/","COMMUNITY","radio-browser community DB, publicly listed free stream","Italian rock station, HLS (AAC) audio playlist. codec was AAC but URL is .m3u8 -> protocol HLS.","high","217"
"Radio","Rock","Radio ROKS","http://online.radioroks.ua/RadioROKS_HD","AUDIO","ICECAST","mp3","320","true","false","ukrainian","UA","https://www.radioroks.ua/","COMMUNITY","Radio ROKS, free rock music stream","Main rock station, 320k.","high","218"
"Radio","Rock","Radio ROKS Ballads","http://online.radioroks.ua/RadioROKS_Ballads_HD","AUDIO","ICECAST","mp3","320","true","false","ukrainian","UA","https://www.radioroks.ua/","COMMUNITY","Radio ROKS, free rock music stream","Rock ballads channel, 320k.","high","219"
"Radio","Rock","Radio ROKS Hard'n'Heavy","http://online.radioroks.ua/RadioROKS_HardnHeavy_HD","AUDIO","ICECAST","mp3","320","true","false","ukrainian","UA","https://www.radioroks.ua/","COMMUNITY","Radio ROKS, free rock music stream","Hard'n'Heavy channel, 320k.","high","220"
"Radio","Rock","RdMix Classic Rock 70s 80s 90s","https://cast1.torontocast.com:4610/stream","AUDIO","ICECAST","mp3","128","true","true","english","CA","https://radiodimensionemix.torontocast.stream/","COMMUNITY","radio-browser community DB, publicly listed free stream","Classic-rock stream on TorontoCast (port 4610). Distinct port from other torontocast entries.","high","221"
"Radio","Rock","Retro Radio","https://icast.connectmedia.hu/5001/live.mp3","AUDIO","ICECAST","mp3","128","true","true","hungarian","HU","http://www.retroradio.hu/","COMMUNITY","radio-browser community DB, publicly listed free stream","Hungarian retro/classic-rock-leaning station, HTTPS Icecast. Adds geographic diversity.","high","222"
"Radio","Rock","RFM POP-ROCK","https://stream.rfm.fr/rfm-wr10.aac","AUDIO","ICECAST","aac","128","true","true","french","FR","http://www.rfm.fr/programmes/les-webradios","COMMUNITY","radio-browser community DB, publicly listed free stream","French pop-rock webradio, AAC+ Icecast.","high","223"
"Radio","Rock","Rock Antenne","http://mp3channels.webradio.rockantenne.de/rockantenne","AUDIO","ICECAST","mp3","128","true","false","german","DE","http://www.rockantenne.de/","COMMUNITY","radio-browser community DB, publicly listed free stream","Dedicated German rock station, well-known stable Icecast feed.","high","224"
"Radio","Rock","ROCK FM","http://nashe1.hostingradio.ru/rock-128.mp3","AUDIO","ICECAST","mp3","128","true","false","russian","RU","http://www.rockfm.ru/","COMMUNITY","radio-browser community DB, publicly listed free stream","Russian rock station (Multimedia Holding). Path indicates 128kbps; reported bitrate field was 0.","high","225"
"Radio","Rock","Studio Brussel","http://icecast.vrtcdn.be/stubru-high.mp3","AUDIO","ICECAST","mp3","","true","false","dutch","BE","https://www.stubru.be/","COMMUNITY","radio-browser community DB, publicly listed free stream","Belgian VRT public-broadcaster alternative/rock station. Bitrate not reported (was 0).","high",""
"Radio","Rock","SWR3","https://liveradio.swr.de/sw282p3/swr3/play.mp3","AUDIO","ICECAST","mp3","128","true","true","german","DE","https://swr3.de/","COMMUNITY","radio-browser community DB, publicly listed free stream","German public-broadcaster pop/rock station; top clickcount in tag=rock. Also a public-service broadcaster (SWR).","high","226"
"Radio","Rock","Virgin Radio Classic Rock","http://icy.unitedradio.it/VirginRockClassics.mp3","AUDIO","ICECAST","mp3","128","true","false","italian","IT","http://www.virginradio.it/sezioni/1219/virgin-radio-rock-classic","COMMUNITY","radio-browser community DB, publicly listed free stream","Classic rock spinoff of Virgin Radio Italia; separate host (icy.unitedradio.it).","high","227"
"Radio","Rock","Virgin Radio Italia","http://icecast.unitedradio.it/Virgin.mp3","AUDIO","ICECAST","mp3","128","true","false","italian","IT","http://www.virginradio.it/","COMMUNITY","radio-browser community DB, publicly listed free stream","Italian rock station, UnitedRadio Icecast.","high","228"
"Radio","Rock","Willy","https://streams.radio.dpgmedia.cloud/redirect/willy_be/aac","AUDIO","ICECAST","aac","95","true","true","dutch","BE","https://www.willy.radio/","COMMUNITY","radio-browser community DB, publicly listed free stream","Belgian rock/classics station (DPG Media), AAC+ stream.","high","229"
"Radio","Rock","Наше Радио (RU)","http://nashe1.hostingradio.ru/nashe-128.mp3","AUDIO","ICECAST","mp3","128","true","false","russian","RU","http://www.nashe.ru/","COMMUNITY","Nashe Radio RU, free rock music stream","Russian rock music station.","high","230"
"Radio","World","BBC Radio 3","http://as-hls-ww-live.akamaized.net/pool_23461179/live/ww/bbc_radio_three/bbc_radio_three.isml/bbc_radio_three-audio=320000.norewind.m3u8","AUDIO","HLS","m3u8","320","true","false","english","GB","https://www.bbc.co.uk/sounds/play/live:bbc_radio_three","COMMUNITY","radio-browser community DB; BBC publishes an open HLS URL for Radio 3","Public broadcaster HLS feed; classical plus jazz/world/opera. Codec reported UNKNOWN so protocol set from .m3u8 (HLS) rather than the prompt ICECAST/PROGRESSIVE rule.","high","231"
"Radio","World","ByteFM","https://bytefm.cast.addradio.de/bytefm/main/high/stream","AUDIO","ICECAST","mp3","192","true","true","german","DE","https://www.byte.fm/","COMMUNITY","radio-browser community DB, publicly listed free stream","German indie/world public-supported station, 192k.","high","232"
"Radio","World","Capital FM 91.3","http://capitalfm.cloudrad.io/stream","AUDIO","ICECAST","mp3","128","true","false","english","UG","https://capitalradio.co.ug/","COMMUNITY","radio-browser community DB, publicly listed free stream","Ugandan station; adds African regional diversity.","medium","233"
"Radio","World","CHKG-FM 96.1 Fairchild Radio","https://5b2959fe11444.streamlock.net/radio/fm961.stream/playlist.m3u8","AUDIO","HLS","m3u8","50","true","true","chinese,english,korean,russian,spanish,tagalog,vietnamese","CA","http://www.am1470.com/english/","COMMUNITY","radio-browser community DB, publicly listed free stream","Multicultural/multilingual station; codec AAC but .m3u8 so protocol HLS.","high","234"
"Radio","World","Divyavani","http://epsilon.shoutca.st:8070/autodj","AUDIO","ICECAST","mp3","128","true","false","sanskrit","IN","https://divyavani.org/","COMMUNITY","radio-browser community DB, publicly listed free stream","Indian/Sanskrit ethnic and new-age; South-Asian diversity.","medium",""
"Radio","World","FIP Musiques du monde","http://icecast.radiofrance.fr/fipworld-hifi.aac","AUDIO","ICECAST","aac","192","true","false","french","FR","https://www.fip.fr/musiques-du-monde/webradio","COMMUNITY","radio-browser community DB, publicly listed free stream; FIP is a Radio France public webradio","Radio France world-music webradio, 192k AAC.","high","235"
"Radio","World","Gugak / Persian Vibe Radio","https://radio.aydayazdani.com/stream","AUDIO","ICECAST","mp3","192","true","true","english,persian","GB","https://radio.aydayazdani.com/","COMMUNITY","radio-browser community DB, publicly listed free stream","Persian/Iranian music; Middle-Eastern diversity.","high",""
"Radio","World","Gugak FM","https://mgugaklive.nowcdn.co.kr/gugakradio/gugakradio.stream/playlist.m3u8","AUDIO","HLS","m3u8","194","true","true","korean","KR","https://www.igbf.kr/gugak_web/main/","COMMUNITY","radio-browser community DB; Korean traditional-music public foundation feed","Korean traditional/folk (gugak) music; codec AAC but .m3u8 so protocol HLS. Asian folk diversity.","high","236"
"Radio","World","Hi On Line World Radio","http://mediaserv38.live-streams.nl:8027/live","AUDIO","ICECAST","mp3","320","true","false","","NL","http://www.hionline.eu/","COMMUNITY","radio-browser community DB, publicly listed free stream","Dedicated world/ethnic/latin/african station, 320k.","high","237"
"Radio","World","Jovem Pan Florianopolis","http://wz5.dnip.com.br/jfloripa/jfloripa.stream/chunklist_w2047482307.m3u8","AUDIO","HLS","m3u8","","true","false","brazilian portuguese","BR","http://panfloripa.com.br/","COMMUNITY","radio-browser community DB, publicly listed free stream","Brazilian station; Latin-American diversity. Codec UNKNOWN, protocol set from .m3u8 (HLS). Chunklist URL may rotate - medium confidence on direct URL stability.","medium",""
"Radio","World","MFM Station","https://radio.mfm.ua/online128","AUDIO","ICECAST","mp3","320","true","true","ukrainian","UA","https://mfm.ua/","COMMUNITY","radio-browser community DB, publicly listed free stream","Ukrainian dance/pop with world tag; regional diversity.","medium","238"
"Radio","World","Radio Canada Ici Musique - Montreal","https://rcavliveaudio.akamaized.net/hls/live/2006979/M-7QMTL0_MTL/master.m3u8","AUDIO","HLS","m3u8","48","true","true","french","CA","https://ici.radio-canada.ca/ohdio/musique","COMMUNITY","radio-browser community DB; Radio-Canada is a public broadcaster with an open HLS feed","Public broadcaster HLS; codec AAC but .m3u8 so protocol set HLS. Kept Montreal feed; Quebec-City duplicate on same host dropped.","high","239"
"Radio","World","Radio IN Beograd","https://radio3-64ssl.streaming.rs:9212/;*.mp3","AUDIO","ICECAST","mp3","64","true","true","serbian","RS","https://www.radioinbeograd.rs/","COMMUNITY","radio-browser community DB, publicly listed free stream","Serbian folk/pop; Balkan diversity.","high","240"
"Radio","World","Radio is a Foreign Country","https://s5.radio.co/s20251311a/listen","AUDIO","ICECAST","mp3","192","true","true","","US","https://www.radioisaforeigncountry.org/","COMMUNITY","radio-browser community DB; self-described non-commercial/non-profit free station","Global ethnic/folk/field-recording station; strong fit for folk rubric.","high","241"
"Radio","World","Radio Paradise World/Etc Mix (320k AAC)","https://stream.radioparadise.com/world-etc-320","AUDIO","ICECAST","aac","320","true","true","english","US","https://radioparadise.com/","COMMUNITY","radio-browser community DB; Radio Paradise is a listener-supported free, non-commercial station","Eclectic/world mix; kept the 320k AAC variant only (64k and FLAC duplicates on same host dropped).","high","242"
"Radio","World","Radio Suita","https://radioserver.online/proxy/radiosuita/radiosuita.mp3","AUDIO","ICECAST","mp3","192","true","true","slovak","SK","https://suita.sk/","COMMUNITY","radio-browser community DB, publicly listed free stream","Slovak classical/jazz/world; Central-European diversity.","medium","243"
"Radio","World","WDR 3 HQ","http://wdr-wdr3-live.icecast.wdr.de/wdr/wdr3/live/mp3/256/stream.mp3","AUDIO","ICECAST","mp3","256","true","false","german","DE","https://www1.wdr.de/radio/wdr3/","COMMUNITY","radio-browser community DB; WDR is a German public broadcaster","Public broadcaster classical/jazz/world, 256k. Separate WDR icecast host from COSMO.","high","244"
"Radio","World","WDR COSMO","http://wdr-cosmo-live.icecast.wdr.de/wdr/cosmo/live/mp3/128/stream.mp3","AUDIO","ICECAST","mp3","128","true","false","german","DE","http://www.cosmoradio.de/","COMMUNITY","radio-browser community DB, publicly listed free stream; WDR is a German public broadcaster","Multicultural/global music channel of public broadcaster WDR.","high",""
"Radio","World","Worldwide FM","https://worldwide-fm.radiocult.fm/stream","AUDIO","ICECAST","mp3","320","true","true","","GB","https://www.worldwidefm.net/","COMMUNITY","radio-browser community DB, publicly listed free stream","Gilles Peterson's global/jazz/underground station, 320k.","high",""
"Radio","World","WWOZ 90.7 New Orleans","http://wwoz-sc.streamguys.com/wwoz-hi.mp3","AUDIO","ICECAST","mp3","128","true","false","english","US","https://www.wwoz.org/","COMMUNITY","WWOZ listener-supported non-commercial station, official live stream","New Orleans community radio with jazz/blues/cajun/funk programming.","high","245"
"Radio","World","Yabiladi Chaabi Maroc","https://radio.yabiladi.com:8102/;stream.mp3","AUDIO","ICECAST","mp3","128","true","true","english,francaise","MA","https://www.yabiladi.com/radio/","COMMUNITY","radio-browser community DB, publicly listed free stream","Moroccan Chaabi stream; one Yabiladi channel kept for diversity (others on same host dropped).","high","246"
"Radio (SomaFM)","Ambient","Deep Space One","https://ice1.somafm.com/deepspaceone-128-aac","AUDIO","ICECAST","aac","128","true","true","english","US","https://somafm.com/deepspaceone/","PUBLIC_RADIO","SomaFM listener-supported free internet radio","Deep ambient electronic (~322 listeners).","high","247"
"Radio (SomaFM)","Ambient","Deep Space One","https://ice1.somafm.com/deepspaceone-128-mp3","AUDIO","ICECAST","mp3","128","true","true","english","US","https://somafm.com/deepspaceone/","PUBLIC_RADIO","SomaFM listener-supported free internet radio","MP3 variant.","high","248"
"Radio (SomaFM)","Ambient","Doomed","https://ice1.somafm.com/doomed-128-aac","AUDIO","ICECAST","aac","128","true","true","english","US","https://somafm.com/doomed/","PUBLIC_RADIO","SomaFM listener-supported free internet radio","Dark ambient/horror (~6 listeners).","high","249"
"Radio (SomaFM)","Ambient","Drone Zone","https://ice1.somafm.com/dronezone-128-mp3","AUDIO","ICECAST","mp3","128","true","true","english","US","https://somafm.com/dronezone/","PUBLIC_RADIO","SomaFM listener-supported free internet radio","MP3 variant.","high","250"
"Radio (SomaFM)","Ambient","Drone Zone","https://ice1.somafm.com/dronezone-128-aac","AUDIO","ICECAST","aac","128","true","true","english","US","https://somafm.com/dronezone/","PUBLIC_RADIO","SomaFM listener-supported free internet radio","Atmospheric/ambient space music (~711 listeners).","high","251"
"Radio (SomaFM)","Ambient","Drone Zone 2","https://ice1.somafm.com/dz2-128-aac","AUDIO","ICECAST","aac","128","true","true","english","US","https://somafm.com/dz2/","PUBLIC_RADIO","SomaFM listener-supported free internet radio","Drone Zone sister channel (~39 listeners).","high","252"
"Radio (SomaFM)","Ambient","Mission Control","https://ice1.somafm.com/missioncontrol-128-aac","AUDIO","ICECAST","aac","128","true","true","english","US","https://somafm.com/missioncontrol/","PUBLIC_RADIO","SomaFM listener-supported free internet radio","Ambient mixed with NASA mission audio (~41 listeners).","high","253"
"Radio (SomaFM)","Ambient","Space Station Soma","https://ice1.somafm.com/spacestation-128-aac","AUDIO","ICECAST","aac","128","true","true","english","US","https://somafm.com/spacestation/","PUBLIC_RADIO","SomaFM listener-supported free internet radio","Spaced-out ambient/mid-tempo (~234 listeners).","high","254"
"Radio (SomaFM)","Ambient","Space Station Soma","https://ice1.somafm.com/spacestation-128-mp3","AUDIO","ICECAST","mp3","128","true","true","english","US","https://somafm.com/spacestation/","PUBLIC_RADIO","SomaFM listener-supported free internet radio","MP3 variant.","high","255"
"Radio (SomaFM)","Ambient","Synphaera Radio","https://ice1.somafm.com/synphaera-128-aac","AUDIO","ICECAST","aac","128","true","true","english","US","https://somafm.com/synphaera/","PUBLIC_RADIO","SomaFM listener-supported free internet radio","Modern ambient/space music (~185 listeners).","high","256"
"Radio (SomaFM)","Ambient","Vaporwaves","https://ice1.somafm.com/vaporwaves-128-aac","AUDIO","ICECAST","aac","128","true","true","english","US","https://somafm.com/vaporwaves/","PUBLIC_RADIO","SomaFM listener-supported free internet radio","Vaporwave (~40 listeners).","high","257"
"Radio (SomaFM)","Celtic","ThistleRadio","https://ice1.somafm.com/thistle-128-aac","AUDIO","ICECAST","aac","128","true","true","english","US","https://somafm.com/thistle/","PUBLIC_RADIO","SomaFM listener-supported free internet radio","Celtic/world roots (~65 listeners).","high","258"
"Radio (SomaFM)","Chillout","Chillits Radio","https://ice1.somafm.com/chillits-128-aac","AUDIO","ICECAST","aac","128","true","true","english","US","https://somafm.com/chillits/","PUBLIC_RADIO","SomaFM listener-supported free internet radio","Chillits festival channel (~7 listeners).","high","259"
"Radio (SomaFM)","Chillout","Groove Salad","https://ice1.somafm.com/groovesalad-128-aac","AUDIO","ICECAST","aac","128","true","true","english","US","https://somafm.com/groovesalad/","PUBLIC_RADIO","SomaFM listener-supported free internet radio","Ambient/downtempo. Most popular SomaFM channel (~1547 listeners).","high","260"
"Radio (SomaFM)","Chillout","Groove Salad","https://ice1.somafm.com/groovesalad-128-mp3","AUDIO","ICECAST","mp3","128","true","true","english","US","https://somafm.com/groovesalad/","PUBLIC_RADIO","SomaFM listener-supported free internet radio","MP3 variant of the top channel.","high","261"
"Radio (SomaFM)","Chillout","Groove Salad 2","https://ice1.somafm.com/groovesalad2-128-aac","AUDIO","ICECAST","aac","128","true","true","english","US","https://somafm.com/groovesalad2/","PUBLIC_RADIO","SomaFM listener-supported free internet radio","Groove Salad sister channel (~86 listeners).","high","262"
"Radio (SomaFM)","Chillout","Groove Salad Classic","https://ice1.somafm.com/gsclassic-128-aac","AUDIO","ICECAST","aac","128","true","true","english","US","https://somafm.com/gsclassic/","PUBLIC_RADIO","SomaFM listener-supported free internet radio","Original Groove Salad sound (~295 listeners).","high","263"
"Radio (SomaFM)","Chillout","Groove Salad Classic","https://ice1.somafm.com/gsclassic-128-mp3","AUDIO","ICECAST","mp3","128","true","true","english","US","https://somafm.com/gsclassic/","PUBLIC_RADIO","SomaFM listener-supported free internet radio","MP3 variant.","high","264"
"Radio (SomaFM)","Eclectic","Bossa Beyond","https://ice1.somafm.com/bossa-128-aac","AUDIO","ICECAST","aac","128","true","true","english","US","https://somafm.com/bossa/","PUBLIC_RADIO","SomaFM listener-supported free internet radio","Bossa nova/jazz (~78 listeners).","high","265"
"Radio (SomaFM)","Eclectic","Digitalis","https://ice1.somafm.com/digitalis-128-aac","AUDIO","ICECAST","aac","128","true","true","english","US","https://somafm.com/digitalis/","PUBLIC_RADIO","SomaFM listener-supported free internet radio","Digitally affected analog rock (~24 listeners).","high","266"
"Radio (SomaFM)","Eclectic","Seven Inch Soul","https://ice1.somafm.com/7soul-128-aac","AUDIO","ICECAST","aac","128","true","true","english","US","https://somafm.com/7soul/","PUBLIC_RADIO","SomaFM listener-supported free internet radio","Vintage soul 45s (~61 listeners).","high","267"
"Radio (SomaFM)","Eclectic","SF 10-33","https://ice1.somafm.com/sf1033-128-aac","AUDIO","ICECAST","aac","128","true","true","english","US","https://somafm.com/sf1033/","PUBLIC_RADIO","SomaFM listener-supported free internet radio","Ambient with SF emergency-services scanner (~23 listeners).","high","268"
"Radio (SomaFM)","Eclectic","SF in SF","https://ice1.somafm.com/sfinsf-128-aac","AUDIO","ICECAST","aac","128","true","true","english","US","https://somafm.com/sfinsf/","PUBLIC_RADIO","SomaFM listener-supported free internet radio","Spoken-word/author readings (~2 listeners).","medium","269"
"Radio (SomaFM)","Eclectic","SF Police Scanner","https://ice1.somafm.com/scanner-128-aac","AUDIO","ICECAST","aac","128","true","true","english","US","https://somafm.com/scanner/","PUBLIC_RADIO","SomaFM listener-supported free internet radio","San Francisco police scanner feed (~7 listeners).","high","270"
"Radio (SomaFM)","Eclectic","SomaFM Live","https://ice1.somafm.com/live-128-aac","AUDIO","ICECAST","aac","128","true","true","english","US","https://somafm.com/live/","PUBLIC_RADIO","SomaFM listener-supported free internet radio","Live/special broadcasts (~14 listeners).","medium","271"
"Radio (SomaFM)","Eclectic","The Dark Zone","https://ice1.somafm.com/darkzone-128-aac","AUDIO","ICECAST","aac","128","true","true","english","US","https://somafm.com/darkzone/","PUBLIC_RADIO","SomaFM listener-supported free internet radio","Darker ambient (~89 listeners).","high","272"
"Radio (SomaFM)","Eclectic","The In-Sound","https://ice1.somafm.com/insound-128-aac","AUDIO","ICECAST","aac","128","true","true","english","US","https://somafm.com/insound/","PUBLIC_RADIO","SomaFM listener-supported free internet radio","60s pop/garage/psych (~11 listeners).","high","273"
"Radio (SomaFM)","Eclectic","The Trip","https://ice1.somafm.com/thetrip-128-aac","AUDIO","ICECAST","aac","128","true","true","english","US","https://somafm.com/thetrip/","PUBLIC_RADIO","SomaFM listener-supported free internet radio","Progressive house/trance (~82 listeners).","high","274"
"Radio (SomaFM)","Eclectic","Tiki Time","https://ice1.somafm.com/tikitime-128-aac","AUDIO","ICECAST","aac","128","true","true","english","US","https://somafm.com/tikitime/","PUBLIC_RADIO","SomaFM listener-supported free internet radio","Tiki/exotica lounge (~36 listeners).","high","275"
"Radio (SomaFM)","Electronic","Beat Blender","https://ice1.somafm.com/beatblender-128-aac","AUDIO","ICECAST","aac","128","true","true","english","US","https://somafm.com/beatblender/","PUBLIC_RADIO","SomaFM listener-supported free internet radio","Deep house/downtempo (~103 listeners).","high","276"
"Radio (SomaFM)","Electronic","cliqhop idm","https://ice1.somafm.com/cliqhop-128-aac","AUDIO","ICECAST","aac","128","true","true","english","US","https://somafm.com/cliqhop/","PUBLIC_RADIO","SomaFM listener-supported free internet radio","IDM/glitch (~51 listeners).","high","277"
"Radio (SomaFM)","Electronic","DEF CON Radio","https://ice1.somafm.com/defcon-128-aac","AUDIO","ICECAST","aac","128","true","true","english","US","https://somafm.com/defcon/","PUBLIC_RADIO","SomaFM listener-supported free internet radio","Music for hacking (~143 listeners).","high","278"
"Radio (SomaFM)","Electronic","n5MD Radio","https://ice1.somafm.com/n5md-128-aac","AUDIO","ICECAST","aac","128","true","true","english","US","https://somafm.com/n5md/","PUBLIC_RADIO","SomaFM listener-supported free internet radio","Experimental/electronic from n5MD label (~14 listeners).","high","279"
"Radio (SomaFM)","Electronic","SomaFM Specials","https://ice1.somafm.com/specials-128-aac","AUDIO","ICECAST","aac","128","true","true","english","US","https://somafm.com/specials/","PUBLIC_RADIO","SomaFM listener-supported free internet radio","Seasonal/special programming (~12 listeners).","medium","280"
"Radio (SomaFM)","Folk","Boot Liquor","https://ice1.somafm.com/bootliquor-128-aac","AUDIO","ICECAST","aac","128","true","true","english","US","https://somafm.com/bootliquor/","PUBLIC_RADIO","SomaFM listener-supported free internet radio","Americana roots music (~81 listeners).","high","281"
"Radio (SomaFM)","Folk","Folk Forward","https://ice1.somafm.com/folkfwd-128-aac","AUDIO","ICECAST","aac","128","true","true","english","US","https://somafm.com/folkfwd/","PUBLIC_RADIO","SomaFM listener-supported free internet radio","Indie folk/alt-folk (~90 listeners).","high","282"
"Radio (SomaFM)","Hip-hop","Fluid","https://ice1.somafm.com/fluid-128-aac","AUDIO","ICECAST","aac","128","true","true","english","US","https://somafm.com/fluid/","PUBLIC_RADIO","SomaFM listener-supported free internet radio","Instrumental hip-hop/future soul (~54 listeners).","high","283"
"Radio (SomaFM)","Jazz","Sonic Universe","https://ice1.somafm.com/sonicuniverse-128-aac","AUDIO","ICECAST","aac","128","true","true","english","US","https://somafm.com/sonicuniverse/","PUBLIC_RADIO","SomaFM listener-supported free internet radio","Avant-garde/nu jazz (~64 listeners).","high","284"
"Radio (SomaFM)","Lounge","Illinois Street Lounge","https://ice1.somafm.com/illstreet-128-aac","AUDIO","ICECAST","aac","128","true","true","english","US","https://somafm.com/illstreet/","PUBLIC_RADIO","SomaFM listener-supported free internet radio","Classic bachelor-pad lounge/exotica (~62 listeners).","high","285"
"Radio (SomaFM)","Lounge","Secret Agent","https://ice1.somafm.com/secretagent-128-mp3","AUDIO","ICECAST","mp3","128","true","true","english","US","https://somafm.com/secretagent/","PUBLIC_RADIO","SomaFM listener-supported free internet radio","MP3 variant.","high","286"
"Radio (SomaFM)","Lounge","Secret Agent","https://ice1.somafm.com/secretagent-128-aac","AUDIO","ICECAST","aac","128","true","true","english","US","https://somafm.com/secretagent/","PUBLIC_RADIO","SomaFM listener-supported free internet radio","Spy lounge/exotica (~250 listeners).","high","287"
"Radio (SomaFM)","Metal","Metal Detector","https://ice1.somafm.com/metal-128-aac","AUDIO","ICECAST","aac","128","true","true","english","US","https://somafm.com/metal/","PUBLIC_RADIO","SomaFM listener-supported free internet radio","Metal across subgenres (~21 listeners).","high","288"
"Radio (SomaFM)","Oldies","Covers","https://ice1.somafm.com/covers-128-aac","AUDIO","ICECAST","aac","128","true","true","english","US","https://somafm.com/covers/","PUBLIC_RADIO","SomaFM listener-supported free internet radio","Cover songs (~19 listeners).","high","289"
"Radio (SomaFM)","Oldies","Left Coast 70s","https://ice1.somafm.com/seventies-128-aac","AUDIO","ICECAST","aac","128","true","true","english","US","https://somafm.com/seventies/","PUBLIC_RADIO","SomaFM listener-supported free internet radio","Mellow 70s AM gold (~190 listeners).","high","290"
"Radio (SomaFM)","Oldies","Left Coast 70s","https://ice1.somafm.com/seventies-128-mp3","AUDIO","ICECAST","mp3","128","true","true","english","US","https://somafm.com/seventies/","PUBLIC_RADIO","SomaFM listener-supported free internet radio","MP3 variant.","high","291"
"Radio (SomaFM)","Oldies","Underground 80s","https://ice1.somafm.com/u80s-128-aac","AUDIO","ICECAST","aac","128","true","true","english","US","https://somafm.com/u80s/","PUBLIC_RADIO","SomaFM listener-supported free internet radio","Early 80s/synthpop (~199 listeners).","high","292"
"Radio (SomaFM)","Oldies","Underground 80s","https://ice1.somafm.com/u80s-128-mp3","AUDIO","ICECAST","mp3","128","true","true","english","US","https://somafm.com/u80s/","PUBLIC_RADIO","SomaFM listener-supported free internet radio","MP3 variant.","high","293"
"Radio (SomaFM)","Pop","Indie Pop Rocks!","https://ice1.somafm.com/indiepop-128-mp3","AUDIO","ICECAST","mp3","128","true","true","english","US","https://somafm.com/indiepop/","PUBLIC_RADIO","SomaFM listener-supported free internet radio","MP3 variant.","high","294"
"Radio (SomaFM)","Pop","Indie Pop Rocks!","https://ice1.somafm.com/indiepop-128-aac","AUDIO","ICECAST","aac","128","true","true","english","US","https://somafm.com/indiepop/","PUBLIC_RADIO","SomaFM listener-supported free internet radio","Indie pop (~274 listeners).","high","295"
"Radio (SomaFM)","Pop","PopTron","https://ice1.somafm.com/poptron-128-aac","AUDIO","ICECAST","aac","128","true","true","english","US","https://somafm.com/poptron/","PUBLIC_RADIO","SomaFM listener-supported free internet radio","Electropop/indie dance (~59 listeners).","high","296"
"Radio (SomaFM)","Reggae","Dub Step Beyond","https://ice1.somafm.com/dubstep-128-aac","AUDIO","ICECAST","aac","128","true","true","english","US","https://somafm.com/dubstep/","PUBLIC_RADIO","SomaFM listener-supported free internet radio","Dubstep/bass (~34 listeners).","high","297"
"Radio (SomaFM)","Reggae","Heavyweight Reggae","https://ice1.somafm.com/reggae-128-aac","AUDIO","ICECAST","aac","128","true","true","english","US","https://somafm.com/reggae/","PUBLIC_RADIO","SomaFM listener-supported free internet radio","Reggae/dub/ska (~77 listeners).","high","298"
"Radio (SomaFM)","Vocal","Lush","https://ice1.somafm.com/lush-128-aac","AUDIO","ICECAST","aac","128","true","true","english","US","https://somafm.com/lush/","PUBLIC_RADIO","SomaFM listener-supported free internet radio","Sensuous vocals/electronica (~216 listeners).","high","299"
"Radio (SomaFM)","Vocal","Lush","https://ice1.somafm.com/lush-128-mp3","AUDIO","ICECAST","mp3","128","true","true","english","US","https://somafm.com/lush/","PUBLIC_RADIO","SomaFM listener-supported free internet radio","MP3 variant.","high","300"
"Radio (SomaFM)","World","Black Rock FM","https://ice1.somafm.com/brfm-128-aac","AUDIO","ICECAST","aac","128","true","true","english","US","https://somafm.com/brfm/","PUBLIC_RADIO","SomaFM listener-supported free internet radio","Burning Man radio (~23 listeners).","high","301"
"Radio (SomaFM)","World","Suburbs of Goa","https://ice1.somafm.com/suburbsofgoa-128-aac","AUDIO","ICECAST","aac","128","true","true","english","US","https://somafm.com/suburbsofgoa/","PUBLIC_RADIO","SomaFM listener-supported free internet radio","Desert/world fusion (~60 listeners).","high","302"
"Test stream","Test pattern","rtsp.stream Big Buck Bunny test stream (zephyr)","rtsp://zephyr.rtsp.stream/movie","RTSP","RTSP","h264","","true","false","","US","https://rtsp.stream/","TEST","public RTSP test endpoint","rtsp.stream movie/Big Buck Bunny generator endpoint on the zephyr host. Like the pattern stream, it normally needs an account streamKey query param which rotates/expires; append ?streamKey=<token> from a free rtsp.stream account.","low","303"
"Test stream","Test pattern","rtsp.stream pattern test stream (zephyr)","rtsp://zephyr.rtsp.stream/pattern","RTSP","RTSP","h264","","true","false","","US","https://rtsp.stream/","TEST","public RTSP test endpoint","rtsp.stream (OctoStream) is a developer service offering RTSP test streams. The 'pattern' generator endpoint normally requires a per-account streamKey query param (e.g. ?streamKey=<token>); the bare path is documented in the wild but tokens expire/rotate. Supply a valid streamKey for a live connection.","low","304"
"Test stream","Test pattern","Wowza Cloud RTSP stream test (looping static video)","rtsp://9627b0bf2a7b.entrypoint.cloud.wowza.com:1935/app-p5260J38/66abe4b9_stream1","RTSP","RTSP","h264","","true","false","","US","https://www.wowza.com/developer/rtsp-stream-test","TEST","public RTSP test endpoint","Wowza's official developer RTSP Stream Test page provides this free looping test stream to validate an incoming RTSP connection without an account. Token/host in the path rotates - re-fetch from the Wowza page if it stops resolving.","medium","305"
"Test stream","Test pattern","Wowza streamlock demo - Big Buck Bunny 115k (mov)","rtsp://wowzaec2demo.streamlock.net/vod/mp4:BigBuckBunny_115k.mov","RTSP","RTSP","h264","115","false","false","","US","https://www.wowza.com/developer/rtsp-stream-test","TEST","public RTSP test endpoint",".mov-container variant of the Wowza demo Big Buck Bunny VOD, widely cited in RTSP testing guides. Same content as the .mp4 entry; provided as a fallback container.","medium","306"
"Test stream","Test pattern","Wowza streamlock demo - Big Buck Bunny 115k (mp4)","rtsp://wowzaec2demo.streamlock.net/vod/mp4:BigBuckBunny_115k.mp4","RTSP","RTSP","h264","115","false","false","","US","https://www.wowza.com/developer/rtsp-stream-test","TEST","public RTSP test endpoint","Long-standing Wowza EC2 demo VOD endpoint (Big Buck Bunny, CC-licensed content). The canonical RTSP smoke-test URL given in the task. May rotate or be intermittently offline.","medium","307"
"Test stream","Test pattern","Wowza streamlock demo - Big Buck Bunny 175k (mov)","rtsp://184.72.239.149/vod/mp4:BigBuckBunny_175k.mov","RTSP","RTSP","h264","175","false","false","","US","https://www.wowza.com/developer/rtsp-stream-test","TEST","public RTSP test endpoint","IP-addressed Wowza demo VOD (resolves to the streamlock demo box) at 175 kbps. Commonly referenced public Big Buck Bunny RTSP test stream. IP-based host may change.","medium","308"
"Live TV","Documentary","DW (Deutsche Welle) German","https://dwamdstream101.akamaized.net/hls/live/2015524/dwstream101/master.m3u8","VIDEO","HLS","m3u8","","true","true","german","DE","https://www.dw.com/de/","PUBLIC_BROADCASTER","Deutsche Welle is the German federal public-service international broadcaster; its 24/7 German channel (DW Deutsch) is free-to-air and officially livestreamed. This is DW's own Akamai linear manifest (dwstream101).","Verified live: valid HLS master, 5 variants up to 1920x1080 (6.22 Mbps), 50 fps, subtitle group present. DW Deutsch carries documentary and feature programming alongside news.","medium","309"
"Live TV","Documentary","DW (Deutsche Welle) Russian","https://dwamdstream110.akamaized.net/hls/live/2017971/dwstream110/master.m3u8","VIDEO","HLS","m3u8","","true","true","russian","DE","https://www.dw.com/ru/","PUBLIC_BROADCASTER","This is Deutsche Welle's OWN Russian-language service (a German public-service broadcaster, federally funded, free-to-air) - NOT a Russian state broadcaster, so it is outside any sanctioned-broadcaster concern. DW's own Akamai Russian linear manifest (dwstream110).","Verified live: valid HLS master, 5 variants up to 1920x1080 (6.46 Mbps), 50 fps, redundant CDN endpoints. DW's Russian 24/7 channel; documentary and news programming produced by DW in Germany.","medium","310"
"Live TV","General","Arirang TV (Korea) Channel 3","https://amdlive-ch03-ctnd-com.akamaized.net/arirang_3ch/smil:arirang_3ch.smil/playlist.m3u8","VIDEO","HLS","m3u8","","true","true","english","KR","https://www.arirang.com/","PUBLIC_BROADCASTER","Arirang (Korea International Broadcasting Foundation), South Korea's public international broadcaster. Channel-3 HLS from Arirang's own player CDN (ctnd.com / amdlive Akamai), free worldwide.","Verified valid HLS master: 4 variants 640x360 to 1920x1080. Additional Arirang feed via the broadcaster's own CDN.","medium","311"
"Live TV","General","Arirang TV (Korea) English / Channel 1","https://amdlive-ch01-ctnd-com.akamaized.net/arirang_1ch/smil:arirang_1ch.smil/playlist.m3u8","VIDEO","HLS","m3u8","","true","true","english","KR","https://www.arirang.com/","PUBLIC_BROADCASTER","Arirang is South Korea's public international broadcaster (Korea International Broadcasting Foundation), mandated for public diplomacy. This HLS is the feed used by Arirang's own arirang.com/live web player (its dedicated Akamai CDN, amdlive-chXX-ctnd-com / ctnd.com), free worldwide.","Verified valid HLS master: 4 variants 640x360 to 1920x1080. Channel 1 is Arirang's primary English-language global feed. Broadcaster's own CDN path.","medium","312"
"Live TV","General","Arirang TV (Korea) Korean / Channel 2","https://amdlive-ch02-ctnd-com.akamaized.net/arirang_2ch/smil:arirang_2ch.smil/playlist.m3u8","VIDEO","HLS","m3u8","","true","true","korean","KR","https://www.arirang.com/","PUBLIC_BROADCASTER","Arirang (Korea International Broadcasting Foundation), South Korea's public diplomacy broadcaster. Channel-2 HLS served from Arirang's own arirang.com/live player CDN (ctnd.com / amdlive Akamai), free worldwide.","Verified valid HLS master: 4 variants 640x360 to 1920x1080. Secondary Arirang feed. Broadcaster-owned CDN.","medium","313"
"Live TV","General","Bloomberg TV Originals","https://www.bloomberg.com/media-manifest/streams/originals.m3u8","VIDEO","HLS","m3u8","","true","true","english","US","https://www.bloomberg.com/","PUBLIC_BROADCASTER","Bloomberg TV, free news stream","Bloomberg Originals global live stream, free worldwide.","high","314"
"Live TV","News","Al Jazeera Arabic","https://live-hls-web-aja.getaj.net/AJA/index.m3u8","VIDEO","HLS","m3u8","","true","true","arabic","QA","https://www.aljazeera.net/","PUBLIC_BROADCASTER","Al Jazeera Arabic is the Qatar-based, publicly funded broadcaster's flagship Arabic news channel; this is Al Jazeera's own free live HLS endpoint on its official streaming infrastructure (getaj.net), the same domain used by aljazeera.net's web player. No DRM, no paywall.","AJA web feed. Master playlist with 240p-1080p adaptive variants. getaj.net is Al Jazeera's first-party CDN (same pattern as AJE/AJM). Verified reachable June 2026.","medium","315"
"Live TV","News","Al Jazeera English","https://live-hls-apps-aje-fa.getaj.net/AJE/index.m3u8","VIDEO","HLS","m3u8","","true","true","english","QA","https://www.aljazeera.com/","PUBLIC_BROADCASTER","Al Jazeera, publicly funded international news channel","Al Jazeera English web live feed, free worldwide.","medium","316"
"Live TV","News","Bloomberg TV Asia","https://www.bloomberg.com/media-manifest/streams/asia.m3u8","VIDEO","HLS","m3u8","","true","true","english","US","https://www.bloomberg.com/","PUBLIC_BROADCASTER","Bloomberg TV, free news stream","Bloomberg Asia business live stream, free worldwide.","high","317"
"Live TV","News","Bloomberg TV Europe","https://www.bloomberg.com/media-manifest/streams/eu.m3u8","VIDEO","HLS","m3u8","","true","true","english","US","https://www.bloomberg.com/","PUBLIC_BROADCASTER","Bloomberg TV, free news stream","Bloomberg Europe business live stream, free worldwide.","high","318"
"Live TV","News","Bloomberg TV US","https://www.bloomberg.com/media-manifest/streams/us.m3u8","VIDEO","HLS","m3u8","","true","true","english","US","https://www.bloomberg.com/","PUBLIC_BROADCASTER","Bloomberg TV, free news stream","Bloomberg US business live stream, free worldwide.","high","319"
"Live TV","News","Current Time / Nastoyashchee Vremya (RFE/RL) Russian","https://rfe-ingest.akamaized.net/hls/live/2033043/tvmc05/master.m3u8","VIDEO","HLS","m3u8","","true","true","russian","US","https://www.currenttime.tv/","GOV","Current Time (Nastoyashchee Vremya) is the free 24/7 Russian-language TV network of Radio Free Europe/Radio Liberty (RFE/RL), a network of the U.S. Agency for Global Media (USAGM). RFE/RL openly distributes this live feed for free public viewing via USAGM Direct (https://direct.usagm.gov/currenttime). U.S. government-funded public-service broadcaster; not a sanctioned state broadcaster.","Verified reachable: master.m3u8 returns HTTP 301 -> 200, redirecting to https://rferl-ingest.akamaized.net/hls/live/2121657/tvmc05/master.m3u8. Full adaptive ladder (240p/360p/480p/720p/1080p, 25fps) with primary and backup (-b) ingests. Confirmed genuinely live: media playlist (playlist_0720.m3u8) has rolling EXTINF segments, no EXT-X-ENDLIST, high media-sequence (~1.73M). The akamai master URL is the broadcaster's own published web-player endpoint, not an aggregator mirror.","medium","320"
"Live TV","News","DW (Deutsche Welle) English","https://dwamdstream102.akamaized.net/hls/live/2015525/dwstream102/master.m3u8","VIDEO","HLS","m3u8","6220","true","true","english","DE","https://www.dw.com/en/live-tv/channel-english","PUBLIC_BROADCASTER","Deutsche Welle is Germany's public, state-funded international broadcaster that distributes its channels free worldwide; this is DW's own Akamai live origin, openly accessible and not geo-blocked.","Verified live: valid HLS master, 5 variants up to 1920x1080 (1.06-6.22 Mbps) at 50fps with redundant '-b' failover paths. DW publishes this feed for global free reception.","high","321"
"Live TV","News","DW (Deutsche Welle) English","https://dwamdstream102.akamaized.net/hls/live/2015525/dwstream102/index.m3u8","VIDEO","HLS","m3u8","","true","true","english","DE","https://www.dw.com/en/live-tv/channel-english","PUBLIC_BROADCASTER","Deutsche Welle is Germany's public international broadcaster, funded by federal tax revenue; it publishes its English channel as a free-to-air worldwide live stream on dw.com. dwstream102 on DW's own Akamai CDN is the English (DW News) channel.","Master playlist verified valid (#EXTM3U, EXT-X-INDEPENDENT-SEGMENTS, 5 variants 480x270->1920x1080 ~6.2Mbps, subtitle support). dwstream102 = English; dwstream110/111 are German feeds.","medium","322"
"Live TV","News","DW (Deutsche Welle) Spanish","https://dwamdstream104.akamaized.net/hls/live/2015530/dwstream104/master.m3u8","VIDEO","HLS","m3u8","","true","true","spanish","DE","https://www.dw.com/es/","PUBLIC_BROADCASTER","Deutsche Welle is Germany's public, federally funded international broadcaster; DW Espanol is distributed free-to-air via DW's own Akamai live HLS endpoint (dwamdstream104.akamaized.net). No DRM, no paywall.","DW Espanol feed (stream id 2015530). Master playlist offers 480p-1080p variants at 50fps. Verified reachable June 2026.","medium","323"
"Live TV","News","DW Arabic","https://dwamdstream103.akamaized.net/hls/live/2015526/dwstream103/master.m3u8","VIDEO","HLS","m3u8","2000","true","true","arabic","DE","https://www.dw.com/ar/","PUBLIC_BROADCASTER","Deutsche Welle (German public international broadcaster) free worldwide distribution; DW's own Akamai live origin, openly accessible.","Verified live: valid HLS master, 3 variants all 1280x720 (500/700/2000 kbps) H.264+AAC 29.97fps. Arabic-language DW channel.","high","324"
"Live TV","News","Euronews English","https://cdn-euronews.akamaized.net/live/eds/euronews-en/25080/euronews-en.m3u8","VIDEO","HLS","m3u8","","true","true","english","FR","https://www.euronews.com/","PUBLIC_BROADCASTER","Euronews, free news stream","Euronews English live feed on Akamai CDN.","medium","325"
"Live TV","News","Euronews French","https://cdn-euronews.akamaized.net/live/eds/euronews-fr/25026/index.m3u8","VIDEO","HLS","m3u8","","true","true","french","FR","https://fr.euronews.com/","PUBLIC_BROADCASTER","Euronews is a pan-European public-service news network; this is Euronews' own free live HLS endpoint on its first-party CDN (cdn-euronews.akamaized.net), as used by euronews.com/live. No DRM, no paywall.","euronews-fr feed (id 25026). Master playlist with 240p-720p adaptive variants at 25fps. Verified reachable June 2026.","medium","326"
"Live TV","News","Euronews German","https://cdn-euronews.akamaized.net/live/eds/euronews-de/25027/index.m3u8","VIDEO","HLS","m3u8","","true","true","german","FR","https://de.euronews.com/","PUBLIC_BROADCASTER","Euronews is a pan-European public-service news network; this is Euronews' own free live HLS endpoint on its first-party CDN (cdn-euronews.akamaized.net), as used by euronews.com/live. No DRM, no paywall.","euronews-de feed (id 25027). Master playlist with adaptive variants at 25fps. Verified reachable June 2026.","medium","327"
"Live TV","News","Euronews Italian","https://cdn-euronews.akamaized.net/live/eds/euronews-it/25085/index.m3u8","VIDEO","HLS","m3u8","","true","true","italian","FR","https://it.euronews.com/","PUBLIC_BROADCASTER","Euronews is a pan-European public-service news network; this is Euronews' own free live HLS endpoint on its first-party CDN (cdn-euronews.akamaized.net), as used by euronews.com/live. No DRM, no paywall.","euronews-it feed (id 25085). Master playlist with 240p-720p adaptive variants at 25fps. Verified reachable June 2026.","medium","328"
"Live TV","News","Euronews Portuguese","https://cdn-euronews.akamaized.net/live/eds/euronews-pt/25040/index.m3u8","VIDEO","HLS","m3u8","","true","true","portuguese","FR","https://pt.euronews.com/","PUBLIC_BROADCASTER","Euronews is a pan-European public-service news network; this is Euronews' own free live HLS endpoint on its first-party CDN (cdn-euronews.akamaized.net), as used by euronews.com/live. No DRM, no paywall.","euronews-pt feed (id 25040). Master playlist with 240p-720p adaptive variants at 25fps. Verified reachable June 2026.","medium","329"
"Live TV","News","Euronews Spanish","https://cdn-euronews.akamaized.net/live/eds/euronews-es/25053/index.m3u8","VIDEO","HLS","m3u8","","true","true","spanish","FR","https://es.euronews.com/","PUBLIC_BROADCASTER","Euronews is a pan-European public-service news network; this is Euronews' own free live HLS endpoint on its first-party CDN (cdn-euronews.akamaized.net), as used by euronews.com/live. No DRM, no paywall.","euronews-es feed (id 25053). Master playlist with 240p-720p adaptive variants at 25fps. Verified reachable June 2026.","medium","330"
"Live TV","News","France 24 Arabic","https://live.france24.com/hls/live/2037222/F24_AR_HI_HLS/master_5000.m3u8","VIDEO","HLS","m3u8","","true","true","arabic","FR","https://www.france24.com/ar/","PUBLIC_BROADCASTER","France 24 is France's public international news channel (France Medias Monde, state-funded); this is France 24's own live HLS endpoint on its first-party CDN (live.france24.com). Free-to-air, no DRM, no paywall.","F24_AR feed (stream id 2037222), 1080p quality ladder. Verified reachable June 2026.","medium","331"
"Live TV","News","France 24 French","https://live.france24.com/hls/live/2037179/F24_FR_HI_HLS/master_5000.m3u8","VIDEO","HLS","m3u8","","true","true","french","FR","https://www.france24.com/fr/","PUBLIC_BROADCASTER","France 24 is France's public international news channel (France Medias Monde, state-funded); this is France 24's own live HLS endpoint on its first-party CDN (live.france24.com). Free-to-air, no DRM, no paywall.","F24_FR feed (stream id 2037179), 1080p quality ladder. master_5000.m3u8 resolves to a media playlist directly. Verified reachable June 2026.","medium","332"
"Live TV","News","France 24 Spanish","https://live.france24.com/hls/live/2037220/F24_ES_HI_HLS/master_5000.m3u8","VIDEO","HLS","m3u8","","true","true","spanish","FR","https://www.france24.com/es/","PUBLIC_BROADCASTER","France 24 is France's public international news channel (France Medias Monde, state-funded); this is France 24's own live HLS endpoint on its first-party CDN (live.france24.com). Free-to-air, no DRM, no paywall.","F24_ES feed (stream id 2037220), 1080p quality ladder. Verified reachable June 2026.","medium","333"
"Live TV","News","NBC News NOW","https://xumo-drct-nbcnn-ir8ze.fast.nbcuni.com/live/master.m3u8","VIDEO","HLS","m3u8","","true","true","english","US","https://www.nbcnews.com/now","PUBLIC_BROADCASTER","NBC News free streaming channel on NBCUniversal infrastructure","Current live HLS endpoint verified alive via liveness probe.","medium","334"
"Live TV","News","NHK World-Japan English","https://media-tyo.hls.nhkworld.jp/hls/w/live/master.m3u8","VIDEO","HLS","m3u8","","true","true","english","JP","https://www3.nhk.or.jp/nhkworld/","PUBLIC_BROADCASTER","NHK World-Japan is the free international service of NHK, Japan's public-service broadcaster. This HLS master is served from NHK's own domain (media-tyo.hls.nhkworld.jp) used by NHK's official web/app live player; offered free worldwide.","Verified valid HLS master: 4 video variants (320x180 to 1280x720), 2 audio groups, English subtitle track, 29.97fps. Broadcaster-owned domain (nhkworld.jp). English-language 24/7 international news/general.","medium",""
"Live TV","News","RTVE Canal 24 Horas (Spain) Spanish","https://rtvelivestream.rtve.es/rtvesec/24h/24h_main_dvr.m3u8","VIDEO","HLS","m3u8","","true","true","spanish","ES","https://www.rtve.es/play/videos/directo/24h/","PUBLIC_BROADCASTER","RTVE (Corporacion de Radio y Television Espanola) is Spain's public-service broadcaster; Canal 24 Horas is its free-to-air rolling-news channel. HLS served from RTVE's own domain (rtvelivestream.rtve.es), the endpoint used by the rtve.es/play live player.","Documented on RTVE's own streaming host (rtvelivestream.rtve.es), feed of the official rtve.es/play 24h directo player. Direct fetch was blocked by a UA/geo guard so live-reachability could not be byte-confirmed in this run; URL ownership is the broadcaster's. Treat as lower confidence and re-verify from the official player before use.","low","335"
"Live TV","News","TRT World English","https://tv-trtworld.live.trt.com.tr/master.m3u8","VIDEO","HLS","m3u8","","true","true","english","TR","https://www.trtworld.com/live","PUBLIC_BROADCASTER","TRT World is the English-language international news channel of TRT (Turkish Radio and Television Corporation), Turkey's public broadcaster; it is free-to-air worldwide and streamed free on trtworld.com. tv-trtworld.live.trt.com.tr is TRT's own streaming domain (trt.com.tr).","Broadcaster-owned origin (trt.com.tr). Direct WebFetch to the CDN was geo/edge-refused, but this is the documented official master playlist; alternate explicit-rendition URL tv-trtworld.live.trt.com.tr/master_1080.m3u8. Verify reachability on device.","medium","336"
"Live TV","Sports","Red Bull TV","https://rbmn-live.akamaized.net/hls/live/590964/BoRB-AT/master.m3u8","VIDEO","HLS","m3u8","7612","true","true","english","AT","https://www.redbull.com/int-en/channels/best-of-red-bull-stream","PUBLIC_BROADCASTER","Red Bull Media House operates Red Bull TV as a free, ad-free, no-login streaming channel and publishes this 'Best of Red Bull' (BoRB) 24/7 live HLS as its own first-party content - not a re-streamed third-party commercial channel.","Verified live: valid HLS master, 6 variants 320x180 up to 1920x1080 (0.30-7.61 Mbps) with CC, 30fps. First-party operator feed; free to watch globally.","high","337"
"Open movies","Movie","Big Buck Bunny (Blender download server, 640x360 m4v)","https://download.blender.org/peach/bigbuckbunny_movies/BigBuckBunny_640x360.m4v","VIDEO","PROGRESSIVE","m4v","","false","true","","NL","https://peach.blender.org/","CREATIVE_COMMONS","Blender Foundation 'Peach' open movie, CC BY 3.0; served directly from the official Blender download server.","Verified live in sandbox: HTTP 206, Content-Type video/x-m4v. Official Blender-hosted source (most authoritative attribution).","high",""
"Open movies","Movie","Big Buck Bunny (Blender download server, 720p H.264 mov)","https://download.blender.org/peach/bigbuckbunny_movies/big_buck_bunny_720p_h264.mov","VIDEO","PROGRESSIVE","mov","","false","true","","NL","https://peach.blender.org/","CREATIVE_COMMONS","Blender Foundation 'Peach' open movie, CC BY 3.0; served directly from the official Blender download server.","Verified live in sandbox: HTTP 206, Content-Type video/quicktime. QuickTime/H.264 720p container.","high",""
"Open movies","Movie","Big Buck Bunny (Google sample bucket, progressive mp4)","https://commondatastorage.googleapis.com/gtv-videos-bucket/sample/BigBuckBunny.mp4","VIDEO","PROGRESSIVE","mp4","","false","true","","NL","https://peach.blender.org/","CREATIVE_COMMONS","Blender Foundation 'Peach' open movie, released under Creative Commons Attribution 3.0 (CC BY 3.0); free to use, redistribute and modify with attribution.","Canonical Google Test Media bucket URL (gtv-videos-bucket/sample). Widely used vendor sample. Could not 2xx-verify from this sandbox (GCS returned anonymous-access denial consistent with egress-proxy block, not a 404); URL corroborated by Bitmovin/OTTVerse/GitHub gist sources.","high",""
"Open movies","Movie","Caminandes 3: Llamigos (Internet Archive, 1080p mp4)","https://archive.org/download/CaminandesLlamigos/Caminandes_%20Llamigos-1080p.mp4","VIDEO","PROGRESSIVE","mp4","","false","true","","NL","https://studio.blender.org/projects/caminandes-3/","CREATIVE_COMMONS","Blender Foundation Caminandes: Llamigos open movie, CC BY 4.0 ('Free Culture'); mirrored on the Internet Archive.","Verified live in sandbox: HTTP 206, Content-Type video/mp4. URL percent-encoded; resolves correctly.","high","338"
"Open movies","Movie","Cosmos Laundromat: First Cycle (Internet Archive, 1080p mp4)","https://archive.org/download/CosmosLaundromatFirstCycle/Cosmos%20Laundromat%20-%20First%20Cycle%20%281080p%29.mp4","VIDEO","PROGRESSIVE","mp4","","false","true","english","NL","https://gooseberry.blender.org/","CREATIVE_COMMONS","Blender Foundation 'Gooseberry' open movie, CC BY 4.0; mirrored on the Internet Archive.","Verified live in sandbox: HTTP 206, Content-Type video/mp4. URL is percent-encoded (spaces and parentheses) and resolves correctly.","high","339"
"Open movies","Movie","Elephants Dream (Google sample bucket, progressive mp4)","https://commondatastorage.googleapis.com/gtv-videos-bucket/sample/ElephantsDream.mp4","VIDEO","PROGRESSIVE","mp4","","false","true","","NL","https://orange.blender.org/","CREATIVE_COMMONS","Blender Foundation 'Orange' open movie (first open movie), released under Creative Commons Attribution 2.5 (CC BY 2.5); free to redistribute and modify with attribution.","Canonical Google Test Media bucket URL. Sandbox egress returned a GCS anonymous-access denial (not 404); URL corroborated by multiple public sample-stream catalogs.","high",""
"Open movies","Movie","Elephants Dream (Internet Archive, 1024p mp4)","https://archive.org/download/ElephantsDream/ed_1024_512kb.mp4","VIDEO","PROGRESSIVE","mp4","512","false","true","english","NL","https://archive.org/details/ElephantsDream","CREATIVE_COMMONS","Blender Foundation 'Orange' open movie, CC BY 2.5; mirrored on the Internet Archive.","Verified live in sandbox: HTTP 206, Content-Type video/mp4. ~512 kbps encode (ed_1024_512kb.mp4).","high","340"
"Open movies","Movie","Sintel (Akamai/Bitmovin bitdash, HLS playlist)","https://bitdash-a.akamaihd.net/content/sintel/hls/playlist.m3u8","VIDEO","HLS","m3u8","","false","true","english","AT","https://bitmovin.com/blog/mpeg-dash-hls-examples-sample-streams/","CREATIVE_COMMONS","Blender 'Durian' Sintel (CC BY 3.0) packaged as an adaptive HLS sample stream published by Bitmovin on Akamai for public player testing.","Could not 2xx-verify from this sandbox: Akamai edge returned 403 'Access Denied' (typical referer/geo restriction from the sandbox egress IP), not a dead URL. Canonical Bitmovin/OTTVerse-listed sample.","medium","341"
"Open movies","Movie","Sintel (Google sample bucket, progressive mp4)","https://commondatastorage.googleapis.com/gtv-videos-bucket/sample/Sintel.mp4","VIDEO","PROGRESSIVE","mp4","","false","true","english","NL","https://durian.blender.org/","CREATIVE_COMMONS","Blender Foundation 'Durian' open movie, released under Creative Commons Attribution 3.0 (CC BY 3.0); free to redistribute and modify with attribution.","Canonical Google Test Media bucket URL. Sandbox egress returned a GCS anonymous-access denial (not 404); corroborated by public catalogs.","high",""
"Open movies","Movie","Sintel (Internet Archive, 2048 surround mp4)","https://archive.org/download/Sintel/sintel-2048-surround.mp4","VIDEO","PROGRESSIVE","mp4","","false","true","english","NL","https://archive.org/details/Sintel","CREATIVE_COMMONS","Blender Foundation 'Durian' open movie, CC BY 3.0; mirrored on the Internet Archive.","Verified live in sandbox: HTTP 206, Content-Type video/mp4. High-res 2048 surround-audio encode.","high","342"
"Open movies","Movie","Tears of Steel (Blender download server, 720p mov)","https://download.blender.org/demo/movies/ToS/tears_of_steel_720p.mov","VIDEO","PROGRESSIVE","mov","","false","true","english","NL","https://mango.blender.org/","CREATIVE_COMMONS","Blender Foundation 'Mango' open movie, CC BY 3.0; served directly from the official Blender download server.","Verified live in sandbox: HTTP 206, Content-Type video/quicktime. Official Blender-hosted Tears of Steel demo file.","high","343"
"Open movies","Movie","Tears of Steel (Google sample bucket, progressive mp4)","https://commondatastorage.googleapis.com/gtv-videos-bucket/sample/TearsOfSteel.mp4","VIDEO","PROGRESSIVE","mp4","","false","true","english","NL","https://mango.blender.org/","CREATIVE_COMMONS","Blender Foundation 'Mango' open movie, released under Creative Commons Attribution 3.0 (CC BY 3.0); free to redistribute and modify with attribution.","Canonical Google Test Media bucket URL. Sandbox egress returned a GCS anonymous-access denial (not 404); corroborated by public catalogs.","high","344"
"Open movies","Movie","Tears of Steel (Unified Streaming demo, HLS master)","https://demo.unified-streaming.com/k8s/features/stable/video/tears-of-steel/tears-of-steel.mp4/.m3u8","VIDEO","HLS","m3u8","493-2468","false","true","english","NL","https://demo.unified-streaming.com/k8s/features/stable/","CREATIVE_COMMONS","Blender 'Mango' Tears of Steel (CC BY 3.0) packaged as an adaptive HLS demo stream by Unified Streaming for public testing.","Verified live in sandbox: HTTP 206, Content-Type application/vnd.apple.mpegurl. Master lists H.264 (224x100..1680x750) and HEVC variants. Manifest generated on the fly by the origin.","high","345"
"Open movies","Movie","Tears of Steel (Unified Streaming demo, MPEG-DASH manifest)","https://demo.unified-streaming.com/k8s/features/stable/video/tears-of-steel/tears-of-steel.mp4/.mpd","VIDEO","DASH","mpd","493-2468","false","true","english","NL","https://demo.unified-streaming.com/k8s/features/stable/","CREATIVE_COMMONS","Blender 'Mango' Tears of Steel (CC BY 3.0) packaged as an adaptive MPEG-DASH demo by Unified Streaming for public testing.","Verified live in sandbox: HTTP 206, Content-Type application/dash+xml. Same source asset as the HLS variant; manifest generated on the fly.","high","346"
"Test stream","Test pattern","Akamai Big Buck Bunny 30fps (DASH VOD, up to 4K)","https://dash.akamaized.net/akamai/bbb_30fps/bbb_30fps.mpd","VIDEO","DASH","mpd","254-14932","false","true","english","US","https://dash.akamaized.net/akamai/bbb_30fps/","TEST","Vendor (Akamai) public DASH test asset; content is Blender's Big Buck Bunny, CC-BY 3.0 open movie.","Verified live: MPD type=static, 10 AVC video representations 320x180 (254k) up to 3840x2160 4K (14932k), avc1 codecs, AAC 64k audio.","high",""
"Test stream","Test pattern","Akamai Envivio Dash3 (DASH VOD, 1080p AVC)","https://dash.akamaized.net/envivio/EnvivioDash3/manifest.mpd","VIDEO","DASH","mpd","200-5300","false","true","english","US","https://dash.akamaized.net/","TEST","Vendor (Akamai/Envivio) public DASH test vector hosted on dash.akamaized.net for player conformance.","Verified live: MPD type=static, ~193.68s, H.264 avc1.4D401E 9 reps 320x180 (200k) to 1920x1080 (5.3M), AAC 130.8k. Classic DASH player test stream.","high",""
"Test stream","Test pattern","Apple Advanced BipBop (fMP4)","https://devstreaming-cdn.apple.com/videos/streaming/examples/img_bipbop_adv_example_fmp4/master.m3u8","VIDEO","HLS","m3u8","2200-8000","false","true","english","US","https://developer.apple.com/streaming/examples/","TEST","vendor public test stream","Verified 200 OK; HLS v6 fMP4 CMAF master, 480p-1080p60, AAC/AC-3/EC-3 audio, I-frame trick-play, CC + subtitles. Vendor test URLs may rotate.","high","347"
"Test stream","Test pattern","Apple Advanced BipBop (MPEG-TS)","https://devstreaming-cdn.apple.com/videos/streaming/examples/img_bipbop_adv_example_ts/master.m3u8","VIDEO","HLS","m3u8","2200-","false","true","english","US","https://developer.apple.com/streaming/examples/","TEST","vendor public test stream","Verified 200 OK; HLS v6 TS-segment master, first variant 960x540@60 ~2.2 Mbps, audio/CC/subtitle media groups. Vendor test URLs may rotate.","high","348"
"Test stream","Test pattern","Apple Advanced Stream - Dolby Vision + Atmos","https://devstreaming-cdn.apple.com/videos/streaming/examples/adv_dv_atmos/main.m3u8","VIDEO","HLS","m3u8","2200-","false","true","english","US","https://developer.apple.com/streaming/examples/advanced-stream-dv-atmos.html","TEST","vendor public test stream","Verified 200 OK; SDR/HDR10+/Dolby Vision variants with stereo/5.1/Atmos audio and multi-language subtitles. Vendor test URLs may rotate.","high","349"
"Test stream","Test pattern","Apple BipBop 16x9 (variant)","https://devstreaming-cdn.apple.com/videos/streaming/examples/bipbop_16x9/bipbop_16x9_variant.m3u8","VIDEO","HLS","m3u8","264-","false","true","english","US","https://developer.apple.com/streaming/examples/","TEST","vendor public test stream","Verified 200 OK; 16:9 master with audio + subtitle media groups, first variant 416x234 @ ~264 kbps. Vendor test URLs may rotate.","high","350"
"Test stream","Test pattern","Apple BipBop 4x3 (advanced variant)","https://devstreaming-cdn.apple.com/videos/streaming/examples/bipbop_4x3/bipbop_4x3_variant.m3u8","VIDEO","HLS","m3u8","232-1900","false","true","english","US","https://developer.apple.com/streaming/examples/","TEST","vendor public test stream","Verified 200 OK; classic Apple HLS reference master with 5 gears (audio-only + 416x234..960x540). TS segments. Vendor test URLs may rotate.","high","351"
"Test stream","Test pattern","Apple Immersive 3D Video Example (historic_planet)","https://devstreaming-cdn.apple.com/videos/streaming/examples/historic_planet_content_2023-10-26-3d-video/main.m3u8","VIDEO","HLS","m3u8","","false","true","english","US","https://developer.apple.com/streaming/examples/advanced-stream-3d.html","TEST","vendor public test stream","Verified 200 OK; HLS v12 master, 24 Dolby Vision (dvh1) variants 360p-4K with AC-3/Atmos. 3D/spatial test asset; may not decode on plain players. Vendor test URLs may rotate.","high","352"
"Test stream","Test pattern","Bitmovin Art of Motion (DASH VOD)","https://cdn.bitmovin.com/content/assets/art-of-motion-dash-hls-progressive/mpds/f08e80da-bf1d-4e3d-8899-f0f6155f6efa.mpd","VIDEO","DASH","mpd","","false","true","english","AT","https://bitmovin.com/blog/mpeg-dash-hls-examples-sample-streams/","TEST","Vendor (Bitmovin) official public sample stream documented in Bitmovin's free DASH/HLS examples blog.","Official Bitmovin 'Art of Motion' DASH test stream. WebFetch returned HTTP 403 (CDN referer/origin-gated) so could not parse manifest directly; URL is the documented current Bitmovin sample and plays in players. Legacy mirror: https://bitmovin-a.akamaihd.net/content/MI201109210084_1/mpds/f08e80da-bf1d-4e3d-8899-f0f6155f6efa.mpd","medium","353"
"Test stream","Test pattern","Bitmovin Art of Motion (HLS)","https://cdn.bitmovin.com/content/assets/art-of-motion-dash-hls-progressive/m3u8s/f08e80da-bf1d-4e3d-8899-f0f6155f6efa.m3u8","VIDEO","HLS","m3u8","","false","true","english","AT","https://bitmovin.com/demos/stream-test/","TEST","vendor public test stream (Bitmovin's own 'Art of Motion' demo footage)","Current Bitmovin CDN path for the classic 'Art of Motion' HLS sample (legacy bitdash-a.akamaihd.net host now 403s). WebFetch returned 403 (CDN hotlink/UA filtering); not byte-verified here. URLs may rotate.","medium","354"
"Test stream","Test pattern","Bitmovin Sintel (HLS)","https://cdn.bitmovin.com/content/assets/streams-sample-video/sintel/m3u8/index.m3u8","VIDEO","HLS","m3u8","","false","true","english","AT","https://bitmovin.com/demos/stream-test/","TEST","vendor public test stream (Bitmovin demo; underlying content is CC Sintel open movie)","Current Bitmovin CDN path for the Sintel HLS sample (old bitdash-a.akamaihd.net host now 403s). WebFetch returned 403 (CDN hotlink/User-Agent filtering), so could not byte-verify here; native players typically play it. URLs may rotate.","medium","355"
"Test stream","Test pattern","DASH-IF Akamai TestCasesUHD 4K HEVC MultiRate","https://dash.akamaized.net/dash264/TestCasesUHD/2b/11/MultiRate.mpd","VIDEO","DASH","mpd","5700-10900","false","true","english","US","https://dash.akamaized.net/dash264/","TEST","DASH-IF UHD test vector hosted on Akamai dash.akamaized.net; free public conformance content.","Verified live: MPD type=static, ~11m59s, HEVC/H.265 3840x2160 @60fps three rates 5.7/8.3/10.9 Mbps, AAC 64k. For 4K HEVC DASH testing.","high",""
"Test stream","Test pattern","DASH-IF livesim (legacy) testpic 24/7 live","https://livesim.dashif.org/livesim/testpic_2s/Manifest.mpd","VIDEO","DASH","mpd","","true","true","","SE","https://livesim.dashif.org/","TEST","DASH-IF reference live source simulator (legacy livesim, replaces retired vm2.dashif.org); free public test service.","Documented standard 24/7 dynamic live stream using $Number$ template. From DASH-IF live-source-simulator Test-URLs wiki; not re-fetched in this run but is the canonical legacy livesim endpoint.","medium",""
"Test stream","Test pattern","DASH-IF livesim low-latency chunked single-rate live","https://livesim.dashif.org/livesim/chunkdur_1/ato_7/testpic4_8s/Manifest.mpd","VIDEO","DASH","mpd","","true","true","","SE","https://livesim.dashif.org/","TEST","DASH-IF reference live source simulator; free public low-latency DASH test endpoint.","Documented low-latency (chunked) dynamic live DASH stream, AVC+AAC, 8s segments with 1s chunk duration and availabilityTimeOffset. From OTTVerse/DASH-IF references; not re-fetched in this run.","medium",""
"Test stream","Test pattern","DASH-IF livesim2 testpic (live, $Number$ template)","https://livesim2.dashif.org/livesim2/testpic_2s/Manifest.mpd","VIDEO","DASH","mpd","300","true","true","","SE","https://livesim2.dashif.org/","TEST","DASH Industry Forum reference live-source simulator (livesim2); free public test service operated by DASH-IF.","Verified live: MPD type=dynamic, minimumUpdatePeriod=PT2S, timeShiftBufferDepth=PT1M, 640x360 300k video + 48k audio. 24/7 wall-clock synced.","high",""
"Test stream","Test pattern","DASH-IF livesim2 testpic (live, SCTE-35 ad markers)","https://livesim2.dashif.org/livesim2/scte35_2/testpic_2s/Manifest.mpd","VIDEO","DASH","mpd","300","true","true","","SE","https://livesim2.dashif.org/","TEST","DASH-IF reference livesim2 service; free public DASH test infrastructure.","Verified live: MPD type=dynamic with InbandEventStream schemeIdUri urn:scte:scte35:2013:bin (SCTE-35 splice cues). For ad-insertion testing.","high",""
"Test stream","Test pattern","DASH-IF livesim2 testpic (live, SegmentTimeline)","https://livesim2.dashif.org/livesim2/segtimeline_1/testpic_2s/Manifest.mpd","VIDEO","DASH","mpd","300","true","true","","SE","https://livesim2.dashif.org/","TEST","DASH-IF reference livesim2 service; free public DASH conformance/test infrastructure.","Verified live: MPD type=dynamic using SegmentTimeline for both audio and video. Useful for testing timeline-based live playback.","high",""
"Test stream","Test pattern","Mux/hls.js ARTE China (ABR)","https://test-streams.mux.dev/test_001/stream.m3u8","VIDEO","HLS","m3u8","","false","true","english","US","https://test-streams.mux.dev/","TEST","vendor public test stream","Listed on Mux test-streams index as 'ARTE China, ABR'. Used as an hls.js test asset. Vendor test URLs may rotate.","medium",""
"Test stream","Test pattern","Mux/hls.js Big Buck Bunny (adaptive)","https://test-streams.mux.dev/x36xhzz/x36xhzz.m3u8","VIDEO","HLS","m3u8","","false","true","english","US","https://test-streams.mux.dev/","TEST","vendor public test stream (Mux-hosted hls.js test asset; underlying content is CC Blender open movie)","Confirmed on Mux test-streams index; the canonical hls.js ABR test (Big Buck Bunny, 240p-1080p, H.264/AAC). Vendor test URLs may rotate.","high",""
"Test stream","Test pattern","Mux/hls.js PTS-shifted (DK Turntable)","https://test-streams.mux.dev/pts_shift/master.m3u8","VIDEO","HLS","m3u8","","false","true","english","US","https://test-streams.mux.dev/","TEST","vendor public test stream","Listed on Mux test-streams index as 'DK Turntable, PTS shifted by 2.3s' - edge-case timestamp test. Vendor test URLs may rotate.","medium",""
"Test stream","Test pattern","Mux/hls.js Tears of Steel (IMSC captions)","https://test-streams.mux.dev/tos_ismc/main.m3u8","VIDEO","HLS","m3u8","","false","true","english","US","https://test-streams.mux.dev/","TEST","vendor public test stream (Mux-hosted; underlying content is CC Tears of Steel)","Listed on Mux test-streams index; HLS with IMSC1 captions. Vendor test URLs may rotate.","high",""
"Test stream","Test pattern","Unified Streaming SCTE-35 Live","https://demo.unified-streaming.com/k8s/live/stable/scte35.isml/.m3u8","VIDEO","HLS","m3u8","598-","true","true","english","NL","https://demo.unified-streaming.com/k8s/live/stable/","TEST","vendor public test stream","Verified 200 OK; live master, no EXT-X-ENDLIST, 1280x720@25 ~598 kbps, carries SCTE-35 ad markers. Vendor test URLs may rotate.","high","356"
"Test stream","Test pattern","Unified Streaming Tears of Steel (DASH VOD)","https://demo.unified-streaming.com/k8s/features/stable/video/tears-of-steel/tears-of-steel.ism/.mpd","VIDEO","DASH","mpd","401-2200","false","true","english","NL","https://demo.unified-streaming.com/k8s/features/stable/","TEST","Vendor (Unified Streaming) public demo server; content is Blender's Tears of Steel, CC-BY 3.0 open movie.","Verified live: MPD type=static, ~12m14s, AVC 224x100 (401k) up to 1680x750 (2200k), AAC 64k/128k. SegmentTimeline.","high","357"
"Test stream","Test pattern","Unified Streaming Tears of Steel (VOD)","https://demo.unified-streaming.com/k8s/features/stable/video/tears-of-steel/tears-of-steel.ism/.m3u8","VIDEO","HLS","m3u8","493-","false","true","english","NL","https://demo.unified-streaming.com/k8s/features/stable/","TEST","vendor public test stream (Unified Streaming demo; underlying content is CC Tears of Steel)","Verified 200 OK; multi-bitrate VOD master from .ism, first variant 224x100 ~493 kbps. Vendor test URLs may rotate.","high","358"
"Live TV","Auto","Garage TV Latin America (Garage TV Latin America)","https://stream1.sersat.com/hls/garagetv.m3u8","VIDEO","HLS","m3u8","","true","true","","AR","http://elgarage.com/","COMMUNITY","iptv-org public index, publicly listed free stream (verify broadcaster-official before promote)","iptv-org; categories=auto; quality=","medium","359"
"Live TV","Business","Asharq News (Asharq News)","https://live-news.asharq.com/asharq.m3u8","VIDEO","HLS","m3u8","","true","true","","SA","https://asharq.com/","COMMUNITY","iptv-org public index, publicly listed free stream (verify broadcaster-official before promote)","iptv-org; categories=business|news; quality=1080p","medium","360"
"Live TV","Business","Asharq Radio (Asharq Radio)","https://svs.itworkscdn.net/asharqradiovlive/asharqradiov/playlist.m3u8","VIDEO","HLS","m3u8","","true","true","","SA","https://asharqbusiness.com/radio/","COMMUNITY","iptv-org public index, publicly listed free stream (verify broadcaster-official before promote)","iptv-org; categories=business|news; quality=1080p","medium","361"
"Live TV","Business","Bloomberg HT (Bloomberg HT)","https://tv.ensonhaber.com/bloomberght/bloomberght.m3u8","VIDEO","HLS","m3u8","","true","true","","TR","https://www.bloomberght.com/tv","COMMUNITY","iptv-org public index, publicly listed free stream (verify broadcaster-official before promote)","iptv-org; categories=business; quality=720p","medium","362"
"Live TV","Business","Canal E (Canal E)","https://unlimited1-us.dps.live/perfiltv/perfiltv.smil/playlist.m3u8","VIDEO","HLS","m3u8","","true","true","","AR","https://www.perfil.com/canal-e","COMMUNITY","iptv-org public index, publicly listed free stream (verify broadcaster-official before promote)","iptv-org; categories=business|news; quality=720p","medium","363"
"Live TV","Business","CNBC Awaaz (CNBC Awaaz)","https://n18syndication.akamaized.net/bpk-tv/CNBC_Awaaz_NW18_MOB/output01/master.m3u8","VIDEO","HLS","m3u8","","true","true","","IN","http://hindi.moneycontrol.com/","COMMUNITY","iptv-org public index, publicly listed free stream (verify broadcaster-official before promote)","iptv-org; categories=business; quality=1080p","medium","364"
"Live TV","Business","CNBC Bajar (CNBC Bajar)","https://n18syndication.akamaized.net/bpk-tv/CNBC_Bazaar_NW18_MOB/output01/master.m3u8","VIDEO","HLS","m3u8","","true","true","","IN","http://gujarati.moneycontrol.com/","COMMUNITY","iptv-org public index, publicly listed free stream (verify broadcaster-official before promote)","iptv-org; categories=business; quality=1080p","medium","365"
"Live TV","Business","CNBC Indonesia (CNBC Indonesia)","https://live.cnbcindonesia.com/livecnbc/smil:cnbctv.smil/master.m3u8","VIDEO","HLS","m3u8","","true","true","","ID","https://www.cnbcindonesia.com/","COMMUNITY","iptv-org public index, publicly listed free stream (verify broadcaster-official before promote)","iptv-org; categories=business; quality=720p","medium","366"
"Live TV","Business","CNBC TV18 (CNBC TV18)","https://n18syndication.akamaized.net/bpk-tv/CNBC_TV18_NW18_MOB/output01/index.m3u8","VIDEO","HLS","m3u8","","true","true","","IN","https://www.cnbctv18.com/","COMMUNITY","iptv-org public index, publicly listed free stream (verify broadcaster-official before promote)","iptv-org; categories=business; quality=1080p","medium","367"
"Live TV","Business","CNBC TV18 Prime HD (CNBC TV18 Prime HD)","https://n18syndication.akamaized.net/bpk-tv/CNBC_Tv18_Prime_HD_NW18_MOB/output01/index.m3u8","VIDEO","HLS","m3u8","","true","true","","IN","https://www.cnbctv18.com/prime/","COMMUNITY","iptv-org public index, publicly listed free stream (verify broadcaster-official before promote)","iptv-org; categories=business; quality=1080p","medium","368"
"Live TV","Business","CNBC-e (CNBC-e)","https://hnpsechtsc.turknet.ercdn.net/xpnvudnlsv/cnbc-e/cnbc-e.m3u8","VIDEO","HLS","m3u8","","true","true","","TR","https://cnbce.com/","COMMUNITY","iptv-org public index, publicly listed free stream (verify broadcaster-official before promote)","iptv-org; categories=business|series; quality=","medium","369"
"Live TV","Business","ET Now Swadesh (ET Now Swadesh)","https://d32gxr3r1ksq2p.cloudfront.net/master.m3u8","VIDEO","HLS","m3u8","","true","true","","IN","https://www.timesnownews.com/live-tv/et-now-swadesh","COMMUNITY","iptv-org public index, publicly listed free stream (verify broadcaster-official before promote)","iptv-org; categories=business; quality=720p","medium","370"
"Live TV","Business","NDTV Profit (NDTV Profit)","https://ndtvprofit.akamaized.net/hls/live/2107404/ndtvprofit/master_1.m3u8","VIDEO","HLS","m3u8","","true","true","","IN","http://profit.ndtv.com/","COMMUNITY","iptv-org public index, publicly listed free stream (verify broadcaster-official before promote)","iptv-org; categories=business; quality=1080p","medium","371"
"Live TV","Classic","LAMIL35 TV (LAMIL35 TV)","https://vd01.streaminghd.net.ar:3349/live/bzuctkgnlive.m3u8","VIDEO","HLS","m3u8","","true","true","","AR","https://www.lamil35.com.ar/","COMMUNITY","iptv-org public index, publicly listed free stream (verify broadcaster-official before promote)","iptv-org; categories=classic|entertainment|animation; quality=","medium","372"
"Live TV","Comedy","ETV Comedy (ETV Comedy)","https://cc-wie8j8y69d2uy.akamaized.net/WWBI/Amagi/ETV_Comedy_IN/playlist.m3u8","VIDEO","HLS","m3u8","","true","true","","IN","","COMMUNITY","iptv-org public index, publicly listed free stream (verify broadcaster-official before promote)","iptv-org; categories=comedy; quality=1080p","medium",""
"Live TV","Comedy","Sirippoli TV (Sirippoli TV)","http://ptuf.ridsys.in/riptv/live/KALAIGNAR_SIRIPOLI/index.m3u8","VIDEO","HLS","m3u8","","true","false","","IN","","COMMUNITY","iptv-org public index, publicly listed free stream (verify broadcaster-official before promote)","iptv-org; categories=comedy; quality=576p","medium",""
"Live TV","Cooking","Food Food (Food Food)","https://mumt03.tangotv.in/Dsly5z3HFOODFOOD/index.m3u8","VIDEO","HLS","m3u8","","true","true","","IN","http://www.foodfood.com/","COMMUNITY","iptv-org public index, publicly listed free stream (verify broadcaster-official before promote)","iptv-org; categories=cooking|lifestyle; quality=576p","medium","373"
"Live TV","Culture","Capital 21 (Capital 21)","https://video.cdmx.gob.mx/redes/stream.m3u8","VIDEO","HLS","m3u8","","true","true","","MX","https://www.capital21.cdmx.gob.mx/","COMMUNITY","iptv-org public index, publicly listed free stream (verify broadcaster-official before promote)","iptv-org; categories=culture|entertainment; quality=1080p","medium","374"
"Live TV","Culture","DD Punjabi (DD Punjabi)","https://cdn-4.pishow.tv/live/24/master.m3u8","VIDEO","HLS","m3u8","","true","true","","IN","https://prasarbharati.gov.in/dd-punjabi-homepage/","COMMUNITY","iptv-org public index, publicly listed free stream (verify broadcaster-official before promote)","iptv-org; categories=culture; quality=","medium","375"
"Live TV","Culture","Jalisco TV (Jalisco TV)","https://video0.rogohosting.com:19360/sisjalisciense/sisjalisciense.m3u8","VIDEO","HLS","m3u8","","true","true","","MX","https://jaliscotv.com/","COMMUNITY","iptv-org public index, publicly listed free stream (verify broadcaster-official before promote)","iptv-org; categories=culture|education; quality=720p","medium",""
"Live TV","Culture","Komala TV (Komala TV)","https://komhls.wns.live/hls/stream.m3u8","VIDEO","HLS","m3u8","","true","true","","SE","https://tvkomala.com/","COMMUNITY","iptv-org public index, publicly listed free stream (verify broadcaster-official before promote)","iptv-org; categories=culture; quality=","medium","376"
"Live TV","Culture","Luys TV (Luys TV)","https://b01c02nl.mediatriple.net/videoonlylive/mtpayqrfkgirxelive/broadcast_5e91c5ac96898.smil/playlist.m3u8","VIDEO","HLS","m3u8","","true","true","","TR","http://luys.tv/","COMMUNITY","iptv-org public index, publicly listed free stream (verify broadcaster-official before promote)","iptv-org; categories=culture; quality=1080p","medium",""
"Live TV","Culture","Nigbati (Nigbati)","https://viewmedia7219.bozztv.com/wmedia/viewmedia100/web_023/Stream/playlist.m3u8","VIDEO","HLS","m3u8","","true","true","","NG","https://www.nigbati.tv/","COMMUNITY","iptv-org public index, publicly listed free stream (verify broadcaster-official before promote)","iptv-org; categories=culture; quality=720p","medium",""
"Live TV","Culture","Odisha TV (Odisha TV)","https://livetv.tarangplus.in/otv-origin/live/playlist.m3u8","VIDEO","HLS","m3u8","","true","true","","IN","https://odishatv.in/","COMMUNITY","iptv-org public index, publicly listed free stream (verify broadcaster-official before promote)","iptv-org; categories=culture; quality=720p","medium",""
"Live TV","Culture","Presumiendo Mexico (Presumiendo México)","https://60417ddeaf0d9.streamlock.net/telemetrika/smil:telemetrika.smil/playlist.m3u8","VIDEO","HLS","m3u8","","true","true","","MX","https://www.presumiendomexico.com.mx/","COMMUNITY","iptv-org public index, publicly listed free stream (verify broadcaster-official before promote)","iptv-org; categories=culture; quality=720p","medium","377"
"Live TV","Culture","Salira TV (Salira TV)","https://live.salira.tv/p/3870/hybrid/play.m3u8","VIDEO","HLS","m3u8","","true","true","","ID","https://salira.tv/","COMMUNITY","iptv-org public index, publicly listed free stream (verify broadcaster-official before promote)","iptv-org; categories=culture|lifestyle; quality=720p","medium","378"
"Live TV","Culture","Saudi Thaqafiya TV (Saudi Thaqafiya TV)","https://shd-gcp-live.edgenextcdn.net/live/bitmovin-thaqafeyyah/28c0d2a20dbf1dc049ce15d3973f494b/index.m3u8","VIDEO","HLS","m3u8","","true","true","","SA","http://thaqafiyatv.sa/","COMMUNITY","iptv-org public index, publicly listed free stream (verify broadcaster-official before promote)","iptv-org; categories=culture; quality=1080p","medium",""
"Live TV","Culture","Senal U (Senal U)","https://live20.bozztv.com/giatv/giatv-canal30tda/canal30tda/chunks.m3u8","VIDEO","HLS","m3u8","","true","true","","AR","https://www.unidiversidad.com.ar/senalu","COMMUNITY","iptv-org public index, publicly listed free stream (verify broadcaster-official before promote)","iptv-org; categories=culture; quality=","medium","379"
"Live TV","Culture","Superscreen TV (Superscreen TV)","https://video1.getstreamhosting.com:1936/8398/8398/playlist.m3u8","VIDEO","HLS","m3u8","","true","true","","NG","https://superscreen.tv/","COMMUNITY","iptv-org public index, publicly listed free stream (verify broadcaster-official before promote)","iptv-org; categories=culture|family; quality=412p","medium",""
"Live TV","Documentary","Asharq Discovery (Asharq Discovery)","https://svs.itworkscdn.net/asharqdiscoverylive/asharqd.smil/playlist_dvr.m3u8","VIDEO","HLS","m3u8","","true","true","","SA","https://asharqdiscovery.com","COMMUNITY","iptv-org public index, publicly listed free stream (verify broadcaster-official before promote)","iptv-org; categories=documentary|education; quality=1080p","medium",""
"Live TV","Documentary","BTB Info (BTB Info)","https://emisja2.btb.j00r.us/iptv/session/4/hls.m3u8","VIDEO","HLS","m3u8","","true","true","","PL","https://btb.j00r.us","COMMUNITY","iptv-org public index, publicly listed free stream (verify broadcaster-official before promote)","iptv-org; categories=documentary|news; quality=1080p","medium","380"
"Live TV","Documentary","GZT (GZT)","https://gzttv-live.lg.mncdn.com/gzttv/gzttv/playlist.m3u8","VIDEO","HLS","m3u8","","true","true","","TR","https://www.gzt.com/","COMMUNITY","iptv-org public index, publicly listed free stream (verify broadcaster-official before promote)","iptv-org; categories=documentary|series; quality=1080p","medium","381"
"Live TV","Documentary","Safari TV (Safari TV)","https://j78dp346yq5r-hls-live.5centscdn.com/safari/live.stream/playlist.m3u8","VIDEO","HLS","m3u8","","true","true","","IN","https://www.safaritvchannel.com/","COMMUNITY","iptv-org public index, publicly listed free stream (verify broadcaster-official before promote)","iptv-org; categories=documentary; quality=480p","medium",""
"Live TV","Education","Canal Educacao (Canal Educação)","https://canaleducacao-stream.ebc.com.br/index.m3u8","VIDEO","HLS","m3u8","","true","true","","BR","https://www.gov.br/mec/pt-br/canal-educacao","COMMUNITY","iptv-org public index, publicly listed free stream (verify broadcaster-official before promote)","iptv-org; categories=education; quality=720p","medium","382"
"Live TV","Education","Canal Universidad (Canal Universidad)","https://videostream.shockmedia.com.ar/hls/canaluniversidadmdp/canaluniversidadmdp.m3u8","VIDEO","HLS","m3u8","","true","true","","AR","https://canal.mdp.edu.ar/index.php","COMMUNITY","iptv-org public index, publicly listed free stream (verify broadcaster-official before promote)","iptv-org; categories=education; quality=","medium","383"
"Live TV","Education","DD Kisan (DD Kisan)","https://d2lk5u59tns74c.cloudfront.net/out/v1/4f053f2c12a24641bf701fb7f2376750/index.m3u8","VIDEO","HLS","m3u8","","true","true","","IN","https://prasarbharati.gov.in/dd-kisan-homepage/","COMMUNITY","iptv-org public index, publicly listed free stream (verify broadcaster-official before promote)","iptv-org; categories=education|outdoor; quality=504p","medium","384"
"Live TV","Education","DLTV 1 (DLTV 1)","https://cdn-live.dltv.ac.th/dltv01.m3u8","VIDEO","HLS","m3u8","","true","true","","TH","https://www.dltv.ac.th/DLTV1","COMMUNITY","iptv-org public index, publicly listed free stream (verify broadcaster-official before promote)","iptv-org; categories=education; quality=1080p","medium","385"
"Live TV","Education","DLTV 10 (DLTV 10)","https://cdn-live.dltv.ac.th/dltv10.m3u8","VIDEO","HLS","m3u8","","true","true","","TH","https://www.dltv.ac.th/DLTV10","COMMUNITY","iptv-org public index, publicly listed free stream (verify broadcaster-official before promote)","iptv-org; categories=education; quality=1080p","medium","386"
"Live TV","Education","DLTV 11 (DLTV 11)","https://cdn-live.dltv.ac.th/dltv11.m3u8","VIDEO","HLS","m3u8","","true","true","","TH","https://www.dltv.ac.th/DLTV11","COMMUNITY","iptv-org public index, publicly listed free stream (verify broadcaster-official before promote)","iptv-org; categories=education; quality=1080p","medium","387"
"Live TV","Education","DLTV 12 (DLTV 12)","https://cdn-live.dltv.ac.th/dltv12.m3u8","VIDEO","HLS","m3u8","","true","true","","TH","https://www.dltv.ac.th/DLTV12","COMMUNITY","iptv-org public index, publicly listed free stream (verify broadcaster-official before promote)","iptv-org; categories=education; quality=1080p","medium","388"
"Live TV","Education","DLTV 13 (DLTV 13)","https://cdn-live.dltv.ac.th/dltv13.m3u8","VIDEO","HLS","m3u8","","true","true","","TH","https://www.dltv.ac.th/DLTV13","COMMUNITY","iptv-org public index, publicly listed free stream (verify broadcaster-official before promote)","iptv-org; categories=education; quality=1080p","medium","389"
"Live TV","Education","DLTV 14 (DLTV 14)","https://cdn-live.dltv.ac.th/dltv14.m3u8","VIDEO","HLS","m3u8","","true","true","","TH","https://www.dltv.ac.th/DLTV14","COMMUNITY","iptv-org public index, publicly listed free stream (verify broadcaster-official before promote)","iptv-org; categories=education; quality=1080p","medium","390"
"Live TV","Education","DLTV 15 (DLTV 15)","https://cdn-live.dltv.ac.th/dltv15.m3u8","VIDEO","HLS","m3u8","","true","true","","TH","https://www.dltv.ac.th/DLTV15","COMMUNITY","iptv-org public index, publicly listed free stream (verify broadcaster-official before promote)","iptv-org; categories=education; quality=1080p","medium","391"
"Live TV","Education","DLTV 2 (DLTV 2)","https://cdn-live.dltv.ac.th/dltv02.m3u8","VIDEO","HLS","m3u8","","true","true","","TH","https://www.dltv.ac.th/DLTV2","COMMUNITY","iptv-org public index, publicly listed free stream (verify broadcaster-official before promote)","iptv-org; categories=education; quality=1080p","medium","392"
"Live TV","Education","DLTV 3 (DLTV 3)","https://cdn-live.dltv.ac.th/dltv03.m3u8","VIDEO","HLS","m3u8","","true","true","","TH","https://www.dltv.ac.th/DLTV3","COMMUNITY","iptv-org public index, publicly listed free stream (verify broadcaster-official before promote)","iptv-org; categories=education; quality=1080p","medium","393"
"Live TV","Education","DLTV 4 (DLTV 4)","https://cdn-live.dltv.ac.th/dltv04.m3u8","VIDEO","HLS","m3u8","","true","true","","TH","https://www.dltv.ac.th/DLTV4","COMMUNITY","iptv-org public index, publicly listed free stream (verify broadcaster-official before promote)","iptv-org; categories=education; quality=1080p","medium","394"
"Live TV","Education","DLTV 5 (DLTV 5)","https://cdn-live.dltv.ac.th/dltv05.m3u8","VIDEO","HLS","m3u8","","true","true","","TH","https://www.dltv.ac.th/DLTV5","COMMUNITY","iptv-org public index, publicly listed free stream (verify broadcaster-official before promote)","iptv-org; categories=education; quality=1080p","medium","395"
"Live TV","Education","DLTV 6 (DLTV 6)","https://cdn-live.dltv.ac.th/dltv06.m3u8","VIDEO","HLS","m3u8","","true","true","","TH","https://www.dltv.ac.th/DLTV6","COMMUNITY","iptv-org public index, publicly listed free stream (verify broadcaster-official before promote)","iptv-org; categories=education; quality=1080p","medium","396"
"Live TV","Education","DLTV 7 (DLTV 7)","https://cdn-live.dltv.ac.th/dltv07.m3u8","VIDEO","HLS","m3u8","","true","true","","TH","https://www.dltv.ac.th/DLTV7","COMMUNITY","iptv-org public index, publicly listed free stream (verify broadcaster-official before promote)","iptv-org; categories=education; quality=1080p","medium","397"
"Live TV","Education","DLTV 8 (DLTV 8)","https://cdn-live.dltv.ac.th/dltv08.m3u8","VIDEO","HLS","m3u8","","true","true","","TH","https://www.dltv.ac.th/DLTV8","COMMUNITY","iptv-org public index, publicly listed free stream (verify broadcaster-official before promote)","iptv-org; categories=education; quality=1080p","medium","398"
"Live TV","Education","DLTV 9 (DLTV 9)","https://cdn-live.dltv.ac.th/dltv09.m3u8","VIDEO","HLS","m3u8","","true","true","","TH","https://www.dltv.ac.th/DLTV9","COMMUNITY","iptv-org public index, publicly listed free stream (verify broadcaster-official before promote)","iptv-org; categories=education; quality=1080p","medium","399"
"Live TV","Education","EBS 1TV (EBS 1)","https://ebsonair.ebs.co.kr/ebs1familypc/familypc1m/playlist.m3u8","VIDEO","HLS","m3u8","","true","true","","KR","https://www.ebs.co.kr/tv/home","COMMUNITY","iptv-org public index, publicly listed free stream (verify broadcaster-official before promote)","iptv-org; categories=education; quality=400p","medium",""
"Live TV","Education","EBS 2TV (EBS 2)","https://ebsonair.ebs.co.kr/ebs2familypc/familypc1m/playlist.m3u8","VIDEO","HLS","m3u8","","true","true","","KR","http://www.ebs.co.kr/ebs2tv/introduce","COMMUNITY","iptv-org public index, publicly listed free stream (verify broadcaster-official before promote)","iptv-org; categories=education; quality=400p","medium",""
"Live TV","Education","EBS English (EBS E)","https://ebsonair.ebs.co.kr/plus3familypc/familypc1m/playlist.m3u8","VIDEO","HLS","m3u8","","true","true","","KR","http://www.ebse.co.kr/","COMMUNITY","iptv-org public index, publicly listed free stream (verify broadcaster-official before promote)","iptv-org; categories=education; quality=400p","medium","400"
"Live TV","Education","EBS Plus 1 (EBS+ 1)","https://ebsonair.ebs.co.kr/plus1familypc/familypc1m/playlist.m3u8","VIDEO","HLS","m3u8","","true","true","","KR","http://www.ebsi.co.kr/","COMMUNITY","iptv-org public index, publicly listed free stream (verify broadcaster-official before promote)","iptv-org; categories=education; quality=400p","medium","401"
"Live TV","Education","EBS Plus 2 (EBS+ 2)","https://ebsonair.ebs.co.kr/plus2familypc/familypc1m/playlist.m3u8","VIDEO","HLS","m3u8","","true","true","","KR","https://primary.ebs.co.kr/main/primary","COMMUNITY","iptv-org public index, publicly listed free stream (verify broadcaster-official before promote)","iptv-org; categories=education; quality=400p","medium","402"
"Live TV","Education","Gyandarshan (Gyandarshan)","https://cdn-6.pishow.tv/live/14/master.m3u8","VIDEO","HLS","m3u8","","true","true","","IN","http://gd.ignouonline.ac.in/gyandarshan/","COMMUNITY","iptv-org public index, publicly listed free stream (verify broadcaster-official before promote)","iptv-org; categories=education; quality=720p","medium",""
"Live TV","Education","ILCE Canal 15 Summa Saberes (Canal 15 ILCE Summa Sabres)","https://live-ilce.ovp-vivaro.digital/ovp-origin-abr/ngrp:6359ef999f3fb_all/playlist.m3u8","VIDEO","HLS","m3u8","","true","true","","MX","https://www.ilce.edu.mx/index.php/radio-y-tv","COMMUNITY","iptv-org public index, publicly listed free stream (verify broadcaster-official before promote)","iptv-org; categories=education; quality=720p","medium","403"
"Live TV","Education","ISTV (ISTV)","https://stmv1.srvstm.com/sistema7933/sistema7933/playlist.m3u8","VIDEO","HLS","m3u8","","true","true","","BR","https://www.istv.com.br/","COMMUNITY","iptv-org public index, publicly listed free stream (verify broadcaster-official before promote)","iptv-org; categories=education; quality=720p","medium","404"
"Live TV","Education","Kite Victers (KITE Victers (Kerala))","https://932y4x26ljv8-hls-live.5centscdn.com/victers/tv.stream/playlist.m3u8","VIDEO","HLS","m3u8","","true","true","","IN","https://victers.kite.kerala.gov.in/","COMMUNITY","iptv-org public index, publicly listed free stream (verify broadcaster-official before promote)","iptv-org; categories=education; quality=720p","medium","405"
"Live TV","Education","NBS (NBS Korea Agricultural Broadcasting)","https://media.joycorp.co.kr:4443/live/ngrp:live_all/playlist.m3u8","VIDEO","HLS","m3u8","","true","true","","KR","https://www.inbs.co.kr/main.do","COMMUNITY","iptv-org public index, publicly listed free stream (verify broadcaster-official before promote)","iptv-org; categories=education; quality=720p","medium",""
"Live TV","Education","OUN (OUN)","https://live.knou.ac.kr/knou1/live1/playlist.m3u8","VIDEO","HLS","m3u8","","true","true","","KR","http://oun.knou.ac.kr/","COMMUNITY","iptv-org public index, publicly listed free stream (verify broadcaster-official before promote)","iptv-org; categories=education; quality=1080p","medium","406"
"Live TV","Education","Rinjani TV (Rinjani TV)","https://rinjanitv.cloud/hls/tvkabel.m3u8","VIDEO","HLS","m3u8","","true","true","","ID","","COMMUNITY","iptv-org public index, publicly listed free stream (verify broadcaster-official before promote)","iptv-org; categories=education; quality=","medium",""
"Live TV","General","13 Ulica (13 Ulica)","http://91.146.94.234:10001/play/a088","VIDEO","ICECAST","","","true","false","","PL","http://www.13ulica.pl/","COMMUNITY","iptv-org public index, publicly listed free stream (verify broadcaster-official before promote)","iptv-org; categories=entertainment; quality=1080p","medium",""
"Live TV","General","1KZN TV (1KZN TV)","https://cdn.freevisiontv.co.za/sttv/smil:1kzn.stream.smil/playlist.m3u8","VIDEO","HLS","m3u8","","true","true","","ZA","http://www.1kzntv.co.za/","COMMUNITY","iptv-org public index, publicly listed free stream (verify broadcaster-official before promote)","iptv-org; categories=entertainment|family|general; quality=576p","medium","407"
"Live TV","General","4U TV (4U TV)","https://hls.4utv.live/hls/stream.m3u8","VIDEO","HLS","m3u8","","true","true","","TR","https://4utv.tv/en/","COMMUNITY","iptv-org public index, publicly listed free stream (verify broadcaster-official before promote)","iptv-org; categories=entertainment; quality=720p","medium","408"
"Live TV","General","5tv (5TV Corrientes)","http://www.coninfo.net:1935/tvcinco/live1/playlist.m3u8","VIDEO","HLS","m3u8","","true","false","","AR","http://www.tvcinco.com/","COMMUNITY","iptv-org public index, publicly listed free stream (verify broadcaster-official before promote)","iptv-org; categories=general; quality=480p","medium",""
"Live TV","General","8NTV (8NTV)","https://60417ddeaf0d9.streamlock.net/ntv/videontv/playlist.m3u8","VIDEO","HLS","m3u8","","true","true","","MX","https://www.ntv.com.mx/envivo/","COMMUNITY","iptv-org public index, publicly listed free stream (verify broadcaster-official before promote)","iptv-org; categories=general; quality=1080p","medium",""
"Live TV","General","A2TV (A2TV)","https://rnttwmjcin.turknet.ercdn.net/lcpmvefbyo/a2tv/a2tv.m3u8","VIDEO","HLS","m3u8","","true","true","","TR","https://www.atv.com.tr/a2tv","COMMUNITY","iptv-org public index, publicly listed free stream (verify broadcaster-official before promote)","iptv-org; categories=general; quality=1080p","medium","409"
"Live TV","General","Aakaash Aath (Aakaash Aath)","https://mumt03.tangotv.in/Dsly5z3HAAKASHAATH/index.m3u8","VIDEO","HLS","m3u8","","true","true","","IN","http://www.aakashaath.com/","COMMUNITY","iptv-org public index, publicly listed free stream (verify broadcaster-official before promote)","iptv-org; categories=entertainment; quality=576p","medium",""
"Live TV","General","Aamar Bangla (Aamar Bangla)","https://app.ncare.live/c3VydmVyX8RpbEU9Mi8xNy8yMDE0GIDU6RgzQ6NTAgdEoaeFzbF92YWxIZTO0U0ezN1IzMyfvcGVMZEJCTEFWeVN3PTOmdFsaWRtaW51aiPhnPTI/amarbanglatv.stream/playlist.m3u8","VIDEO","HLS","m3u8","","true","true","","IN","","COMMUNITY","iptv-org public index, publicly listed free stream (verify broadcaster-official before promote)","iptv-org; categories=entertainment; quality=720p","medium",""
"Live TV","General","ABN (ABN TV)","https://vod2.abn.co.kr/IPHONE/abn.m3u8","VIDEO","HLS","m3u8","","true","true","","KR","https://www.abn.co.kr/","COMMUNITY","iptv-org public index, publicly listed free stream (verify broadcaster-official before promote)","iptv-org; categories=general; quality=720p","medium","410"
"Live TV","General","ABTV Bariloche (ABTV Bariloche)","https://videostream.shockmedia.com.ar/hls/abtvbariloche/abtvbariloche.m3u8","VIDEO","HLS","m3u8","","true","true","","AR","https://abtvbariloche.com.ar/","COMMUNITY","iptv-org public index, publicly listed free stream (verify broadcaster-official before promote)","iptv-org; categories=general; quality=","medium",""
"Live TV","General","Adesso TV (Adesso TV)","https://cdn.jmvstream.com/w/LVW-9715/LVW9715_12B26T62tm/playlist.m3u8","VIDEO","HLS","m3u8","","true","true","","BR","https://www.adessotv.com.br/","COMMUNITY","iptv-org public index, publicly listed free stream (verify broadcaster-official before promote)","iptv-org; categories=general; quality=720p","medium","411"
"Live TV","General","Afroturk TV (Afroturk TV)","https://edge.socialsmart.tv/naturaltv/bant1/playlist.m3u8","VIDEO","HLS","m3u8","","true","true","","TR","https://afroturktv.com/","COMMUNITY","iptv-org public index, publicly listed free stream (verify broadcaster-official before promote)","iptv-org; categories=general; quality=1080p","medium","412"
"Live TV","General","Aire de Santa Fe (Aire de Santa Fe)","https://unlimited1-us.dps.live/airedesantafetv/airedesantafetv.smil/playlist.m3u8","VIDEO","HLS","m3u8","","true","true","","AR","https://www.airedesantafe.com.ar/","COMMUNITY","iptv-org public index, publicly listed free stream (verify broadcaster-official before promote)","iptv-org; categories=general; quality=1080p","medium","413"
"Live TV","General","Aksu TV (Aksu TV)","https://live.artidijitalmedya.com/artidijital_aksutv/aksutv/playlist.m3u8","VIDEO","HLS","m3u8","","true","true","","TR","https://www.aksutv.com.tr/","COMMUNITY","iptv-org public index, publicly listed free stream (verify broadcaster-official before promote)","iptv-org; categories=general; quality=720p","medium",""
"Live TV","General","Alanya Posta TV (Alanya Posta TV)","https://api-tv3.yayin.com.tr/postatv/postatv/playlist.m3u8","VIDEO","HLS","m3u8","","true","true","","TR","https://www.alanyapostatv.com/","COMMUNITY","iptv-org public index, publicly listed free stream (verify broadcaster-official before promote)","iptv-org; categories=general; quality=1080p","medium","414"
"Live TV","General","Alfa TVP (Alfa TVP)","http://91.246.72.88:8000/play/a01t/index.m3u8","VIDEO","HLS","m3u8","","true","false","","PL","https://www.tvp.pl/program-tv/alfa-tvp","COMMUNITY","iptv-org public index, publicly listed free stream (verify broadcaster-official before promote)","iptv-org; categories=general; quality=1080p","medium","415"
"Live TV","General","Altas TV (Altas TV)","https://edge1.socialsmart.tv/altastv/bant1/playlist.m3u8","VIDEO","HLS","m3u8","","true","true","","TR","http://www.altastv.com.tr/","COMMUNITY","iptv-org public index, publicly listed free stream (verify broadcaster-official before promote)","iptv-org; categories=general; quality=1080p","medium","416"
"Live TV","General","Amazon Sat (Amazon Sat)","https://amazonsat.brasilstream.com.br/hls/amazonsat/index.m3u8","VIDEO","HLS","m3u8","","true","true","","BR","","COMMUNITY","iptv-org public index, publicly listed free stream (verify broadcaster-official before promote)","iptv-org; categories=; quality=1080p","medium",""
"Live TV","General","America TV (America TV)","http://playcom.trapemn.tv:1935/transcoderip/america.stream/playlist.m3u8","VIDEO","HLS","m3u8","","true","false","","AR","https://www.americatv.com.ar/","COMMUNITY","iptv-org public index, publicly listed free stream (verify broadcaster-official before promote)","iptv-org; categories=general; quality=1080p","medium","417"
"Live TV","General","American Crime Channel (American Crime Channel)","https://d39g1vxj2ef6in.cloudfront.net/v1/master/3fec3e5cac39a52b2132f9c66c83dae043dc17d4/prod-rakuten-stitched/master.m3u8?ads.xumo_channelId=88883104","VIDEO","HLS","m3u8","","true","true","","PL","https://www.rakuten.tv/pl/live_channels/american-crime-channel","COMMUNITY","iptv-org public index, publicly listed free stream (verify broadcaster-official before promote)","iptv-org; categories=entertainment; quality=","medium","418"
"Live TV","General","Amrita TV (Amrita TV)","https://ddash74r36xqp.cloudfront.net/master.m3u8","VIDEO","HLS","m3u8","","true","true","","IN","https://www.amritatv.com/","COMMUNITY","iptv-org public index, publicly listed free stream (verify broadcaster-official before promote)","iptv-org; categories=entertainment; quality=720p","medium",""
"Live TV","General","Anadolu Net TV (Anadolu Net TV)","https://live.artidijitalmedya.com/artidijital_anadolunet/anadolunet/playlist.m3u8","VIDEO","HLS","m3u8","","true","true","","TR","https://www.anadolunettv.com/","COMMUNITY","iptv-org public index, publicly listed free stream (verify broadcaster-official before promote)","iptv-org; categories=general; quality=1080p","medium","419"
"Live TV","General","Anjan TV (Anjan TV)","https://anjan.vstream.online/anjanorg/ngrp:anjan_hdall/playlist.m3u8","VIDEO","HLS","m3u8","","true","true","","IN","https://www.anjan.tv/","COMMUNITY","iptv-org public index, publicly listed free stream (verify broadcaster-official before promote)","iptv-org; categories=entertainment; quality=720p","medium",""
"Live TV","General","Antena HD (Antena HD)","http://91.246.72.88:8000/play/a005/index.m3u8","VIDEO","HLS","m3u8","","true","false","","PL","","COMMUNITY","iptv-org public index, publicly listed free stream (verify broadcaster-official before promote)","iptv-org; categories=entertainment; quality=1080p","medium",""
"Live TV","General","Araruna TV (Araruna TV)","https://video05.logicahost.com.br/ararunatv/ararunatv/playlist.m3u8","VIDEO","HLS","m3u8","","true","true","","BR","https://www.ararunatv.com/","COMMUNITY","iptv-org public index, publicly listed free stream (verify broadcaster-official before promote)","iptv-org; categories=general; quality=","medium",""
"Live TV","General","Aras TV (ARAS TV)","http://1.rtmp.org/tv217/yayin.stream/playlist.m3u8","VIDEO","HLS","m3u8","","true","false","","TR","http://aras.tv/","COMMUNITY","iptv-org public index, publicly listed free stream (verify broadcaster-official before promote)","iptv-org; categories=general; quality=576p","medium","420"
"Live TV","General","Argentinisima Satelital (Argentinísima Satelital)","https://stream1.sersat.com/hls/argentinisima.m3u8","VIDEO","HLS","m3u8","","true","true","","AR","http://argentinisimatv.com.ar/","COMMUNITY","iptv-org public index, publicly listed free stream (verify broadcaster-official before promote)","iptv-org; categories=general; quality=540p","medium",""
"Live TV","General","Arirang Radio (Arirang Radio)","http://amdlive-ch01.ctnd.com.edgesuite.net/arirang_3ch/smil:arirang_3ch.smil/playlist.m3u8","VIDEO","HLS","m3u8","","true","false","","KR","https://www.arirang.com/radio","COMMUNITY","iptv-org public index, publicly listed free stream (verify broadcaster-official before promote)","iptv-org; categories=general; quality=720p","medium","421"
"Live TV","General","Aryan TV National (Aryan TV National)","https://mumt04.tangotv.in/m18aqlK4ARYANTVNATIONAL/index.m3u8","VIDEO","HLS","m3u8","","true","true","","IN","","COMMUNITY","iptv-org public index, publicly listed free stream (verify broadcaster-official before promote)","iptv-org; categories=; quality=576p","medium",""
"Live TV","General","Astha TV (Astha TV)","https://hgmtv.com:19360/asthatv/asthatv.m3u8","VIDEO","HLS","m3u8","","true","true","","ID","https://asthatv.com","COMMUNITY","iptv-org public index, publicly listed free stream (verify broadcaster-official before promote)","iptv-org; categories=; quality=1080p","medium","422"
"Live TV","General","ATM Rozrywka REWORK (ATM Rozrywka REWORK)","https://grupaatmrr.org.pl:8888/fallback/index.m3u8","VIDEO","HLS","m3u8","","true","true","","PL","https://grupaatmrr.org.pl/","COMMUNITY","iptv-org public index, publicly listed free stream (verify broadcaster-official before promote)","iptv-org; categories=entertainment; quality=1080p","medium",""
"Live TV","General","ATV (ATV)","http://rnttwmjcin.turknet.ercdn.net/lcpmvefbyo/atv/atv_360p.m3u8","VIDEO","HLS","m3u8","","true","false","","TR","https://www.atv.com.tr/","COMMUNITY","iptv-org public index, publicly listed free stream (verify broadcaster-official before promote)","iptv-org; categories=general; quality=360p","medium","423"
"Live TV","General","Azteca Internacional (Azteca Internacional)","https://azt-mun.otteravision.com/azt/mun/mun.m3u8","VIDEO","HLS","m3u8","","true","true","","MX","","COMMUNITY","iptv-org public index, publicly listed free stream (verify broadcaster-official before promote)","iptv-org; categories=entertainment; quality=1080p","medium",""
"Live TV","General","B15 Fresnillo (B15 Fresnillo)","https://s5.mexside.net:1936/lsac/lsac/playlist.m3u8","VIDEO","HLS","m3u8","","true","true","","MX","https://b15.com.mx/","COMMUNITY","iptv-org public index, publicly listed free stream (verify broadcaster-official before promote)","iptv-org; categories=general; quality=1080p","medium","424"
"Live TV","General","B15 Zacatecas (B15 Zacatecas)","https://s5.mexside.net:1936/envio2/envio2/playlist.m3u8","VIDEO","HLS","m3u8","","true","true","","MX","https://b15.com.mx/","COMMUNITY","iptv-org public index, publicly listed free stream (verify broadcaster-official before promote)","iptv-org; categories=general; quality=1080p","medium","425"
"Live TV","General","Baan Baan TV 73 (Baan Baan TV 73)","https://vdo.plathong.net/live8794/live8794/playlist.m3u8","VIDEO","HLS","m3u8","","true","true","","TH","http://baanbaantv73.com/","COMMUNITY","iptv-org public index, publicly listed free stream (verify broadcaster-official before promote)","iptv-org; categories=; quality=","medium",""
"Live TV","General","Balikpapan TV (Balikpapan TV)","http://122.248.43.242:1935/BALIKPAPANTV/_definst_/myStream/playlist.m3u8","VIDEO","HLS","m3u8","","true","false","","ID","https://balikpapantv.co.id/","COMMUNITY","iptv-org public index, publicly listed free stream (verify broadcaster-official before promote)","iptv-org; categories=general; quality=720p","medium",""
"Live TV","General","Bandung TV (Bandung TV)","http://202.150.153.254:65500/bandungtvWEBSITE.m3u8","VIDEO","HLS","m3u8","","true","false","","ID","http://bandungtv.tv/","COMMUNITY","iptv-org public index, publicly listed free stream (verify broadcaster-official before promote)","iptv-org; categories=general; quality=360p","medium",""
"Live TV","General","Banjar TV (Banjar TV)","https://banjartv.siar.us/banjartv/live/playlist.m3u8","VIDEO","HLS","m3u8","","true","true","","ID","","COMMUNITY","iptv-org public index, publicly listed free stream (verify broadcaster-official before promote)","iptv-org; categories=; quality=720p","medium",""
"Live TV","General","Bayres TV (Bayres TV)","https://streaming01.mikrolive.tv/bayrestv/live/playlist.m3u8","VIDEO","HLS","m3u8","","true","true","","AR","https://bayrestv.com.ar/","COMMUNITY","iptv-org public index, publicly listed free stream (verify broadcaster-official before promote)","iptv-org; categories=general; quality=720p","medium","426"
"Live TV","General","BCS StarCross TV (BCS StarCross TV)","https://viewmedia7219.bozztv.com/wmedia/viewmedia100/web_001/Stream/playlist.m3u8","VIDEO","HLS","m3u8","","true","true","","NG","http://ooo-bcsonline.org/starcross-tv/","COMMUNITY","iptv-org public index, publicly listed free stream (verify broadcaster-official before promote)","iptv-org; categories=general; quality=576p","medium",""
"Live TV","General","Belsat TV (Belsat TV)","http://91.246.72.88:8000/play/a01w/index.m3u8","VIDEO","HLS","m3u8","","true","false","","PL","https://belsat.eu/","COMMUNITY","iptv-org public index, publicly listed free stream (verify broadcaster-official before promote)","iptv-org; categories=general; quality=1080p","medium","427"
"Live TV","General","Bialogardzka Telewizja Kablowa (Bialogardzka Telewizja Kablowa)","https://bsmbialogard.pl/live/index.m3u8","VIDEO","HLS","m3u8","","true","true","","PL","https://btk.bsmbialogard.pl/","COMMUNITY","iptv-org public index, publicly listed free stream (verify broadcaster-official before promote)","iptv-org; categories=entertainment; quality=1080p","medium","428"
"Live TV","General","Big Magic (Big Magic)","https://mumt05.tangotv.in/87NeALx2BIGMAGIC/index.m3u8","VIDEO","HLS","m3u8","","true","true","","IN","https://bigmagic.zee5.com/","COMMUNITY","iptv-org public index, publicly listed free stream (verify broadcaster-official before promote)","iptv-org; categories=entertainment; quality=576p","medium",""
"Live TV","General","Big Time Plus (Big Time Plus)","https://shd-gcp-live.edgenextcdn.net/live/bitmovin-big-time-plus/924283f994779a311c1389698ff7e736/index.m3u8","VIDEO","HLS","m3u8","","true","true","","SA","","COMMUNITY","iptv-org public index, publicly listed free stream (verify broadcaster-official before promote)","iptv-org; categories=; quality=1080p","medium",""
"Live TV","General","Bigtime (Bigtime)","https://103f01c3ff79408e83c9212f8a374ecc.mediatailor.us-east-1.amazonaws.com/v1/master/0fb304b2320b25f067414d481a779b77db81760d/RakutenTV-eu_BjgtjmeDarmoweFilmy/playlist.m3u8","VIDEO","HLS","m3u8","","true","true","","PL","https://www.rakuten.tv","COMMUNITY","iptv-org public index, publicly listed free stream (verify broadcaster-official before promote)","iptv-org; categories=; quality=","medium","429"
"Live TV","General","Biznet Adventure (Biznet Adventure)","http://livestream.biznetvideo.net/biznet_adventure/smil:adventure.smil/playlist.m3u8","VIDEO","HLS","m3u8","","true","false","","ID","http://www.biznetvideo.net/","COMMUNITY","iptv-org public index, publicly listed free stream (verify broadcaster-official before promote)","iptv-org; categories=; quality=1080p","medium","430"
"Live TV","General","Blitstv (Blitstv)","https://stmv1.transmissaodigital.com/blitstv/blitstv/playlist.m3u8","VIDEO","HLS","m3u8","","true","true","","BR","https://blitstv.com.br/","COMMUNITY","iptv-org public index, publicly listed free stream (verify broadcaster-official before promote)","iptv-org; categories=entertainment; quality=","medium","431"
"Live TV","General","Bragado TV (Bragado TV)","https://mp.panelchs.com:1936/8028/ngrp:8028_all/playlist.m3u8","VIDEO","HLS","m3u8","","true","true","","AR","https://www.bragadotv.com.ar/","COMMUNITY","iptv-org public index, publicly listed free stream (verify broadcaster-official before promote)","iptv-org; categories=general; quality=","medium","432"
"Live TV","General","Bravo TV (Bravo TV)","https://redirector.rudo.video/hls-video/c54ac2799874375c81c1672abb700870537c5223/bravo/bravo.smil/playlist.m3u8?did=b2201035844768f58630b7eef","VIDEO","HLS","m3u8","","true","true","","AR","","COMMUNITY","iptv-org public index, publicly listed free stream (verify broadcaster-official before promote)","iptv-org; categories=general; quality=1080p","medium",""
"Live TV","General","Bric ve Satranc TV (Satranç TV)","http://139.162.182.79/live/test/index.m3u8","VIDEO","HLS","m3u8","","true","false","","TR","http://www.itp.tv.tr/","COMMUNITY","iptv-org public index, publicly listed free stream (verify broadcaster-official before promote)","iptv-org; categories=; quality=480p","medium","433"
"Live TV","General","Bride TV (Bride TV)","https://viewmedia7219.bozztv.com/wmedia/viewmedia100/web_013/Stream/playlist.m3u8","VIDEO","HLS","m3u8","","true","true","","NG","https://bridetv.org/","COMMUNITY","iptv-org public index, publicly listed free stream (verify broadcaster-official before promote)","iptv-org; categories=; quality=576p","medium",""
"Live TV","General","Brio TV (Brio TV)","https://mumt02.tangotv.in/BRIOTV/index.m3u8","VIDEO","HLS","m3u8","","true","true","","IN","","COMMUNITY","iptv-org public index, publicly listed free stream (verify broadcaster-official before promote)","iptv-org; categories=entertainment; quality=576p","medium",""
"Live TV","General","BRTV (BRTV)","https://live.artidijitalmedya.com/artidijital_brtv/brtv/playlist.m3u8","VIDEO","HLS","m3u8","","true","true","","TR","https://www.brtv.com.tr/","COMMUNITY","iptv-org public index, publicly listed free stream (verify broadcaster-official before promote)","iptv-org; categories=; quality=720p","medium","434"
"Live TV","General","BTB (BTB)","https://emisja.btb.j00r.us/iptv/session/1/hls.m3u8","VIDEO","HLS","m3u8","","true","true","","PL","https://btb.j00r.us/","COMMUNITY","iptv-org public index, publicly listed free stream (verify broadcaster-official before promote)","iptv-org; categories=general; quality=1080p","medium","435"
"Live TV","General","BTB 3 (BTB 3)","https://emisja3.btb.j00r.us/iptv/session/3/hls.m3u8","VIDEO","HLS","m3u8","","true","true","","PL","","COMMUNITY","iptv-org public index, publicly listed free stream (verify broadcaster-official before promote)","iptv-org; categories=general; quality=1080p","medium",""
"Live TV","General","BTB International (BTB International)","https://emisja.btb.j00r.us/iptv/session/2/hls.m3u8","VIDEO","HLS","m3u8","","true","true","","PL","","COMMUNITY","iptv-org public index, publicly listed free stream (verify broadcaster-official before promote)","iptv-org; categories=; quality=1080p","medium",""
"Live TV","General","Buzzfeed Unsolved (Buzzfeed Unsolved)","https://d39g1vxj2ef6in.cloudfront.net/v1/master/3fec3e5cac39a52b2132f9c66c83dae043dc17d4/prod-rakuten-stitched/master.m3u8?ads.xumo_channelId=88883099","VIDEO","HLS","m3u8","","true","true","","PL","https://www.rakuten.tv/pl/live_channels/filmrise-buzzfeed-unsolved","COMMUNITY","iptv-org public index, publicly listed free stream (verify broadcaster-official before promote)","iptv-org; categories=; quality=","medium","436"
"Live TV","General","Cable Imagen Armstrong (Cable Imagen Armstrong)","https://stream.arcast.com.ar/casse/casse/playlist.m3u8","VIDEO","HLS","m3u8","","true","true","","AR","https://cablearmstrong.com.ar/","COMMUNITY","iptv-org public index, publicly listed free stream (verify broadcaster-official before promote)","iptv-org; categories=; quality=540p","medium","437"
"Live TV","General","Cadena103.TV (Cadena 103)","http://arcast.net:1935/cadena103/cadena103/playlist.m3u8","VIDEO","HLS","m3u8","","true","false","","AR","http://www.cadena103.com.ar/","COMMUNITY","iptv-org public index, publicly listed free stream (verify broadcaster-official before promote)","iptv-org; categories=; quality=720p","medium","438"
"Live TV","General","California Medios TV (California Medios TV)","https://s5.mexside.net:1936/medios/medios/playlist.m3u8","VIDEO","HLS","m3u8","","true","true","","MX","https://californiamedios.com/","COMMUNITY","iptv-org public index, publicly listed free stream (verify broadcaster-official before promote)","iptv-org; categories=general; quality=720p","medium","439"
"Live TV","General","Canal 10 Durango (Canal 10 Durango)","https://5e50264bd6766.streamlock.net/canal10durango/videocanal10durango/playlist.m3u8","VIDEO","HLS","m3u8","","true","true","","MX","https://canal10.com.mx/sitio/","COMMUNITY","iptv-org public index, publicly listed free stream (verify broadcaster-official before promote)","iptv-org; categories=; quality=1080p","medium","440"
"Live TV","General","Canal 11 de la Costa (Canal 11 de la Costa)","https://vivo.solumedia.com:19360/dadaproductora/dadaproductora.m3u8","VIDEO","HLS","m3u8","","true","true","","AR","https://canal11delacosta.com.ar/","COMMUNITY","iptv-org public index, publicly listed free stream (verify broadcaster-official before promote)","iptv-org; categories=; quality=720p","medium","441"
"Live TV","General","Canal 13 La Rioja (Canal 13 La Rioja)","http://arcast.net:1935/mp/mp/playlist.m3u8","VIDEO","HLS","m3u8","","true","false","","AR","","COMMUNITY","iptv-org public index, publicly listed free stream (verify broadcaster-official before promote)","iptv-org; categories=; quality=480p","medium",""
"Live TV","General","Canal 13 San Luis (Canal 13 San Luis)","https://stream.radiosmundiales.com:19360/sanluismas/sanluismas.m3u8","VIDEO","HLS","m3u8","","true","true","","AR","https://sanluismas.com/","COMMUNITY","iptv-org public index, publicly listed free stream (verify broadcaster-official before promote)","iptv-org; categories=; quality=","medium",""
"Live TV","General","Canal 2 Gualeguay (Canal 2 Gualeguay)","https://stream.arcast.net:4443/gualeguay/gualeguay/playlist.m3u8","VIDEO","HLS","m3u8","","true","true","","AR","https://canal2gualeguay.com.ar/","COMMUNITY","iptv-org public index, publicly listed free stream (verify broadcaster-official before promote)","iptv-org; categories=general; quality=","medium","442"
"Live TV","General","Canal 2 Misiones (Canal 2 Misiones)","https://nd106.republicaservers.com:4433/hls/canal2misioness/index.m3u8","VIDEO","HLS","m3u8","","true","true","","AR","https://www.canal2misiones.com.ar/","COMMUNITY","iptv-org public index, publicly listed free stream (verify broadcaster-official before promote)","iptv-org; categories=; quality=1080p","medium","443"
"Live TV","General","Canal 22 (Canal 22)","https://5f700d5b2c46f.streamlock.net/canal22/canal22/playlist.m3u8","VIDEO","HLS","m3u8","","true","true","","AR","https://canal22web.com/","COMMUNITY","iptv-org public index, publicly listed free stream (verify broadcaster-official before promote)","iptv-org; categories=; quality=720p","medium","444"
"Live TV","General","Canal 26 (Canal 26 Aguascalientes)","https://60417ddeaf0d9.streamlock.net/telemetrika3/smil:telemetrika3.smil/playlist.m3u8","VIDEO","HLS","m3u8","","true","true","","MX","https://ryta.com.mx/","COMMUNITY","iptv-org public index, publicly listed free stream (verify broadcaster-official before promote)","iptv-org; categories=; quality=1080p","medium","445"
"Live TV","General","Canal 3 Formosa (Canal 3 Formosa)","https://stmvideo6.livecastv.com/agenfor/agenfor/playlist.m3u8","VIDEO","HLS","m3u8","","true","true","","AR","https://agenfor.com.ar/","COMMUNITY","iptv-org public index, publicly listed free stream (verify broadcaster-official before promote)","iptv-org; categories=; quality=","medium","446"
"Live TV","General","Canal 3 La Pampa (Canal 3 La Pampa)","https://stream.arcast.com.ar/c3lapampa/ngrp:c3lapampa_all/playlist.m3u8","VIDEO","HLS","m3u8","","true","true","","AR","https://tvpp.lapampa.gob.ar/","COMMUNITY","iptv-org public index, publicly listed free stream (verify broadcaster-official before promote)","iptv-org; categories=; quality=1080p","medium","447"
"Live TV","General","Canal 3 Las Heras (Canal 3 Las Heras)","https://stream.arcast.com.ar/canal3/canal3/playlist.m3u8","VIDEO","HLS","m3u8","","true","true","","AR","http://www.canal3lasheras.com/","COMMUNITY","iptv-org public index, publicly listed free stream (verify broadcaster-official before promote)","iptv-org; categories=; quality=720p","medium","448"
"Live TV","General","Canal 3 Pinamar (Canal 3 Pinamar)","http://intelincloud01.com.ar/hls/cn3/index.m3u8","VIDEO","HLS","m3u8","","true","false","","AR","http://www.canal3pinamar.com/","COMMUNITY","iptv-org public index, publicly listed free stream (verify broadcaster-official before promote)","iptv-org; categories=; quality=","medium","449"
"Live TV","General","Canal 3 Tacural (Canal 3 Tacural)","http://vivo.canal3tacural.com.ar:8081/hls/stream.m3u8","VIDEO","HLS","m3u8","","true","false","","AR","https://canal3tacural.com.ar/","COMMUNITY","iptv-org public index, publicly listed free stream (verify broadcaster-official before promote)","iptv-org; categories=general; quality=","medium","450"
"Live TV","General","Canal 33 Tijuana (Canal 33 Tijuana)","https://5f2c1b0d880e5.streamlock.net/canal33tijuana/videocanal33tijuana/playlist.m3u8","VIDEO","HLS","m3u8","","true","true","","MX","https://canal66.tv/","COMMUNITY","iptv-org public index, publicly listed free stream (verify broadcaster-official before promote)","iptv-org; categories=general|news; quality=720p","medium","451"
"Live TV","General","Canal 34 San Juan (Canal 34 San Juan)","https://streamyes.alsolnet.com/canal34hd/live/playlist.m3u8","VIDEO","HLS","m3u8","","true","true","","AR","","COMMUNITY","iptv-org public index, publicly listed free stream (verify broadcaster-official before promote)","iptv-org; categories=general; quality=720p","medium",""
"Live TV","General","Canal 4 Posadas (Canal 4 Posadas)","https://iptv.ixfo.com.ar:30443/live/C4POS/playlist.m3u8","VIDEO","HLS","m3u8","","true","true","","AR","http://www.canalcuatroposadas.org/","COMMUNITY","iptv-org public index, publicly listed free stream (verify broadcaster-official before promote)","iptv-org; categories=; quality=576p","medium","452"
"Live TV","General","Canal 4 San Juan (Canal 4 San Juan)","https://streamlov.alsolnet.com/canal4sanjuan/live/playlist.m3u8","VIDEO","HLS","m3u8","","true","true","","AR","http://www.canal4sanjuan.com.ar/digital/","COMMUNITY","iptv-org public index, publicly listed free stream (verify broadcaster-official before promote)","iptv-org; categories=; quality=576p","medium","453"
"Live TV","General","Canal 4 Teleaire (Canal 4 Teleaire)","https://stmvideo6.livecastv.com/canal4/canal4/playlist.m3u8","VIDEO","HLS","m3u8","","true","true","","AR","https://canal4teleaire.com.ar/","COMMUNITY","iptv-org public index, publicly listed free stream (verify broadcaster-official before promote)","iptv-org; categories=general; quality=","medium","454"
"Live TV","General","Canal 44 (Canal 44 Chihuahua)","https://5e50264bd6766.streamlock.net/canal442/videocanal442/playlist.m3u8","VIDEO","HLS","m3u8","","true","true","","MX","https://canal44.com/","COMMUNITY","iptv-org public index, publicly listed free stream (verify broadcaster-official before promote)","iptv-org; categories=; quality=720p","medium","455"
"Live TV","General","Canal 5 (Canal 5)","http://45.5.119.43:4000/play/a05o/index.m3u8","VIDEO","HLS","m3u8","","true","false","","MX","http://www.televisa.com/canal5/","COMMUNITY","iptv-org public index, publicly listed free stream (verify broadcaster-official before promote)","iptv-org; categories=general; quality=720p","medium","456"
"Live TV","General","Canal 5 Del Pueblo (Canal 5 Del Pueblo)","https://stmv4.voxtvhd.com.br/canal5pueblo/canal5pueblo/playlist.m3u8","VIDEO","HLS","m3u8","","true","true","","AR","","COMMUNITY","iptv-org public index, publicly listed free stream (verify broadcaster-official before promote)","iptv-org; categories=general; quality=","medium",""
"Live TV","General","Canal 5 Santa Fe (Canal 5 Santa Fe)","https://stream.arcast.com.ar/c5sf/c5sf/playlist.m3u8","VIDEO","HLS","m3u8","","true","true","","AR","https://www.c5sf.com/","COMMUNITY","iptv-org public index, publicly listed free stream (verify broadcaster-official before promote)","iptv-org; categories=; quality=240p","medium","457"
"Live TV","General","Canal 5 TV Chepes (Canal 5 TV Chepes)","https://videostream.shockmedia.com.ar:19360/canal5alfatvchepes/canal5alfatvchepes.m3u8","VIDEO","HLS","m3u8","","true","true","","AR","https://canal5tvchepes.com.ar/","COMMUNITY","iptv-org public index, publicly listed free stream (verify broadcaster-official before promote)","iptv-org; categories=general; quality=","medium","458"
"Live TV","General","Canal 5 TV Cozumel (Canal 5 TV Cozumel)","https://video0.rogohosting.com:19360/tvcozumel/tvcozumel.m3u8","VIDEO","HLS","m3u8","","true","true","","MX","https://tvcozumel.mx/","COMMUNITY","iptv-org public index, publicly listed free stream (verify broadcaster-official before promote)","iptv-org; categories=general; quality=1080p","medium","459"
"Live TV","General","Canal 50 Morteros (Canal 50 Morteros)","https://online.coopmorteros.coop/canal50/vivo.m3u8","VIDEO","HLS","m3u8","","true","true","","AR","https://canal50.tv/","COMMUNITY","iptv-org public index, publicly listed free stream (verify broadcaster-official before promote)","iptv-org; categories=; quality=","medium","460"
"Live TV","General","Canal 6 Posadas (Canal 6 Posadas)","https://iptv.ixfo.com.ar:30443/live/c6digital/playlist.m3u8","VIDEO","HLS","m3u8","","true","true","","AR","https://www.noticiasdel6.com/","COMMUNITY","iptv-org public index, publicly listed free stream (verify broadcaster-official before promote)","iptv-org; categories=; quality=1080p","medium",""
"Live TV","General","Canal 7 Jujuy (Canal 7 Jujuy)","https://stream.arcast.live/canal7jujuy/ngrp:canal7jujuy_all/playlist.m3u8","VIDEO","HLS","m3u8","","true","true","","AR","http://www.radiovisionjujuy.com.ar/canal7dejujuy","COMMUNITY","iptv-org public index, publicly listed free stream (verify broadcaster-official before promote)","iptv-org; categories=; quality=","medium","461"
"Live TV","General","Canal 7 Salta (Canal 7 Salta)","https://vivo.solumedia.com:19360/cooperativa/cooperativa.m3u8","VIDEO","HLS","m3u8","","true","true","","AR","https://canal7salta.com/","COMMUNITY","iptv-org public index, publicly listed free stream (verify broadcaster-official before promote)","iptv-org; categories=; quality=1080p","medium","462"
"Live TV","General","Canal 7 TV (Canal 7 Santiago del Estero)","https://stream.arcast.com.ar/envivo/castv/playlist.m3u8","VIDEO","HLS","m3u8","","true","true","","AR","http://canal7.tv/","COMMUNITY","iptv-org public index, publicly listed free stream (verify broadcaster-official before promote)","iptv-org; categories=; quality=720p","medium","463"
"Live TV","General","Canal 79 La Costa (Canal 79 La Costa)","https://streamconex.com:19360/lacosta/lacosta.m3u8","VIDEO","HLS","m3u8","","true","true","","AR","https://canal79tv.com.ar/la-costa/","COMMUNITY","iptv-org public index, publicly listed free stream (verify broadcaster-official before promote)","iptv-org; categories=; quality=240p","medium","464"
"Live TV","General","Canal 79 Mar del Plata (Canal 79 Mar del Plata)","https://streamconex.com:19360/mardelplata/mardelplata.m3u8","VIDEO","HLS","m3u8","","true","true","","AR","https://canal79tv.com.ar/mardelplata/","COMMUNITY","iptv-org public index, publicly listed free stream (verify broadcaster-official before promote)","iptv-org; categories=; quality=","medium","465"
"Live TV","General","Canal 79 Puan (Canal 79 Puan)","https://streamconex.com:19360/puan/puan.m3u8","VIDEO","HLS","m3u8","","true","true","","AR","https://canal79tv.com.ar/puan/","COMMUNITY","iptv-org public index, publicly listed free stream (verify broadcaster-official before promote)","iptv-org; categories=; quality=240p","medium","466"
"Live TV","General","Canal 79 Santa Clara del Mar (Canal 79 Santa Clara del Mar)","https://streamconex.com:19360/santaclara-1/santaclara-1.m3u8","VIDEO","HLS","m3u8","","true","true","","AR","https://canal79tv.com.ar/santa-clara-del-mar/","COMMUNITY","iptv-org public index, publicly listed free stream (verify broadcaster-official before promote)","iptv-org; categories=; quality=240p","medium","467"
"Live TV","General","Canal 9 Litoral (Canal 9 Litoral)","https://stream.arcast.live/ahora/ahora/playlist.m3u8","VIDEO","HLS","m3u8","","true","true","","AR","https://9digital.com.ar/","COMMUNITY","iptv-org public index, publicly listed free stream (verify broadcaster-official before promote)","iptv-org; categories=; quality=720p","medium","468"
"Live TV","General","Canal 9 Resistencia (Canal 9 Resistencia)","http://coninfo.net:1935/9linklivert/smil:9linkmultibr.smil/playlist.m3u8","VIDEO","HLS","m3u8","","true","false","","AR","http://noticiero9.com.ar/","COMMUNITY","iptv-org public index, publicly listed free stream (verify broadcaster-official before promote)","iptv-org; categories=general; quality=720p","medium","469"
"Live TV","General","Canal 99 Miramar (Canal 99 Miramar)","https://vivo.solumedia.com:19360/cardinal/cardinal.m3u8","VIDEO","HLS","m3u8","","true","true","","AR","https://radiocardinal.com.ar/canal-99/","COMMUNITY","iptv-org public index, publicly listed free stream (verify broadcaster-official before promote)","iptv-org; categories=general; quality=","medium","470"
"Live TV","General","Canal Provincial (Canal Provincial)","https://streaming.telered.com.ar/provincial/streaming/mystream.m3u8","VIDEO","HLS","m3u8","","true","true","","AR","https://canalprovincial.com.ar/","COMMUNITY","iptv-org public index, publicly listed free stream (verify broadcaster-official before promote)","iptv-org; categories=general; quality=360p","medium",""
"Live TV","General","Canal Sete (Canal Sete)","http://play.canalsete.com.br:1935/canalsete/xpl-c7_source/playlist.m3u8","VIDEO","HLS","m3u8","","true","false","","BR","http://www.canalsete.com.br/","COMMUNITY","iptv-org public index, publicly listed free stream (verify broadcaster-official before promote)","iptv-org; categories=general; quality=","medium",""
"Live TV","General","Cape Town TV (Cape Town TV)","https://cdn.freevisiontv.co.za/sttv/smil:ctv.stream.smil/playlist.m3u8","VIDEO","HLS","m3u8","","true","true","","ZA","http://www.capetowntv.org/","COMMUNITY","iptv-org public index, publicly listed free stream (verify broadcaster-official before promote)","iptv-org; categories=general; quality=576p","medium","471"
"Live TV","General","Car City Adventures (Car City Adventures)","https://d39g1vxj2ef6in.cloudfront.net/v1/master/3fec3e5cac39a52b2132f9c66c83dae043dc17d4/prod-rakuten-stitched/master.m3u8?ads.xumo_channelId=88883095","VIDEO","HLS","m3u8","","true","true","","PL","https://www.rakuten.tv","COMMUNITY","iptv-org public index, publicly listed free stream (verify broadcaster-official before promote)","iptv-org; categories=; quality=","medium","472"
"Live TV","General","Caras TV (Caras TV)","https://unlimited1-us.dps.live/carastv/carastv.smil/playlist.m3u8","VIDEO","HLS","m3u8","","true","true","","AR","https://caras.perfil.com/carastv","COMMUNITY","iptv-org public index, publicly listed free stream (verify broadcaster-official before promote)","iptv-org; categories=entertainment; quality=","medium","473"
"Live TV","General","Cay TV (Cay TV)","https://edge1.socialsmart.tv/caytv/bant1/playlist.m3u8","VIDEO","HLS","m3u8","","true","true","","TR","https://www.caytv.com.tr/","COMMUNITY","iptv-org public index, publicly listed free stream (verify broadcaster-official before promote)","iptv-org; categories=general; quality=720p","medium",""
"Live TV","General","CBC (CBC)","https://flu.systemnet.tv/CBC/index.m3u8","VIDEO","HLS","m3u8","","true","true","","EG","https://www.cbc-eg.com/","COMMUNITY","iptv-org public index, publicly listed free stream (verify broadcaster-official before promote)","iptv-org; categories=general; quality=576p","medium",""
"Live TV","General","CCV (CCV)","https://5a1178b42cc03.streamlock.net/8212/8212/playlist.m3u8","VIDEO","HLS","m3u8","","true","true","","IN","","COMMUNITY","iptv-org public index, publicly listed free stream (verify broadcaster-official before promote)","iptv-org; categories=general; quality=480p","medium",""
"Live TV","General","Celta TV (Celta TV)","https://vivo.solumedia.com:19360/celta/celta.m3u8","VIDEO","HLS","m3u8","","true","true","","AR","https://www.celtatv.com.ar/canal-local.php","COMMUNITY","iptv-org public index, publicly listed free stream (verify broadcaster-official before promote)","iptv-org; categories=; quality=240p","medium","474"
"Live TV","General","Channel 5 (Channel 5)","https://639bc5877c5fe.streamlock.net/tv5hdlive/tv5hdlive/playlist.m3u8","VIDEO","HLS","m3u8","","true","true","","TH","http://tv5.co.th/","COMMUNITY","iptv-org public index, publicly listed free stream (verify broadcaster-official before promote)","iptv-org; categories=general; quality=1080p","medium","475"
"Live TV","General","Channel 8 (Channel 8)","http://usa.login.in.th:1935/ch8/ch8/playlist.m3u8","VIDEO","HLS","m3u8","","true","false","","TH","https://www.thaich8.com/","COMMUNITY","iptv-org public index, publicly listed free stream (verify broadcaster-official before promote)","iptv-org; categories=general; quality=1080p","medium","476"
"Live TV","General","Chroma TV (Chroma TV)","https://5c483b9d1019c.streamlock.net/8054/8054/playlist.m3u8","VIDEO","HLS","m3u8","","true","true","","BR","https://chromatv.com.br/","COMMUNITY","iptv-org public index, publicly listed free stream (verify broadcaster-official before promote)","iptv-org; categories=entertainment; quality=480p","medium",""
"Live TV","General","COM Brasil (COM Brasil)","https://br5093.streamingdevideo.com.br/abc/abc/playlist.m3u8","VIDEO","HLS","m3u8","","true","true","","BR","","COMMUNITY","iptv-org public index, publicly listed free stream (verify broadcaster-official before promote)","iptv-org; categories=general; quality=1080p","medium",""
"Live TV","General","ConecTV Brasil (ConecTV Brasil)","https://stream01.msolutionbrasil.com.br/hls/conectv/live.m3u8","VIDEO","HLS","m3u8","","true","true","","BR","https://www.conectvbrasil.site/","COMMUNITY","iptv-org public index, publicly listed free stream (verify broadcaster-official before promote)","iptv-org; categories=general; quality=720p","medium",""
"Live TV","General","Cool Channel (Cool Channel)","https://live-iptv.cool-channel.com/cool/live-720P.m3u8","VIDEO","HLS","m3u8","","true","true","","TH","","COMMUNITY","iptv-org public index, publicly listed free stream (verify broadcaster-official before promote)","iptv-org; categories=; quality=","medium",""
"Live TV","General","Correa Radiovision (Correa Radiovision)","https://stream.arcast.net:4443/correadigital/canal12/playlist.m3u8","VIDEO","HLS","m3u8","","true","true","","AR","https://www.correadigital.com.ar/canal12.html","COMMUNITY","iptv-org public index, publicly listed free stream (verify broadcaster-official before promote)","iptv-org; categories=general; quality=","medium","477"
"Live TV","General","Corrientes TV (Corrientes TV)","https://617c5175c970b.streamlock.net:4444/13max2/live13maxtv2026/playlist.m3u8","VIDEO","HLS","m3u8","","true","true","","AR","https://www.13maxtv.com/en-vivo/","COMMUNITY","iptv-org public index, publicly listed free stream (verify broadcaster-official before promote)","iptv-org; categories=general; quality=","medium",""
"Live TV","General","CreaLaTV (CreaLaTV)","https://stream.crealatv.com/live.m3u8","VIDEO","HLS","m3u8","","true","true","","MX","https://www.creala.tv/","COMMUNITY","iptv-org public index, publicly listed free stream (verify broadcaster-official before promote)","iptv-org; categories=general; quality=1080p","medium","478"
"Live TV","General","DD Arun Prabha (DD Arun Prabha)","https://cdn-4.pishow.tv/live/32/master.m3u8","VIDEO","HLS","m3u8","","true","true","","IN","https://prasarbharati.gov.in/doordarshan/","COMMUNITY","iptv-org public index, publicly listed free stream (verify broadcaster-official before promote)","iptv-org; categories=general; quality=","medium","479"
"Live TV","General","DD Assam (DD Assam)","https://d2lk5u59tns74c.cloudfront.net/out/v1/d380bf5c167b4319a46cdd8204bc26b2/index.m3u8","VIDEO","HLS","m3u8","","true","true","","IN","https://prasarbharati.gov.in/doordarshan/","COMMUNITY","iptv-org public index, publicly listed free stream (verify broadcaster-official before promote)","iptv-org; categories=general; quality=504p","medium","480"
"Live TV","General","DD Bangla (DD Bangla)","https://cdn-4.pishow.tv/live/37/master.m3u8","VIDEO","HLS","m3u8","","true","true","","IN","https://prasarbharati.gov.in/doordarshan/","COMMUNITY","iptv-org public index, publicly listed free stream (verify broadcaster-official before promote)","iptv-org; categories=general; quality=","medium","481"
"Live TV","General","DD Bihar (DD Bihar)","https://d2lk5u59tns74c.cloudfront.net/out/v1/380b0765f87741a4812bc952ec6fbf21/index.m3u8","VIDEO","HLS","m3u8","","true","true","","IN","https://prasarbharati.gov.in/doordarshan/","COMMUNITY","iptv-org public index, publicly listed free stream (verify broadcaster-official before promote)","iptv-org; categories=general; quality=504p","medium","482"
"Live TV","General","DD Chandana (DD Chandana)","https://cdn-3.pishow.tv/live/28/master.m3u8","VIDEO","HLS","m3u8","","true","true","","IN","https://prasarbharati.gov.in/doordarshan/","COMMUNITY","iptv-org public index, publicly listed free stream (verify broadcaster-official before promote)","iptv-org; categories=general; quality=","medium","483"
"Live TV","General","DD Chhattisgarh (DD Chhattisgarh)","https://d3qs3d2rkhfqrt.cloudfront.net/out/v1/5078083881bc489ea14f4c85e7abe4d6/index.m3u8","VIDEO","HLS","m3u8","","true","true","","IN","http://ddraipur.gov.in/","COMMUNITY","iptv-org public index, publicly listed free stream (verify broadcaster-official before promote)","iptv-org; categories=general; quality=504p","medium",""
"Live TV","General","DD Girnar (DD Girnar)","https://d2lk5u59tns74c.cloudfront.net/out/v1/558fdb9aebb54bb5bbbf0ced03686148/index.m3u8","VIDEO","HLS","m3u8","","true","true","","IN","https://prasarbharati.gov.in/doordarshan/","COMMUNITY","iptv-org public index, publicly listed free stream (verify broadcaster-official before promote)","iptv-org; categories=general; quality=504p","medium","484"
"Live TV","General","DD Goa (DD Goa)","https://d3qs3d2rkhfqrt.cloudfront.net/out/v1/e5b9db1cc184406bb97159da2f120f91/index.m3u8","VIDEO","HLS","m3u8","","true","true","","IN","","COMMUNITY","iptv-org public index, publicly listed free stream (verify broadcaster-official before promote)","iptv-org; categories=general; quality=504p","medium",""
"Live TV","General","DD Haryana (DD Haryana)","https://d2lk5u59tns74c.cloudfront.net/out/v1/950fc69666474351bde0a32b9600c804/index.m3u8","VIDEO","HLS","m3u8","","true","true","","IN","https://prasarbharati.gov.in/doordarshan/","COMMUNITY","iptv-org public index, publicly listed free stream (verify broadcaster-official before promote)","iptv-org; categories=general; quality=504p","medium","485"
"Live TV","General","DD Himachal Pradesh (DD Himachal Pradesh)","https://d3qs3d2rkhfqrt.cloudfront.net/out/v1/afd2e335b0ba40eb9bdf1096118c6ede/index.m3u8","VIDEO","HLS","m3u8","","true","true","","IN","","COMMUNITY","iptv-org public index, publicly listed free stream (verify broadcaster-official before promote)","iptv-org; categories=general; quality=504p","medium",""
"Live TV","General","DD Jharkhand (DD Jharkhand)","https://cdn-1.pishow.tv/live/1617/master.m3u8","VIDEO","HLS","m3u8","","true","true","","IN","http://www.ddjharkhand.com/","COMMUNITY","iptv-org public index, publicly listed free stream (verify broadcaster-official before promote)","iptv-org; categories=general; quality=","medium",""
"Live TV","General","DD Kashir (DD Kashir)","https://cdn-6.pishow.tv/live/16/master.m3u8","VIDEO","HLS","m3u8","","true","true","","IN","https://prasarbharati.gov.in/doordarshan/","COMMUNITY","iptv-org public index, publicly listed free stream (verify broadcaster-official before promote)","iptv-org; categories=general; quality=","medium","486"
"Live TV","General","DD Madhya Pradesh (DD Madhya Pradesh)","https://d3qs3d2rkhfqrt.cloudfront.net/out/v1/b5256b391a7c4ae6977535b73fd6f591/index.m3u8","VIDEO","HLS","m3u8","","true","true","","IN","https://prasarbharati.gov.in/doordarshan/","COMMUNITY","iptv-org public index, publicly listed free stream (verify broadcaster-official before promote)","iptv-org; categories=general; quality=504p","medium","487"
"Live TV","General","DD Malayalam (DD Malayalam)","https://cdn-3.pishow.tv/live/27/master.m3u8","VIDEO","HLS","m3u8","","true","true","","IN","https://prasarbharati.gov.in/doordarshan/","COMMUNITY","iptv-org public index, publicly listed free stream (verify broadcaster-official before promote)","iptv-org; categories=entertainment; quality=","medium","488"
"Live TV","General","DD Manipur (DD Manipur)","https://d2lk5u59tns74c.cloudfront.net/out/v1/8b75afc6576f450e8f554b6c877681d2/index.m3u8","VIDEO","HLS","m3u8","","true","true","","IN","","COMMUNITY","iptv-org public index, publicly listed free stream (verify broadcaster-official before promote)","iptv-org; categories=general; quality=504p","medium",""
"Live TV","General","DD Meghalaya (DD Meghalaya)","https://d3qs3d2rkhfqrt.cloudfront.net/out/v1/4f81bc8d13dd49b484da35988abb8729/index.m3u8","VIDEO","HLS","m3u8","","true","true","","IN","","COMMUNITY","iptv-org public index, publicly listed free stream (verify broadcaster-official before promote)","iptv-org; categories=general; quality=504p","medium",""
"Live TV","General","DD Nagaland (DD Nagaland)","https://d2lk5u59tns74c.cloudfront.net/out/v1/29c92e0bef954a6d9b0908d1be29c1f0/index.m3u8","VIDEO","HLS","m3u8","","true","true","","IN","","COMMUNITY","iptv-org public index, publicly listed free stream (verify broadcaster-official before promote)","iptv-org; categories=general; quality=504p","medium",""
"Live TV","General","DD National (DD National HD)","https://mumt01.tangotv.in/O5aw8Zn3DDNATIONALHD/index.m3u8","VIDEO","HLS","m3u8","","true","true","","IN","https://prasarbharati.gov.in/dd-national-homepage/","COMMUNITY","iptv-org public index, publicly listed free stream (verify broadcaster-official before promote)","iptv-org; categories=entertainment; quality=576p","medium","489"
"Live TV","General","DD Odia (DD Odia)","https://d3qs3d2rkhfqrt.cloudfront.net/out/v1/ef4ea632b77a480ebd77106968aa99a9/index.m3u8","VIDEO","HLS","m3u8","","true","true","","IN","https://prasarbharati.gov.in/doordarshan/","COMMUNITY","iptv-org public index, publicly listed free stream (verify broadcaster-official before promote)","iptv-org; categories=general; quality=504p","medium","490"
"Live TV","General","DD Rajasthan (DD Rajasthan)","https://d2lk5u59tns74c.cloudfront.net/out/v1/5b6bbbf682b741ecbe279f75a4a9a3e6/index.m3u8","VIDEO","HLS","m3u8","","true","true","","IN","https://prasarbharati.gov.in/doordarshan/","COMMUNITY","iptv-org public index, publicly listed free stream (verify broadcaster-official before promote)","iptv-org; categories=general; quality=504p","medium","491"
"Live TV","General","DD Sahyadri (DD Sahyadri)","https://cdn-3.pishow.tv/live/30/master.m3u8","VIDEO","HLS","m3u8","","true","true","","IN","https://prasarbharati.gov.in/dd-sahyadri-homepage/","COMMUNITY","iptv-org public index, publicly listed free stream (verify broadcaster-official before promote)","iptv-org; categories=general; quality=","medium","492"
"Live TV","General","DD Saptagiri (DD Saptagiri)","https://d2lk5u59tns74c.cloudfront.net/out/v1/26e915d6d12b4a06822c5e33c088ed56/index.m3u8","VIDEO","HLS","m3u8","","true","true","","IN","https://prasarbharati.gov.in/doordarshan/","COMMUNITY","iptv-org public index, publicly listed free stream (verify broadcaster-official before promote)","iptv-org; categories=general; quality=504p","medium","493"
"Live TV","General","DD Tamil (DD Tamil)","https://cdn-2.pishow.tv/live/26/master.m3u8","VIDEO","HLS","m3u8","","true","true","","IN","https://doordarshan.gov.in/","COMMUNITY","iptv-org public index, publicly listed free stream (verify broadcaster-official before promote)","iptv-org; categories=general; quality=","medium",""
"Live TV","General","DD Tripura (DD Tripura)","https://d3qs3d2rkhfqrt.cloudfront.net/out/v1/52b998e9510d41c29ad2ceca8ea3d849/index.m3u8","VIDEO","HLS","m3u8","","true","true","","IN","","COMMUNITY","iptv-org public index, publicly listed free stream (verify broadcaster-official before promote)","iptv-org; categories=general; quality=504p","medium",""
"Live TV","General","DD Urdu (DD Urdu)","https://d3qs3d2rkhfqrt.cloudfront.net/out/v1/9b91e9007e754db39a8b32c6bfc5b24a/index.m3u8","VIDEO","HLS","m3u8","","true","true","","IN","https://prasarbharati.gov.in/doordarshan/","COMMUNITY","iptv-org public index, publicly listed free stream (verify broadcaster-official before promote)","iptv-org; categories=general; quality=504p","medium","494"
"Live TV","General","DD Uttar Pradesh (DD Uttar Pradesh)","https://d3qs3d2rkhfqrt.cloudfront.net/out/v1/70d4f6874fa64032a685e3123520f07d/index.m3u8","VIDEO","HLS","m3u8","","true","true","","IN","https://prasarbharati.gov.in/dd-uttar-praesh-homepage/","COMMUNITY","iptv-org public index, publicly listed free stream (verify broadcaster-official before promote)","iptv-org; categories=general; quality=504p","medium","495"
"Live TV","General","DD Uttarakhand (DD Uttarakhand)","https://d3qs3d2rkhfqrt.cloudfront.net/out/v1/a70323c56ac647c2a8c8fc34e4c73912/index.m3u8","VIDEO","HLS","m3u8","","true","true","","IN","","COMMUNITY","iptv-org public index, publicly listed free stream (verify broadcaster-official before promote)","iptv-org; categories=general; quality=504p","medium",""
"Live TV","General","DD Yadagiri (DD Yadagiri)","https://d3qs3d2rkhfqrt.cloudfront.net/out/v1/c89fa6d6f5864ac29670d6f91cb7e32a/index.m3u8","VIDEO","HLS","m3u8","","true","true","","IN","https://prasarbharati.gov.in/doordarshan/","COMMUNITY","iptv-org public index, publicly listed free stream (verify broadcaster-official before promote)","iptv-org; categories=general; quality=504p","medium","496"
"Live TV","General","Demais TV (Demais TV)","https://stmv1.samcast.com.br/demaistv6503/demaistv6503/playlist.m3u8","VIDEO","HLS","m3u8","","true","true","","BR","https://www.demaistv.com.br/","COMMUNITY","iptv-org public index, publicly listed free stream (verify broadcaster-official before promote)","iptv-org; categories=general; quality=720p","medium",""
"Live TV","General","Deniz Postasi TV (Deniz Postası TV)","https://live.artidijitalmedya.com/artidijital_denizpostasi/denizpostasi/playlist.m3u8","VIDEO","HLS","m3u8","","true","true","","TR","https://www.denizpostasi.com/","COMMUNITY","iptv-org public index, publicly listed free stream (verify broadcaster-official before promote)","iptv-org; categories=general; quality=720p","medium","497"
"Live TV","General","Desi Channel (Desi Channel)","https://livestream.unlimitedcdn.com/agm-dc/desi-channel/index.m3u8","VIDEO","HLS","m3u8","","true","true","","IN","http://desichannel.in/","COMMUNITY","iptv-org public index, publicly listed free stream (verify broadcaster-official before promote)","iptv-org; categories=entertainment; quality=720p","medium","498"
"Live TV","General","Dhoho TV (Dhoho TV)","https://dhohotv.siar.us/dhohotv/live/playlist.m3u8","VIDEO","HLS","m3u8","","true","true","","ID","http://www.dhohotv.com/","COMMUNITY","iptv-org public index, publicly listed free stream (verify broadcaster-official before promote)","iptv-org; categories=general; quality=720p","medium","499"
"Live TV","General","Dish Buzz (Dish Buzz)","http://217.20.112.199:8080/animalplanet/index.m3u8","VIDEO","HLS","m3u8","","true","false","","IN","","COMMUNITY","iptv-org public index, publicly listed free stream (verify broadcaster-official before promote)","iptv-org; categories=; quality=720p","medium",""
"Live TV","General","DM TV Malang (DM TV Malang)","https://e.siar.us/live/dmtv.m3u8","VIDEO","HLS","m3u8","","true","true","","ID","https://dmtvmalang.com/","COMMUNITY","iptv-org public index, publicly listed free stream (verify broadcaster-official before promote)","iptv-org; categories=general; quality=","medium","500"
"Live TV","General","Dopa Channel (Dopa Channel)","http://dopachannel.truegse.com/live/dopatv03.m3u8","VIDEO","HLS","m3u8","","true","false","","TH","http://www.comdopa.com/dopachannel/","COMMUNITY","iptv-org public index, publicly listed free stream (verify broadcaster-official before promote)","iptv-org; categories=general; quality=","medium",""
"Live TV","General","Dr G Medical Examiner (Dr G Medical Examiner)","https://d39g1vxj2ef6in.cloudfront.net/v1/master/3fec3e5cac39a52b2132f9c66c83dae043dc17d4/prod-rakuten-stitched/master.m3u8?ads.xumo_channelId=88883008","VIDEO","HLS","m3u8","","true","true","","PL","https://www.rakuten.tv/pl/live_channels/filmrise-dr-g-medical-examiner","COMMUNITY","iptv-org public index, publicly listed free stream (verify broadcaster-official before promote)","iptv-org; categories=general; quality=","medium","501"
"Live TV","General","Duta TV (Duta TV)","https://dutatv.siar.us/dutatv/live/playlist.m3u8","VIDEO","HLS","m3u8","","true","true","","ID","http://dutatv.com/","COMMUNITY","iptv-org public index, publicly listed free stream (verify broadcaster-official before promote)","iptv-org; categories=general; quality=360p","medium","502"
"Live TV","General","E 24 (E 24)","https://live-cf-e24.dailyhunt.in/master.m3u8","VIDEO","HLS","m3u8","","true","true","","IN","https://e24.news24online.com/","COMMUNITY","iptv-org public index, publicly listed free stream (verify broadcaster-official before promote)","iptv-org; categories=entertainment; quality=576p","medium",""
"Live TV","General","Eco TV (Eco TV)","https://stream.arcast.com.ar/ecotv/ngrp:ecotv_all/playlist.m3u8","VIDEO","HLS","m3u8","","true","true","","AR","https://www.eleco.com.ar/ecotv","COMMUNITY","iptv-org public index, publicly listed free stream (verify broadcaster-official before promote)","iptv-org; categories=general; quality=","medium","503"
"Live TV","General","Edessa TV (Edessa TV)","https://canli.edessatv.com/hls/stream.m3u8","VIDEO","HLS","m3u8","","true","true","","TR","http://www.edessatv.com/","COMMUNITY","iptv-org public index, publicly listed free stream (verify broadcaster-official before promote)","iptv-org; categories=entertainment; quality=1080p","medium",""
"Live TV","General","El Nueve (El Nueve)","http://playcom.trapemn.tv:1935/transcoderip/canal9.stream/playlist.m3u8","VIDEO","HLS","m3u8","","true","false","","AR","https://www.elnueve.com.ar/","COMMUNITY","iptv-org public index, publicly listed free stream (verify broadcaster-official before promote)","iptv-org; categories=general; quality=1080p","medium","504"
"Live TV","General","Elsharq TV (Elsharq TV)","https://mn-nl.mncdn.com/elsharq_live/live/playlist.m3u8","VIDEO","HLS","m3u8","","true","true","","TR","http://elsharq.tv/","COMMUNITY","iptv-org public index, publicly listed free stream (verify broadcaster-official before promote)","iptv-org; categories=general; quality=1080p","medium","505"
"Live TV","General","Enterr 10 Bangla (Enterr 10 Bangla)","https://live-bangla.akamaized.net/liveabr/playlist.m3u8","VIDEO","HLS","m3u8","","true","true","","IN","","COMMUNITY","iptv-org public index, publicly listed free stream (verify broadcaster-official before promote)","iptv-org; categories=entertainment; quality=720p","medium",""
"Live TV","General","Epic TV (Epic TV Digital)","https://cc-czbq30x55knit.akamaized.net/v1/master/3722c60a815c199d9c0ef36c5b73da68a62b09d1/cc-czbq30x55knit/DIYC/PMSL/IN10/Epic_TV_IN_B/Epic_TV_IN_B.m3u8","VIDEO","HLS","m3u8","","true","true","","IN","https://www.epicon.in/","COMMUNITY","iptv-org public index, publicly listed free stream (verify broadcaster-official before promote)","iptv-org; categories=entertainment; quality=1080p","medium",""
"Live TV","General","ERTV (Er TV)","https://live.artidijitalmedya.com/artidijital_ertv_new/ertv/playlist.m3u8","VIDEO","HLS","m3u8","","true","true","","TR","http://www.ertv.com.tr/","COMMUNITY","iptv-org public index, publicly listed free stream (verify broadcaster-official before promote)","iptv-org; categories=general; quality=1080p","medium","506"
"Live TV","General","Erzurum Web TV (Erzurum Web TV)","https://win29.yayin.com.tr/erzurumwebtv/erzurumwebtv/iptvdelisi.m3u8","VIDEO","HLS","m3u8","","true","true","","TR","https://erzurumwebtv.com/","COMMUNITY","iptv-org public index, publicly listed free stream (verify broadcaster-official before promote)","iptv-org; categories=general; quality=720p","medium",""
"Live TV","General","ES TV (ES TV)","https://live.artidijitalmedya.com/artidijital_estv/estv/playlist.m3u8","VIDEO","HLS","m3u8","","true","true","","TR","http://www.estv.com.tr/","COMMUNITY","iptv-org public index, publicly listed free stream (verify broadcaster-official before promote)","iptv-org; categories=; quality=720p","medium",""
"Live TV","General","ETV Josh (ETV Josh)","https://cc-uyh1ow5zouoio.akamaized.net/WWBI/Amagi/ETV_Josh_IN/playlist.m3u8","VIDEO","HLS","m3u8","","true","true","","IN","","COMMUNITY","iptv-org public index, publicly listed free stream (verify broadcaster-official before promote)","iptv-org; categories=entertainment; quality=1080p","medium",""
"Live TV","General","ETV Kayseri (ETV Kayseri)","https://live.artidijitalmedya.com/artidijital_etv/etv/playlist.m3u8","VIDEO","HLS","m3u8","","true","true","","TR","https://www.etvkayseri.com/","COMMUNITY","iptv-org public index, publicly listed free stream (verify broadcaster-official before promote)","iptv-org; categories=general; quality=720p","medium",""
"Live TV","General","ETV Manisa (ETV Manisa)","https://edge1.socialsmart.tv/manisaetv/bant1/playlist.m3u8","VIDEO","HLS","m3u8","","true","true","","TR","https://www.etvmanisa.com/","COMMUNITY","iptv-org public index, publicly listed free stream (verify broadcaster-official before promote)","iptv-org; categories=; quality=1080p","medium","507"
"Live TV","General","ETV Telugu (ETV Telugu HD)","https://d27zlkxhgwrfgo.cloudfront.net/v1/master/9d43eacaed199f8d5883927e7aef514a8a08e108/ETV_HD_H264_cloud_in/index.m3u8","VIDEO","HLS","m3u8","","true","true","","IN","http://www.etv.co.in/channels/home?channelId=1","COMMUNITY","iptv-org public index, publicly listed free stream (verify broadcaster-official before promote)","iptv-org; categories=entertainment; quality=1080p","medium","508"
"Live TV","General","Euro D (Euro D)","https://live.duhnet.tv/S2/HLS_LIVE/eurodnp/playlist.m3u8","VIDEO","HLS","m3u8","","true","true","","TR","http://eurod.kanald.com.tr/","COMMUNITY","iptv-org public index, publicly listed free stream (verify broadcaster-official before promote)","iptv-org; categories=general; quality=720p","medium","509"
"Live TV","General","EUTV (EUTV)","https://cdn.jmvstream.com/w/LVW-8719/LVW8719_AcLVAxWy5J/playlist.m3u8","VIDEO","HLS","m3u8","","true","true","","BR","https://eutv.com.br/","COMMUNITY","iptv-org public index, publicly listed free stream (verify broadcaster-official before promote)","iptv-org; categories=general; quality=720p","medium",""
"Live TV","General","Expresa TV (Expresa TV)","https://5ca9af4645e15.streamlock.net/teleradio/smil:teleradio.smil/playlist.m3u8","VIDEO","HLS","m3u8","","true","true","","MX","https://expresatv.com.mx/","COMMUNITY","iptv-org public index, publicly listed free stream (verify broadcaster-official before promote)","iptv-org; categories=general; quality=720p","medium","510"
"Live TV","General","Fakt Marathi (Fakt Marathi)","https://cdn-6.pishow.tv/live/10002/master.m3u8","VIDEO","HLS","m3u8","","true","true","","IN","https://faktmarathitv.com/","COMMUNITY","iptv-org public index, publicly listed free stream (verify broadcaster-official before promote)","iptv-org; categories=entertainment; quality=720p","medium","511"
"Live TV","General","Fala Litoral (Fala Litoral)","https://5c483b9d1019c.streamlock.net/falalitoraltv/falalitoraltv/playlist.m3u8","VIDEO","HLS","m3u8","","true","true","","BR","https://portalfalalitoral.com.br/","COMMUNITY","iptv-org public index, publicly listed free stream (verify broadcaster-official before promote)","iptv-org; categories=general; quality=480p","medium","512"
"Live TV","General","Fokus TV (Fokus TV)","http://91.246.72.88:8000/play/a008/index.m3u8","VIDEO","HLS","m3u8","","true","false","","PL","https://www.fokus.tv/","COMMUNITY","iptv-org public index, publicly listed free stream (verify broadcaster-official before promote)","iptv-org; categories=general; quality=1080p","medium","513"
"Live TV","General","Gangaur TV (Gangaur TV)","https://pbgangaur.wiseplayout.com/Gangaur/master.m3u8","VIDEO","HLS","m3u8","","true","true","","IN","","COMMUNITY","iptv-org public index, publicly listed free stream (verify broadcaster-official before promote)","iptv-org; categories=entertainment; quality=1080p","medium",""
"Live TV","General","Garuda TV (Garuda TV)","https://hgmtv.com:19360/garudatvlivestreaming/garudatvlivestreaming.m3u8","VIDEO","HLS","m3u8","","true","true","","ID","https://www.garuda.tv/","COMMUNITY","iptv-org public index, publicly listed free stream (verify broadcaster-official before promote)","iptv-org; categories=general; quality=1080p","medium",""
"Live TV","General","Golden (Golden TV)","https://rpn.bozztv.com/gusa/gusa-goldentv/index.m3u8","VIDEO","HLS","m3u8","","true","true","","MX","http://televisa-networks.ioncom.mx/portfolio/golden/","COMMUNITY","iptv-org public index, publicly listed free stream (verify broadcaster-official before promote)","iptv-org; categories=; quality=240p","medium",""
"Live TV","General","Good Idea TV (Good Idea TV)","http://stream1.ai-net.net:1935/gtv1/_definst_/smil:gtv.smil/playlist.m3u8","VIDEO","HLS","m3u8","","true","false","","TH","http://www.goodideatv.tv/","COMMUNITY","iptv-org public index, publicly listed free stream (verify broadcaster-official before promote)","iptv-org; categories=entertainment; quality=720p","medium",""
"Live TV","General","Grjngo (Grjngo)","https://b6c7c7d1020a4588982ca7c2625f85d1.mediatailor.us-east-1.amazonaws.com/v1/master/0fb304b2320b25f067414d481a779b77db81760d/RakutenTV-eu_GrjngoWesterny/playlist.m3u8","VIDEO","HLS","m3u8","","true","true","","PL","https://www.rakuten.tv","COMMUNITY","iptv-org public index, publicly listed free stream (verify broadcaster-official before promote)","iptv-org; categories=; quality=","medium","514"
"Live TV","General","Hard Knocks Fighting Championship (Hard Knocks Fighting Championship)","https://d39g1vxj2ef6in.cloudfront.net/v1/master/3fec3e5cac39a52b2132f9c66c83dae043dc17d4/prod-rakuten-stitched/master.m3u8?ads.xumo_channelId=88883037","VIDEO","HLS","m3u8","","true","true","","PL","","COMMUNITY","iptv-org public index, publicly listed free stream (verify broadcaster-official before promote)","iptv-org; categories=; quality=","medium",""
"Live TV","General","Hi Dost! (Hi Dost!)","https://cdn-1.pishow.tv/live/224/master.m3u8","VIDEO","HLS","m3u8","","true","true","","IN","","COMMUNITY","iptv-org public index, publicly listed free stream (verify broadcaster-official before promote)","iptv-org; categories=entertainment; quality=720p","medium",""
"Live TV","General","HLAM-DTV (MBC Mokpo (목포 MBC))","http://vod.mpmbc.co.kr:1935/live/encoder-tv/playlist.m3u8","VIDEO","HLS","m3u8","","true","false","","KR","https://mpmbc.co.kr/","COMMUNITY","iptv-org public index, publicly listed free stream (verify broadcaster-official before promote)","iptv-org; categories=general; quality=720p","medium","515"
"Live TV","General","HLAN-DTV (MBC Chuncheon (춘천 MBC))","https://stream.chmbc.co.kr/TV/myStream/playlist.m3u8","VIDEO","HLS","m3u8","","true","true","","KR","http://chmbc.co.kr/","COMMUNITY","iptv-org public index, publicly listed free stream (verify broadcaster-official before promote)","iptv-org; categories=general; quality=480p","medium","516"
"Live TV","General","HLAO-DTV (MBC Chungbuk (MBC 충북))","http://211.33.246.4:32954/cj_live/myStream.sdp/playlist.m3u8","VIDEO","HLS","m3u8","","true","false","","KR","http://www.mbccb.co.kr/rb/","COMMUNITY","iptv-org public index, publicly listed free stream (verify broadcaster-official before promote)","iptv-org; categories=general; quality=720p","medium",""
"Live TV","General","HLAQ-DTV (MBC Gangwon (MBC 강원영동))","http://123.254.93.7:1935/tvlive/livestream2/playlist.m3u8","VIDEO","HLS","m3u8","","true","false","","KR","https://www.mbceg.co.kr/","COMMUNITY","iptv-org public index, publicly listed free stream (verify broadcaster-official before promote)","iptv-org; categories=general; quality=1080p","medium","517"
"Live TV","General","HLAT-DTV (MBC Yeosu (여수 MBC))","https://5c3639aa99149.streamlock.net/live_TV/tv/playlist.m3u8","VIDEO","HLS","m3u8","","true","true","","KR","http://www.ysmbc.co.kr/","COMMUNITY","iptv-org public index, publicly listed free stream (verify broadcaster-official before promote)","iptv-org; categories=general; quality=1080p","medium","518"
"Live TV","General","HLCG-DTV (SBS G1)","http://61.82.49.4:1935/live/_definst_/tv.stream/playlist.m3u8","VIDEO","HLS","m3u8","","true","false","","KR","https://www.g1tv.co.kr/","COMMUNITY","iptv-org public index, publicly listed free stream (verify broadcaster-official before promote)","iptv-org; categories=general; quality=360p","medium","519"
"Live TV","General","HLCQ-DTV (MBC Daejeon (대전 MBC))","https://ns1.tjmbc.co.kr/live/myStream.sdp/playlist.m3u8","VIDEO","HLS","m3u8","","true","true","","KR","https://tjmbc.co.kr/","COMMUNITY","iptv-org public index, publicly listed free stream (verify broadcaster-official before promote)","iptv-org; categories=general; quality=720p","medium","520"
"Live TV","General","HLDH-DTV (SBS KBC)","https://vod.ikbc.co.kr/KBCTV/tv/playlist.m3u8","VIDEO","HLS","m3u8","","true","true","","KR","http://www.ikbc.co.kr/","COMMUNITY","iptv-org public index, publicly listed free stream (verify broadcaster-official before promote)","iptv-org; categories=general; quality=1080p","medium","521"
"Live TV","General","HLDP-DTV (SBS UBC)","https://stream.ubc.co.kr/hls/ubctvstream/index.m3u8","VIDEO","HLS","m3u8","","true","true","","KR","http://web.ubc.co.kr/wp/tv","COMMUNITY","iptv-org public index, publicly listed free stream (verify broadcaster-official before promote)","iptv-org; categories=general; quality=540p","medium","522"
"Live TV","General","HLDQ-DTV (SBS JTV)","http://61.85.197.53:1935/jtv_live/myStream/playlist.m3u8","VIDEO","HLS","m3u8","","true","false","","KR","http://www.jtv.co.kr/","COMMUNITY","iptv-org public index, publicly listed free stream (verify broadcaster-official before promote)","iptv-org; categories=general; quality=406p","medium",""
"Live TV","General","HLDR-DTV (SBS CJB)","http://1.222.207.80:1935/live/cjbtv/playlist.m3u8","VIDEO","HLS","m3u8","","true","false","","KR","https://www.cjb.co.kr/","COMMUNITY","iptv-org public index, publicly listed free stream (verify broadcaster-official before promote)","iptv-org; categories=general; quality=540p","medium",""
"Live TV","General","HLKJ-DTV (SBS JIBS)","http://123.140.197.22/stream/1/play.m3u8","VIDEO","HLS","m3u8","","true","false","","KR","https://www.jibs.co.kr/","COMMUNITY","iptv-org public index, publicly listed free stream (verify broadcaster-official before promote)","iptv-org; categories=general; quality=720p","medium","523"
"Live TV","General","Hunat TV (Hunat TV)","https://live.artidijitalmedya.com/artidijital_hunattv/hunattv/playlist.m3u8","VIDEO","HLS","m3u8","","true","true","","TR","https://hunattv.com/","COMMUNITY","iptv-org public index, publicly listed free stream (verify broadcaster-official before promote)","iptv-org; categories=general; quality=720p","medium","524"
"Live TV","General","IERTBCS Canal 8.2 (IERTBCS Canal 8.2 La Paz)","https://s5.mexside.net:1936/xhbzc82/xhbzc82/playlist.m3u8","VIDEO","HLS","m3u8","","true","true","","MX","https://iert.bcs.gob.mx/canal-8-1-2/","COMMUNITY","iptv-org public index, publicly listed free stream (verify broadcaster-official before promote)","iptv-org; categories=entertainment; quality=1080p","medium","525"
"Live TV","General","Ilke TV (Ilke TV)","https://stream.ilketv.com.tr/hls/ilkecanli.m3u8","VIDEO","HLS","m3u8","","true","true","","TR","https://www.ilketv.com.tr","COMMUNITY","iptv-org public index, publicly listed free stream (verify broadcaster-official before promote)","iptv-org; categories=; quality=1080p","medium","526"
"Live TV","General","Itel TV Canal 2 (Itel TV Canal 2)","https://proxystream.iteltv.com.ar/output/iteltv/playlist.m3u8","VIDEO","HLS","m3u8","","true","true","","AR","https://iteltv.com.ar/","COMMUNITY","iptv-org public index, publicly listed free stream (verify broadcaster-official before promote)","iptv-org; categories=general; quality=","medium","527"
"Live TV","General","ITV Deportes (ITV Deportes)","https://thm-it-roku.otteravision.com/thm/it/it.m3u8","VIDEO","HLS","m3u8","","true","true","","MX","","COMMUNITY","iptv-org public index, publicly listed free stream (verify broadcaster-official before promote)","iptv-org; categories=entertainment|sports; quality=720p","medium",""
"Live TV","General","Jaihind TV (Jaihind TV)","https://yuppnimrestreammum.akamaized.net/260723/smil:jaihind1.smil/playlist.m3u8?hdnts=st=1735898689~exp=1835898688~acl=*~hmac=f5fe24724fe05481e3841f9eb5ab8efdee0a3dd83645ae9dcf45703f525bab7b","VIDEO","HLS","m3u8","","true","true","","IN","https://jaihindtv.in/contact-us/","COMMUNITY","iptv-org public index, publicly listed free stream (verify broadcaster-official before promote)","iptv-org; categories=entertainment; quality=396p","medium",""
"Live TV","General","Jan TV (Jan TV)","https://cdn-6.pishow.tv/live/10004/master.m3u8","VIDEO","HLS","m3u8","","true","true","","IN","http://www.jantv.in/","COMMUNITY","iptv-org public index, publicly listed free stream (verify broadcaster-official before promote)","iptv-org; categories=general; quality=576p","medium","528"
"Live TV","General","Jawa Pos TV (Jawa Pos TV Bali)","http://122.248.43.242:1935/JAWAPOSTVBALI/_definst_/myStream/playlist.m3u8","VIDEO","HLS","m3u8","","true","false","","ID","https://www.jawapos.com/","COMMUNITY","iptv-org public index, publicly listed free stream (verify broadcaster-official before promote)","iptv-org; categories=general; quality=576p","medium","529"
"Live TV","General","Jeevan TV (Jeevan TV)","https://cdn-3.pishow.tv/live/1467/master.m3u8","VIDEO","HLS","m3u8","","true","true","","IN","http://jeevannewsonline.com/","COMMUNITY","iptv-org public index, publicly listed free stream (verify broadcaster-official before promote)","iptv-org; categories=general; quality=576p","medium","530"
"Live TV","General","JOAX-DTV (JOAX-DTV)","https://ntv5.mov3.co/hls/ntv.m3u8","VIDEO","HLS","m3u8","","true","true","","JP","https://www.ntv.co.jp/","COMMUNITY","iptv-org public index, publicly listed free stream (verify broadcaster-official before promote)","iptv-org; categories=general; quality=","medium","531"
"Live TV","General","JOCX-DTV (JOCX-DTV)","https://fujitv4.mov3.co/hls/fujitv.m3u8","VIDEO","HLS","m3u8","","true","true","","JP","https://www.fujitv.co.jp/","COMMUNITY","iptv-org public index, publicly listed free stream (verify broadcaster-official before promote)","iptv-org; categories=general; quality=","medium","532"
"Live TV","General","JOEX-DTV (JOEX-DTV)","https://tvasahi.mov3.co/hls/tvasahi.m3u8","VIDEO","HLS","m3u8","","true","true","","JP","https://www.tv-asahi.co.jp/","COMMUNITY","iptv-org public index, publicly listed free stream (verify broadcaster-official before promote)","iptv-org; categories=general; quality=540p","medium","533"
"Live TV","General","Jogja Istimewa TV (Jogja Istimewa TV)","http://103.255.15.222:1935/tv/jitv_720p/playlist.m3u8","VIDEO","HLS","m3u8","","true","false","","ID","http://jitv.jogjaprov.go.id/","COMMUNITY","iptv-org public index, publicly listed free stream (verify broadcaster-official before promote)","iptv-org; categories=general; quality=720p","medium","534"
"Live TV","General","JORX-DTV (JORX-DTV)","https://tbs5.mov3.co/hls/tbs.m3u8","VIDEO","HLS","m3u8","","true","true","","JP","https://www.tbs.co.jp/","COMMUNITY","iptv-org public index, publicly listed free stream (verify broadcaster-official before promote)","iptv-org; categories=general; quality=","medium","535"
"Live TV","General","JTV (JTV Kediri)","http://122.248.43.242:1935/JTVKEDIRI/_definst_/myStream/playlist.m3u8","VIDEO","HLS","m3u8","","true","false","","ID","http://jtv.co.id/","COMMUNITY","iptv-org public index, publicly listed free stream (verify broadcaster-official before promote)","iptv-org; categories=general; quality=","medium","536"
"Live TV","General","Kairali Arabia (Kairali Arabia)","https://mumt03.tangotv.in/Dsly5z3HKAIRALIARABIA/index.m3u8","VIDEO","HLS","m3u8","","true","true","","IN","http://www.kairaliarabia.com/","COMMUNITY","iptv-org public index, publicly listed free stream (verify broadcaster-official before promote)","iptv-org; categories=general; quality=576p","medium",""
"Live TV","General","Kairali TV (Kairali TV)","https://mumt01.tangotv.in/O5aw8Zn3KAIRALI/index.m3u8","VIDEO","HLS","m3u8","","true","true","","IN","http://kairalitv.in/","COMMUNITY","iptv-org public index, publicly listed free stream (verify broadcaster-official before promote)","iptv-org; categories=general; quality=576p","medium","537"
"Live TV","General","Kalaignar Murasu (Kalaignar Murasu)","https://segment.yuppcdn.net/050522/murasu/playlist.m3u8","VIDEO","HLS","m3u8","","true","true","","IN","","COMMUNITY","iptv-org public index, publicly listed free stream (verify broadcaster-official before promote)","iptv-org; categories=entertainment; quality=396p","medium",""
"Live TV","General","Kanal 12 (Kanal 12)","https://live.artidijitalmedya.com/artidijital_kanal12/kanal12/playlist.m3u8","VIDEO","HLS","m3u8","","true","true","","TR","https://www.kanal12.net/","COMMUNITY","iptv-org public index, publicly listed free stream (verify broadcaster-official before promote)","iptv-org; categories=general; quality=720p","medium","538"
"Live TV","General","Kanal 15 (Kanal 15)","https://live.artidijitalmedya.com/artidijital_kanal15/kanal15/playlist.m3u8","VIDEO","HLS","m3u8","","true","true","","TR","https://www.kanal15.com.tr/","COMMUNITY","iptv-org public index, publicly listed free stream (verify broadcaster-official before promote)","iptv-org; categories=general; quality=720p","medium","539"
"Live TV","General","Kanal 23 (Kanal 23)","https://live.artidijitalmedya.com/artidijital_kanal23/kanal23/playlist.m3u8","VIDEO","HLS","m3u8","","true","true","","TR","https://www.kanal23.com/","COMMUNITY","iptv-org public index, publicly listed free stream (verify broadcaster-official before promote)","iptv-org; categories=general; quality=720p","medium","540"
"Live TV","General","Kanal 26 (Kanal 26)","https://live.artidijitalmedya.com/artidijital_kanal26/kanal26/playlist.m3u8","VIDEO","HLS","m3u8","","true","true","","TR","http://www.kanal26.tv/","COMMUNITY","iptv-org public index, publicly listed free stream (verify broadcaster-official before promote)","iptv-org; categories=general; quality=720p","medium","541"
"Live TV","General","Kanal 3 (Kanal 3)","https://live.artidijitalmedya.com/artidijital_kanal3/kanal3/playlist.m3u8","VIDEO","HLS","m3u8","","true","true","","TR","http://kanal3.com.tr/","COMMUNITY","iptv-org public index, publicly listed free stream (verify broadcaster-official before promote)","iptv-org; categories=general; quality=1080p","medium","542"
"Live TV","General","Kanal 32 (Kanal 32)","https://edge1.socialsmart.tv/kanal32/bant1/playlist.m3u8","VIDEO","HLS","m3u8","","true","true","","TR","http://www.kanal32.com.tr/","COMMUNITY","iptv-org public index, publicly listed free stream (verify broadcaster-official before promote)","iptv-org; categories=general; quality=720p","medium","543"
"Live TV","General","Kanal 7 (Kanal 7)","https://kanal7-live.daioncdn.net/kanal7/kanal7.m3u8","VIDEO","HLS","m3u8","","true","true","","TR","https://www.kanal7.com/","COMMUNITY","iptv-org public index, publicly listed free stream (verify broadcaster-official before promote)","iptv-org; categories=entertainment; quality=1080p","medium","544"
"Live TV","General","Kanal 7 Avrupa (Kanal 7 Avrupa)","https://livetv.radyotvonline.net/kanal7live/kanal7avr/playlist.m3u8","VIDEO","HLS","m3u8","","true","true","","TR","https://www.kanal7avrupa.com/","COMMUNITY","iptv-org public index, publicly listed free stream (verify broadcaster-official before promote)","iptv-org; categories=entertainment; quality=720p","medium","545"
"Live TV","General","Kanal D (Kanal D)","https://demiroren.daioncdn.net/kanald/kanald.m3u8?app=kanald_web&ce=3","VIDEO","HLS","m3u8","","true","true","","TR","https://www.kanald.com.tr/","COMMUNITY","iptv-org public index, publicly listed free stream (verify broadcaster-official before promote)","iptv-org; categories=general; quality=1080p","medium","546"
"Live TV","General","Kanal D Drama (Vive Kanal D Drama)","https://thema-vivekanald-rakuten.amagi.tv/playlist.m3u8","VIDEO","HLS","m3u8","","true","true","","TR","https://kanalddrama.com/","COMMUNITY","iptv-org public index, publicly listed free stream (verify broadcaster-official before promote)","iptv-org; categories=entertainment; quality=1080p","medium","547"
"Live TV","General","Kanal Firat (Kanal Firat)","https://live.artidijitalmedya.com/artidijital_kanalfirat/kanalfirat/playlist.m3u8","VIDEO","HLS","m3u8","","true","true","","TR","https://kanalfirat.com.tr/","COMMUNITY","iptv-org public index, publicly listed free stream (verify broadcaster-official before promote)","iptv-org; categories=general; quality=720p","medium","548"
"Live TV","General","Kanal V (Kanal V)","https://live.artidijitalmedya.com/artidijital_kanalv/kanalv/playlist.m3u8","VIDEO","HLS","m3u8","","true","true","","TR","https://www.kanalv.com.tr/","COMMUNITY","iptv-org public index, publicly listed free stream (verify broadcaster-official before promote)","iptv-org; categories=general; quality=720p","medium","549"
"Live TV","General","Kaumudy TV (Kaumudy TV)","https://oqgdrkxby4rm-hls-live.5centscdn.com/kaumudytv/live.stream/playlist.m3u8","VIDEO","HLS","m3u8","","true","true","","IN","https://kaumudy.tv/","COMMUNITY","iptv-org public index, publicly listed free stream (verify broadcaster-official before promote)","iptv-org; categories=general; quality=720p","medium",""
"Live TV","General","Kawanua TV (Kawanua TV)","http://122.248.43.242:1935/KAWANUATV/_definst_/myStream/playlist.m3u8","VIDEO","HLS","m3u8","","true","false","","ID","","COMMUNITY","iptv-org public index, publicly listed free stream (verify broadcaster-official before promote)","iptv-org; categories=general; quality=720p","medium",""
"Live TV","General","Kent Turk (Kent Türk TV)","https://live.artidijitalmedya.com/artidijital_kentturktv/kentturktv/playlist.m3u8","VIDEO","HLS","m3u8","","true","true","","TR","https://www.kentturktv.com/","COMMUNITY","iptv-org public index, publicly listed free stream (verify broadcaster-official before promote)","iptv-org; categories=general; quality=1080p","medium",""
"Live TV","General","Khushboo Bangla (Khushboo Bangla)","https://cdn-4.pishow.tv/live/1473/master.m3u8","VIDEO","HLS","m3u8","","true","true","","IN","","COMMUNITY","iptv-org public index, publicly listed free stream (verify broadcaster-official before promote)","iptv-org; categories=entertainment; quality=720p","medium",""
"Live TV","General","Kingsview TV (Kingsview TV)","https://j78dp6reyq5r-hls-live.5centscdn.com/4896_push_1963_001/00cb1f2e4ff89048f2e77e26940c00e6.sdp/playlist.m3u8","VIDEO","HLS","m3u8","","true","true","","NG","https://kingsview.tv/","COMMUNITY","iptv-org public index, publicly listed free stream (verify broadcaster-official before promote)","iptv-org; categories=entertainment; quality=1080p","medium","550"
"Live TV","General","Konya Olay TV (Konya Olay TV)","https://live.artidijitalmedya.com/artidijital_konyaolaytv/konyaolaytv/playlist.m3u8","VIDEO","HLS","m3u8","","true","true","","TR","https://www.konyaolaytv.com/","COMMUNITY","iptv-org public index, publicly listed free stream (verify broadcaster-official before promote)","iptv-org; categories=general; quality=720p","medium","551"
"Live TV","General","Kpop Mix (Kpop Mix)","https://cloud.tvomix.com/KPOPMIX/index.m3u8","VIDEO","HLS","m3u8","","true","true","","AR","","COMMUNITY","iptv-org public index, publicly listed free stream (verify broadcaster-official before promote)","iptv-org; categories=; quality=720p","medium",""
"Live TV","General","KTV Bangla (KTV Bangla)","https://server.livelegitpro.in:9899/tribetv/tribetv/index.m3u8","VIDEO","HLS","m3u8","","true","true","","IN","https://ktvbangla.com/","COMMUNITY","iptv-org public index, publicly listed free stream (verify broadcaster-official before promote)","iptv-org; categories=general; quality=720p","medium","552"
"Live TV","General","La Nacion + (La Nacion +)","http://playcom.trapemn.tv:1935/transcoderip/lanacionplus.stream/playlist.m3u8","VIDEO","HLS","m3u8","","true","false","","AR","http://lnmas.lanacion.com.ar/","COMMUNITY","iptv-org public index, publicly listed free stream (verify broadcaster-official before promote)","iptv-org; categories=general; quality=576p","medium","553"
"Live TV","General","Lanthung TV (Lanthung TV)","https://live-us1.thaimomo.com/live-as/chlantung-2/playlist.m3u8","VIDEO","HLS","m3u8","","true","true","","TH","","COMMUNITY","iptv-org public index, publicly listed free stream (verify broadcaster-official before promote)","iptv-org; categories=; quality=","medium",""
"Live TV","General","Las Estrellas (Las Estrellas)","https://channel01-onlymex.akamaized.net/hls/live/2022749/event01/index.m3u8","VIDEO","HLS","m3u8","","true","true","","MX","https://www.lasestrellas.tv/","COMMUNITY","iptv-org public index, publicly listed free stream (verify broadcaster-official before promote)","iptv-org; categories=general; quality=1080p","medium","554"
"Live TV","General","Line TV (Line TV)","https://edge1.socialsmart.tv/linetv/bant1/playlist.m3u8","VIDEO","HLS","m3u8","","true","true","","TR","https://linehaber.com.tr/","COMMUNITY","iptv-org public index, publicly listed free stream (verify broadcaster-official before promote)","iptv-org; categories=general; quality=720p","medium","555"
"Live TV","General","Link TV (Link TV)","https://linktv.b-cdn.net/linktv.m3u8","VIDEO","HLS","m3u8","","true","true","","AR","https://linktvcanal.com/","COMMUNITY","iptv-org public index, publicly listed free stream (verify broadcaster-official before promote)","iptv-org; categories=general; quality=","medium","556"
"Live TV","General","Madu TV (Madu TV)","https://re1.siar.us/madutv/hd720/playlist.m3u8","VIDEO","HLS","m3u8","","true","true","","ID","https://madu.tv/","COMMUNITY","iptv-org public index, publicly listed free stream (verify broadcaster-official before promote)","iptv-org; categories=general; quality=576p","medium",""
"Live TV","General","Magna Channel (Magna Channel)","https://edge.medcom.id/live-edge/smil:magna.smil/playlist.m3u8","VIDEO","HLS","m3u8","","true","true","","ID","","COMMUNITY","iptv-org public index, publicly listed free stream (verify broadcaster-official before promote)","iptv-org; categories=general; quality=1080p","medium",""
"Live TV","General","Maha Punjabi (Maha Punjabi)","https://cdn-4.pishow.tv/live/1521/master.m3u8","VIDEO","HLS","m3u8","","true","true","","IN","http://www.mahapunjabi.com/","COMMUNITY","iptv-org public index, publicly listed free stream (verify broadcaster-official before promote)","iptv-org; categories=entertainment; quality=","medium",""
"Live TV","General","Makkal TV (Makkal TV)","https://5k8q87azdy4v-hls-live.wmncdn.net/MAKKAL/271ddf829afeece44d8732757fba1a66.sdp/playlist.m3u8","VIDEO","HLS","m3u8","","true","true","","IN","https://makkal.tv/","COMMUNITY","iptv-org public index, publicly listed free stream (verify broadcaster-official before promote)","iptv-org; categories=general; quality=576i","medium","557"
"Live TV","General","Malar TV (Malar TV)","https://cdn-3.pishow.tv/live/473/master.m3u8","VIDEO","HLS","m3u8","","true","true","","IN","","COMMUNITY","iptv-org public index, publicly listed free stream (verify broadcaster-official before promote)","iptv-org; categories=general; quality=720p","medium",""
"Live TV","General","Manoranjan Prime (Manoranjan Prime)","https://cdn-4.pishow.tv/live/1474/master.m3u8","VIDEO","HLS","m3u8","","true","true","","IN","","COMMUNITY","iptv-org public index, publicly listed free stream (verify broadcaster-official before promote)","iptv-org; categories=entertainment; quality=","medium",""
"Live TV","General","Marutam TV (MNTV)","https://mntv.livebox.co.in/mntvhls/live.m3u8","VIDEO","HLS","m3u8","","true","true","","IN","https://mntv.in/","COMMUNITY","iptv-org public index, publicly listed free stream (verify broadcaster-official before promote)","iptv-org; categories=entertainment; quality=1080p","medium","558"
"Live TV","General","MaviKaradeniz TV (MaviKaradeniz)","https://live.artidijitalmedya.com/artidijital_mavikaradeniz/mavikaradeniz/playlist.m3u8","VIDEO","HLS","m3u8","","true","true","","TR","http://www.mavikaradeniztv.com.tr/","COMMUNITY","iptv-org public index, publicly listed free stream (verify broadcaster-official before promote)","iptv-org; categories=general; quality=1080p","medium","559"
"Live TV","General","Mazhavil Manorama (Mazhavil Manorama HD)","https://cdn-7.pishow.tv/live/1129/master.m3u8","VIDEO","HLS","m3u8","","true","true","","IN","https://www.mazhavilmanorama.com","COMMUNITY","iptv-org public index, publicly listed free stream (verify broadcaster-official before promote)","iptv-org; categories=entertainment; quality=1080p","medium",""
"Live TV","General","MBC 1 Egypt (MBC 1 Egypt)","https://shd-gcp-live.edgenextcdn.net/live/bitmovin-mbc-1-na/eec141533c90dd34722c503a296dd0d8/index.m3u8","VIDEO","HLS","m3u8","","true","true","","EG","","COMMUNITY","iptv-org public index, publicly listed free stream (verify broadcaster-official before promote)","iptv-org; categories=general; quality=1080p","medium",""
"Live TV","General","MBC Drama (MBC Drama)","http://mytv.dothome.co.kr/ch/catv/26.php","VIDEO","ICECAST","","","true","false","","KR","https://www.mbcplus.com/","COMMUNITY","iptv-org public index, publicly listed free stream (verify broadcaster-official before promote)","iptv-org; categories=entertainment; quality=480p","medium","560"
"Live TV","General","MBC Masr (MBC Masr)","https://shd-gcp-live.edgenextcdn.net/live/bitmovin-mbc-masr/956eac069c78a35d47245db6cdbb1575/index.m3u8","VIDEO","HLS","m3u8","","true","true","","EG","http://www.mbc.net/ar/mbc-maser.html","COMMUNITY","iptv-org public index, publicly listed free stream (verify broadcaster-official before promote)","iptv-org; categories=general; quality=1080p","medium","561"
"Live TV","General","MBC Masr 2 (MBC Masr 2)","https://shd-gcp-live.edgenextcdn.net/live/bitmovin-mbc-masr-2/754931856515075b0aabf0e583495c68/index.m3u8","VIDEO","HLS","m3u8","","true","true","","EG","http://www.mbc.net/ar/mbc-maser.html","COMMUNITY","iptv-org public index, publicly listed free stream (verify broadcaster-official before promote)","iptv-org; categories=general; quality=1080p","medium","562"
"Live TV","General","MBC Net (MBC Net)","http://mytv.dothome.co.kr/ch/catv/28.php","VIDEO","ICECAST","","","true","false","","KR","http://www.mbcnet.co.kr/","COMMUNITY","iptv-org public index, publicly listed free stream (verify broadcaster-official before promote)","iptv-org; categories=; quality=480p","medium","563"
"Live TV","General","MCOT HD (MCOT HD)","https://mcothd-streaming-edge-cdn.mcot.net/tencentmcot/smil:tencentmcot.smil/playlist.m3u8","VIDEO","HLS","m3u8","","true","true","","TH","https://tv.mcot.net/mcothd","COMMUNITY","iptv-org public index, publicly listed free stream (verify broadcaster-official before promote)","iptv-org; categories=general; quality=","medium",""
"Live TV","General","Meltem TV (Meltem TV)","https://vhxyrsly.rocketcdn.com/meltemtv/playlist.m3u8","VIDEO","HLS","m3u8","","true","true","","TR","http://www.meltemtv.com.tr/","COMMUNITY","iptv-org public index, publicly listed free stream (verify broadcaster-official before promote)","iptv-org; categories=general; quality=1080p","medium","564"
"Live TV","General","Mercan TV (Mercan TV)","https://live.artidijitalmedya.com/artidijital_mercantv/mercantv/playlist.m3u8","VIDEO","HLS","m3u8","","true","true","","TR","http://www.mercan.tv/","COMMUNITY","iptv-org public index, publicly listed free stream (verify broadcaster-official before promote)","iptv-org; categories=; quality=576p","medium",""
"Live TV","General","Metro TV (Metro TV)","https://mercury.streambridge.link:8042/telugu/metrotv/index.m3u8","VIDEO","HLS","m3u8","","true","true","","IN","http://www.metrotvtelugu.com/","COMMUNITY","iptv-org public index, publicly listed free stream (verify broadcaster-official before promote)","iptv-org; categories=general; quality=1080p","medium",""
"Live TV","General","Metro TV (Metro TV)","https://streamtv12.ddns.net:5443/LiveApp/streams/193945633734205616732920.m3u8","VIDEO","HLS","m3u8","","true","true","","AR","https://www.metropolitanafm.com.ar/","COMMUNITY","iptv-org public index, publicly listed free stream (verify broadcaster-official before promote)","iptv-org; categories=entertainment; quality=720p","medium","565"
"Live TV","General","Mexiquense TV (Mexiquense TV)","https://5e50264bd6766.streamlock.net/mexiquense/videomexiquense/playlist.m3u8","VIDEO","HLS","m3u8","","true","true","","MX","https://radioytvmexiquense.mx/","COMMUNITY","iptv-org public index, publicly listed free stream (verify broadcaster-official before promote)","iptv-org; categories=general; quality=720p","medium",""
"Live TV","General","Misiones Cuatro (Misiones Cuatro)","https://iptv.ixfo.com.ar:30443/live-HD/MISIONES4/playlist.m3u8","VIDEO","HLS","m3u8","","true","true","","AR","https://misionescuatro.com/videos-de-misionescuatro/","COMMUNITY","iptv-org public index, publicly listed free stream (verify broadcaster-official before promote)","iptv-org; categories=general; quality=","medium","566"
"Live TV","General","MK Six (MK Six)","https://cdn-3.pishow.tv/live/1253/master.m3u8","VIDEO","HLS","m3u8","","true","true","","IN","","COMMUNITY","iptv-org public index, publicly listed free stream (verify broadcaster-official before promote)","iptv-org; categories=entertainment; quality=720p","medium",""
"Live TV","General","Moconomy (Moconomy)","https://3ee905090d464be5a51478fd9c642e93.mediatailor.us-east-1.amazonaws.com/v1/master/44f73ba4d03e9607dcd9bebdcb8494d86964f1d8/RakutenTV-pl_Moconomy/playlist.m3u8","VIDEO","HLS","m3u8","","true","true","","PL","https://www.rakuten.tv","COMMUNITY","iptv-org public index, publicly listed free stream (verify broadcaster-official before promote)","iptv-org; categories=; quality=","medium","567"
"Live TV","General","MTurk TV (MTürk TV)","https://edge1.socialsmart.tv/muglaturk/bant1/playlist.m3u8","VIDEO","HLS","m3u8","","true","true","","TR","https://www.mturktv.com/","COMMUNITY","iptv-org public index, publicly listed free stream (verify broadcaster-official before promote)","iptv-org; categories=general; quality=1080p","medium","568"
"Live TV","General","Multimedios Bajio (Multimedios Bajío)","https://mdstrm.com/live-stream-playlist/5d4b0fec848918070128c8cb.m3u8","VIDEO","HLS","m3u8","","true","true","","MX","https://www.multimedios.com/video/bajio-tv-en-vivo/v17351","COMMUNITY","iptv-org public index, publicly listed free stream (verify broadcaster-official before promote)","iptv-org; categories=general; quality=720p","medium","569"
"Live TV","General","Multimedios CDMX (Multimedios CDMX)","https://mdstrm.com/live-stream-playlist/5f2d9d6ff17144074bd8a284.m3u8","VIDEO","HLS","m3u8","","true","true","","MX","https://www.multimedios.com/television","COMMUNITY","iptv-org public index, publicly listed free stream (verify broadcaster-official before promote)","iptv-org; categories=general; quality=720p","medium","570"
"Live TV","General","Multimedios Ciudad Juarez (Multimedios Ciudad Juárez)","https://mdstrm.com/live-stream-playlist/5d9e440d675235586a92be7f.m3u8","VIDEO","HLS","m3u8","","true","true","","MX","https://www.multimedios.com/video/ciudad-juarez-tv-en-vivo/v19824","COMMUNITY","iptv-org public index, publicly listed free stream (verify broadcaster-official before promote)","iptv-org; categories=general; quality=720p","medium","571"
"Live TV","General","Multimedios Guadalajara (Multimedios Guadalajara)","https://mdstrm.com/live-stream-playlist/5c54d38ca392a5119bb0aa0d.m3u8","VIDEO","HLS","m3u8","","true","true","","MX","https://www.multimediostv.com/programas","COMMUNITY","iptv-org public index, publicly listed free stream (verify broadcaster-official before promote)","iptv-org; categories=general; quality=720p","medium","572"
"Live TV","General","Multimedios Laguna (Multimedios Laguna)","https://mdstrm.com/live-stream-playlist/57bf686a61ff39e1085d43e1.m3u8","VIDEO","HLS","m3u8","","true","true","","MX","https://www.multimediostv.com/programas","COMMUNITY","iptv-org public index, publicly listed free stream (verify broadcaster-official before promote)","iptv-org; categories=general; quality=720p","medium","573"
"Live TV","General","Multimedios Monterrey (Multimedios Monterrey)","https://mdstrm.com/live-stream-playlist/57b4dbf5dbbfc8f16bb63ce1.m3u8","VIDEO","HLS","m3u8","","true","true","","MX","https://www.multimediostv.com/programas","COMMUNITY","iptv-org public index, publicly listed free stream (verify broadcaster-official before promote)","iptv-org; categories=general; quality=720p","medium","574"
"Live TV","General","Multimedios Puebla (Multimedios Puebla)","https://mdstrm.com/live-stream-playlist/5d56ed29c92dd106ff01543b.m3u8","VIDEO","HLS","m3u8","","true","true","","MX","https://www.multimedios.com/video/puebla-tv-en-vivo/v17946","COMMUNITY","iptv-org public index, publicly listed free stream (verify broadcaster-official before promote)","iptv-org; categories=general; quality=720p","medium","575"
"Live TV","General","Multimedios Saltillo (Multimedios Saltillo)","https://mdstrm.com/live-stream-playlist/5d5d51a4e9a40e25f4a0332c.m3u8","VIDEO","HLS","m3u8","","true","true","","MX","https://www.multimedios.com/video/saltillo-tv-en-vivo/v17784","COMMUNITY","iptv-org public index, publicly listed free stream (verify broadcaster-official before promote)","iptv-org; categories=general; quality=720p","medium","576"
"Live TV","General","Nandighosha TV (Nandighosha TV)","https://www.nandighoshatvlive.com/hls/stream/index.m3u8","VIDEO","HLS","m3u8","","true","true","","IN","http://nandighoshatv.com/","COMMUNITY","iptv-org public index, publicly listed free stream (verify broadcaster-official before promote)","iptv-org; categories=general; quality=720p","medium","577"
"Live TV","General","Nayarit Comunica (Nayarit Comunica)","https://live.iplanay.gob.mx/hls/nayarittv.m3u8","VIDEO","HLS","m3u8","","true","true","","MX","https://nayaritcomunica.com/","COMMUNITY","iptv-org public index, publicly listed free stream (verify broadcaster-official before promote)","iptv-org; categories=general; quality=1080p","medium",""
"Live TV","General","Neo TV (Neo TV)","https://videostream.shockmedia.com.ar:19360/neotvdigital/neotvdigital.m3u8","VIDEO","HLS","m3u8","","true","true","","AR","https://neotvdigital.com.ar/","COMMUNITY","iptv-org public index, publicly listed free stream (verify broadcaster-official before promote)","iptv-org; categories=general; quality=","medium","578"
"Live TV","General","Nepal 1 (Nepal 1)","https://d1msejlow1t3l4.cloudfront.net/fta/nepal1/chunks.m3u8","VIDEO","HLS","m3u8","","true","true","","IN","http://www.nepal1tv.net/","COMMUNITY","iptv-org public index, publicly listed free stream (verify broadcaster-official before promote)","iptv-org; categories=entertainment; quality=396p","medium","579"
"Live TV","General","NET TV (NET TV)","https://unlimited1-us.dps.live/nettv/nettv.smil/playlist.m3u8","VIDEO","HLS","m3u8","","true","true","","AR","https://www.canalnet.tv/","COMMUNITY","iptv-org public index, publicly listed free stream (verify broadcaster-official before promote)","iptv-org; categories=general; quality=720p","medium","580"
"Live TV","General","Network 10 (Network 10)","https://network10.livebox.co.in/network10hls/live.m3u8","VIDEO","HLS","m3u8","","true","true","","IN","https://network10.in/","COMMUNITY","iptv-org public index, publicly listed free stream (verify broadcaster-official before promote)","iptv-org; categories=general; quality=","medium","581"
"Live TV","General","News 11 (News 11)","https://d1msejlow1t3l4.cloudfront.net/fta/news11bharat/playlist.m3u8","VIDEO","HLS","m3u8","","true","true","","IN","http://news11.live/","COMMUNITY","iptv-org public index, publicly listed free stream (verify broadcaster-official before promote)","iptv-org; categories=general; quality=396p","medium",""
"Live TV","General","NewTV (NewTV)","https://1409502578.rsc.cdn77.org/live/stream-1/chunklist.m3u8","VIDEO","HLS","m3u8","","true","true","","PL","https://www.newtv.com.pl/","COMMUNITY","iptv-org public index, publicly listed free stream (verify broadcaster-official before promote)","iptv-org; categories=general; quality=1080p","medium",""
"Live TV","General","NG Federal (NG Federal)","http://www.coninfo.net:1935/tvlink/live/playlist.m3u8","VIDEO","HLS","m3u8","","true","false","","AR","http://ngfederal.ar/","COMMUNITY","iptv-org public index, publicly listed free stream (verify broadcaster-official before promote)","iptv-org; categories=general; quality=720p","medium",""
"Live TV","General","NHTV (NHTV)","http://nonghyup.flive.skcdn.com/nonghyup/_definst_/nhlive/playlist.m3u8","VIDEO","HLS","m3u8","","true","false","","KR","http://nhtv.co.kr/","COMMUNITY","iptv-org public index, publicly listed free stream (verify broadcaster-official before promote)","iptv-org; categories=entertainment; quality=720p","medium","582"
"Live TV","General","NKR TV Kannada (NKR TV Kannada)","https://stream.ottlive.co.in/nkrtv/index.m3u8","VIDEO","HLS","m3u8","","true","true","","IN","https://nkrtv.in/","COMMUNITY","iptv-org public index, publicly listed free stream (verify broadcaster-official before promote)","iptv-org; categories=general; quality=1080p","medium",""
"Live TV","General","Nova Era TV (Nova Era TV)","http://wz3.dnip.com.br:1935/novaeratv/novaeratv.sdp/live.m3u8","VIDEO","HLS","m3u8","","true","false","","BR","https://novaeratv.net/","COMMUNITY","iptv-org public index, publicly listed free stream (verify broadcaster-official before promote)","iptv-org; categories=; quality=1080p","medium",""
"Live TV","General","NOW TV (NOW TV)","https://uycyyuuzyh.turknet.ercdn.net/nphindgytw/nowtv/nowtv.m3u8","VIDEO","HLS","m3u8","","true","true","","TR","https://www.nowtv.com.tr","COMMUNITY","iptv-org public index, publicly listed free stream (verify broadcaster-official before promote)","iptv-org; categories=entertainment; quality=720p","medium","583"
"Live TV","General","NTV (NTV)","https://cdn.livespanel.com/nossatv/nossatv/playlist.m3u8","VIDEO","HLS","m3u8","","true","true","","BR","https://www.ntv.tv.br/","COMMUNITY","iptv-org public index, publicly listed free stream (verify broadcaster-official before promote)","iptv-org; categories=general|entertainment; quality=","medium","584"
"Live TV","General","Nueve TV (Nueve TV San Luís Potosí)","https://5ca9af4645e15.streamlock.net/nuevetv/videonuevetv/.m3u8","VIDEO","HLS","m3u8","","true","true","","MX","https://www.ntvslp.com/","COMMUNITY","iptv-org public index, publicly listed free stream (verify broadcaster-official before promote)","iptv-org; categories=general; quality=720p","medium","585"
"Live TV","General","Nusantara TV (Nusantara TV)","https://nusantaratv.siar.us/nusantaratv/live/playlist.m3u8","VIDEO","HLS","m3u8","","true","true","","ID","https://www.nusantaratv.com/","COMMUNITY","iptv-org public index, publicly listed free stream (verify broadcaster-official before promote)","iptv-org; categories=general; quality=1080p","medium","586"
"Live TV","General","NuView TV (NuView TV)","https://viewmedia7219.bozztv.com/wmedia/viewmedia100/web_002/Stream/playlist.m3u8","VIDEO","HLS","m3u8","","true","true","","ZA","https://nuviewtv.co.za/","COMMUNITY","iptv-org public index, publicly listed free stream (verify broadcaster-official before promote)","iptv-org; categories=entertainment; quality=360p","medium",""
"Live TV","General","Oli TV (Oli TV)","https://live.olidigital.in/olitv/olitv/index.m3u8","VIDEO","HLS","m3u8","","true","true","","IN","https://olidigital.in/","COMMUNITY","iptv-org public index, publicly listed free stream (verify broadcaster-official before promote)","iptv-org; categories=entertainment; quality=1080p","medium",""
"Live TV","General","On4 TV (On4 TV)","https://edge1.socialsmart.tv/on4/bant1/playlist.m3u8","VIDEO","HLS","m3u8","","true","true","","TR","http://www.on4.com.tr/","COMMUNITY","iptv-org public index, publicly listed free stream (verify broadcaster-official before promote)","iptv-org; categories=general; quality=1080p","medium","587"
"Live TV","General","Oncu TV (Öncü TV)","https://edge1.socialsmart.tv/oncurtv/bant1/playlist.m3u8","VIDEO","HLS","m3u8","","true","true","","TR","https://www.oncurtv.com/","COMMUNITY","iptv-org public index, publicly listed free stream (verify broadcaster-official before promote)","iptv-org; categories=general; quality=1024p","medium","588"
"Live TV","General","Padang TV (Padang TV)","http://122.248.43.242:1935/PADANGTV/_definst_/myStream/playlist.m3u8","VIDEO","HLS","m3u8","","true","false","","ID","https://padangtv.id/","COMMUNITY","iptv-org public index, publicly listed free stream (verify broadcaster-official before promote)","iptv-org; categories=general; quality=720p","medium","589"
"Live TV","General","Pasand TV (Pasand TV)","https://d1msejlow1t3l4.cloudfront.net/fta/pasand/playlist.m3u8","VIDEO","HLS","m3u8","","true","true","","IN","https://coboltv.com/","COMMUNITY","iptv-org public index, publicly listed free stream (verify broadcaster-official before promote)","iptv-org; categories=entertainment; quality=576p","medium",""
"Live TV","General","Pear TV (Pear TV)","https://mumt01.tangotv.in/O5aw8Zn3PEARTV/index.m3u8","VIDEO","HLS","m3u8","","true","true","","IN","https://coboltv.com/","COMMUNITY","iptv-org public index, publicly listed free stream (verify broadcaster-official before promote)","iptv-org; categories=entertainment; quality=576p","medium",""
"Live TV","General","Play TV (Play TV)","https://isaocorp.cloudecast.com/playtv/index.m3u8","VIDEO","HLS","m3u8","","true","true","","BR","http://playtv.com.br/","COMMUNITY","iptv-org public index, publicly listed free stream (verify broadcaster-official before promote)","iptv-org; categories=; quality=720p","medium","590"
"Live TV","General","Police TV (Police TV)","https://cdn-th-vip.livestreaming.in.th/policetv/policetv/playlist.m3u8","VIDEO","HLS","m3u8","","true","true","","TH","https://www.policetv.tv/","COMMUNITY","iptv-org public index, publicly listed free stream (verify broadcaster-official before promote)","iptv-org; categories=; quality=1080p","medium",""
"Live TV","General","Polimer TV (Polimer TV)","https://cdn-2.pishow.tv/live/1241/master.m3u8","VIDEO","HLS","m3u8","","true","true","","IN","https://www.polimertv.com/","COMMUNITY","iptv-org public index, publicly listed free stream (verify broadcaster-official before promote)","iptv-org; categories=entertainment; quality=720p","medium",""
"Live TV","General","Polonia 1 (Polonia 1)","http://78.130.250.2:8023/play/a05t/index.m3u8","VIDEO","HLS","m3u8","","true","false","","PL","https://polonia1.tv/","COMMUNITY","iptv-org public index, publicly listed free stream (verify broadcaster-official before promote)","iptv-org; categories=; quality=576p","medium","591"
"Live TV","General","Polsat (Polsat)","https://cdn-s-playnow-live.pluscdn.pl/ch/1502600/308/dash/20a18c30/live.mpd","VIDEO","DASH","mpd","","true","true","","PL","https://www.polsat.pl/","COMMUNITY","iptv-org public index, publicly listed free stream (verify broadcaster-official before promote)","iptv-org; categories=general; quality=1080p","medium","592"
"Live TV","General","Polsat Sport 1 (Polsat Sport 1)","http://cdn-s-lb2.pluscdn.pl/lv/1544303/939/dash/7f74b079/live.mpd","VIDEO","DASH","mpd","","true","false","","PL","","COMMUNITY","iptv-org public index, publicly listed free stream (verify broadcaster-official before promote)","iptv-org; categories=; quality=1080p","medium",""
"Live TV","General","Power Max Radio TV (Power Max Radio TV)","https://videostream.shockmedia.com.ar:19360/radio1045/radio1045.m3u8","VIDEO","HLS","m3u8","","true","true","","AR","https://www.fmpowermax.com.ar/","COMMUNITY","iptv-org public index, publicly listed free stream (verify broadcaster-official before promote)","iptv-org; categories=entertainment; quality=720p","medium","593"
"Live TV","General","Power TV (Power TV)","https://livetv.powerapp.com.tr/powerTV/powerhd.smil/playlist.m3u8","VIDEO","HLS","m3u8","","true","true","","TR","https://www.powerapp.com.tr/powerfm/sayfalar/power-tv.html","COMMUNITY","iptv-org public index, publicly listed free stream (verify broadcaster-official before promote)","iptv-org; categories=; quality=1080p","medium","594"
"Live TV","General","PowerHD (PowerHD)","https://live2.tensila.com/1-1-1.power-tv/hls/master.m3u8","VIDEO","HLS","m3u8","","true","true","","AR","https://www.radiopower.com.ar/powerhd/webroot/index.php?altvideoplayer=1","COMMUNITY","iptv-org public index, publicly listed free stream (verify broadcaster-official before promote)","iptv-org; categories=; quality=","medium",""
"Live TV","General","PowerTurk TV (Power Turk)","https://livetv.powerapp.com.tr/powerturkTV/powerturkhd.smil/playlist.m3u8","VIDEO","HLS","m3u8","","true","true","","TR","https://www.powerapp.com.tr/powerturk/","COMMUNITY","iptv-org public index, publicly listed free stream (verify broadcaster-official before promote)","iptv-org; categories=; quality=1080p","medium","595"
"Live TV","General","Prarthana TV (Prarthana TV)","https://livetv.tarangplus.in/prarthana-origin/live/playlist.m3u8","VIDEO","HLS","m3u8","","true","true","","IN","https://www.tarangplus.in/all-channels/prarthana-tv","COMMUNITY","iptv-org public index, publicly listed free stream (verify broadcaster-official before promote)","iptv-org; categories=; quality=720p","medium","596"
"Live TV","General","Pravasi Channel (Pravasi Channel)","https://m6gdavepdn93-hls-live.5centscdn.com/pravasi/d0dbe915091d400bd8ee7f27f0791303.sdp/playlist.m3u8","VIDEO","HLS","m3u8","","true","true","","IN","https://pravasichannel.com/","COMMUNITY","iptv-org public index, publicly listed free stream (verify broadcaster-official before promote)","iptv-org; categories=; quality=1080p","medium",""
"Live TV","General","Primer TV (Primer TV)","http://200.194.238.229:8383/live/primer/playlist.m3u8","VIDEO","HLS","m3u8","","true","false","","BR","https://primertv.com.br/","COMMUNITY","iptv-org public index, publicly listed free stream (verify broadcaster-official before promote)","iptv-org; categories=general; quality=1080p","medium","597"
"Live TV","General","PSN (PSN)","https://srspsn.live/live/livestream.m3u8","VIDEO","HLS","m3u8","","true","true","","MX","https://psn.si/","COMMUNITY","iptv-org public index, publicly listed free stream (verify broadcaster-official before promote)","iptv-org; categories=entertainment|news; quality=288p","medium",""
"Live TV","General","PTC Punjabi (PTC Punjabi)","https://d3qs3d2rkhfqrt.cloudfront.net/out/v1/3e22a9c278db4e3eb779afd42e41b0a6/index.m3u8","VIDEO","HLS","m3u8","","true","true","","IN","https://www.ptcpunjabi.co.in/","COMMUNITY","iptv-org public index, publicly listed free stream (verify broadcaster-official before promote)","iptv-org; categories=entertainment; quality=1080p","medium","598"
"Live TV","General","PTC Punjabi Gold (PTC Punjabi Gold)","https://d3qs3d2rkhfqrt.cloudfront.net/out/v1/6e14bac6d0384e129521a4d005188bfb/index.m3u8","VIDEO","HLS","m3u8","","true","true","","IN","","COMMUNITY","iptv-org public index, publicly listed free stream (verify broadcaster-official before promote)","iptv-org; categories=entertainment; quality=1080p","medium",""
"Live TV","General","Puls 2 (Puls 2)","https://vs2126.vcdn.biz/cacd1c6a99ee154b5c7d78a52d17e27b_megogo/live/hls/b/700_2490_4000/u_sid/0/o/157766541/rsid/2d20baa0-758f-43c1-ac66-0df23e9ae3a2/u_uid/0/u_vod/0/u_device/cms_html5/u_devicekey/_site/lip/37.109.162.54*asn/u_srvc/81255/u_did/web_XkXatVzQiYuxwYoGXyXJfjfePaDX3Jzq/type.live/chunklist-sid775857816421306678-b4000000.m3u8","VIDEO","HLS","m3u8","","true","true","","PL","https://puls2.pl/","COMMUNITY","iptv-org public index, publicly listed free stream (verify broadcaster-official before promote)","iptv-org; categories=; quality=1080p","medium","599"
"Live TV","General","Puthuyugam TV (Puthuyugam TV)","https://mumt04.tangotv.in/m18aqlK4PUTHUYUGAMTV/index.m3u8","VIDEO","HLS","m3u8","","true","true","","IN","","COMMUNITY","iptv-org public index, publicly listed free stream (verify broadcaster-official before promote)","iptv-org; categories=; quality=576p","medium",""
"Live TV","General","R Plus (R Plus)","https://thelegitpro.in/pntv/rplusnews24x7/index.m3u8","VIDEO","HLS","m3u8","","true","true","","IN","https://rplus.in/","COMMUNITY","iptv-org public index, publicly listed free stream (verify broadcaster-official before promote)","iptv-org; categories=; quality=768p","medium","600"
"Live TV","General","R Plus Gold (R Plus Gold)","https://cdn-4.pishow.tv/live/1231/master.m3u8","VIDEO","HLS","m3u8","","true","true","","IN","https://rplus.in/","COMMUNITY","iptv-org public index, publicly listed free stream (verify broadcaster-official before promote)","iptv-org; categories=; quality=720p","medium","601"
"Live TV","General","Radio TV Neuquen (Radio TV Neuquén)","https://media.neuquen.gov.ar/rtn/television/playlist.m3u8","VIDEO","HLS","m3u8","","true","true","","AR","","COMMUNITY","iptv-org public index, publicly listed free stream (verify broadcaster-official before promote)","iptv-org; categories=; quality=720p","medium",""
"Live TV","General","Radio UP (Radio UP)","https://iptv.ixfo.com.ar:30443/live/RadioUpTvStreaming/playlist.m3u8","VIDEO","HLS","m3u8","","true","true","","AR","https://radioup.com.ar/","COMMUNITY","iptv-org public index, publicly listed free stream (verify broadcaster-official before promote)","iptv-org; categories=general; quality=","medium","602"
"Live TV","General","Radio Yguazu TV (Radio Yguazú TV)","https://live.enhdtv.com:8081/radioiguazutv/index.m3u8","VIDEO","HLS","m3u8","","true","true","","AR","","COMMUNITY","iptv-org public index, publicly listed free stream (verify broadcaster-official before promote)","iptv-org; categories=entertainment; quality=480p","medium",""
"Live TV","General","Radiocanal (Radiocanal San Francisco)","http://204.199.3.2/.m3u8","VIDEO","HLS","m3u8","","true","false","","AR","https://www.radiocanal.com.ar/","COMMUNITY","iptv-org public index, publicly listed free stream (verify broadcaster-official before promote)","iptv-org; categories=general; quality=1080p","medium","603"
"Live TV","General","Radiotele (Radiotele Morelia)","http://linkrt.ddns.net:8080/hls/rtmorelia_MID.m3u8","VIDEO","HLS","m3u8","","true","false","","MX","https://radiotele.tv/","COMMUNITY","iptv-org public index, publicly listed free stream (verify broadcaster-official before promote)","iptv-org; categories=general; quality=352p","medium","604"
"Live TV","General","Raftaar Media (Raftaar Media)","https://6n3yorwpy9ok-hls-live.5centscdn.com/raftaarmedia/243bd1ce0387f18005abfc43b001646a.sdp/playlist.m3u8","VIDEO","HLS","m3u8","","true","true","","IN","","COMMUNITY","iptv-org public index, publicly listed free stream (verify broadcaster-official before promote)","iptv-org; categories=; quality=240p","medium",""
"Live TV","General","Rajawali TV (Rajawali TV)","https://rtvstream.rtv.co.id:4555/hls/rtv.m3u8","VIDEO","HLS","m3u8","","true","true","","ID","https://www.rtv.co.id/","COMMUNITY","iptv-org public index, publicly listed free stream (verify broadcaster-official before promote)","iptv-org; categories=; quality=","medium","605"
"Live TV","General","Raly TV (Raly TV)","https://cloudvideo.servers10.com:8081/8072/index.m3u8","VIDEO","HLS","m3u8","","true","true","","MX","https://ralytv.com/","COMMUNITY","iptv-org public index, publicly listed free stream (verify broadcaster-official before promote)","iptv-org; categories=general; quality=720p","medium","606"
"Live TV","General","Rama Channel (Rama Channel)","https://ramach.ddns.net/live/ramalive/index.m3u8","VIDEO","HLS","m3u8","","true","true","","TH","https://med.mahidol.ac.th/ramachannel/","COMMUNITY","iptv-org public index, publicly listed free stream (verify broadcaster-official before promote)","iptv-org; categories=; quality=","medium",""
"Live TV","General","Ramdhenu (Ramdhenu)","https://cdn-7.pishow.tv/live/10016/master.m3u8","VIDEO","HLS","m3u8","","true","true","","IN","https://ramdhenutv.com/","COMMUNITY","iptv-org public index, publicly listed free stream (verify broadcaster-official before promote)","iptv-org; categories=; quality=576p","medium","607"
"Live TV","General","Rang (Rang)","https://cdn-7.pishow.tv/live/10017/master.m3u8","VIDEO","HLS","m3u8","","true","true","","IN","https://www.rangtv.org/","COMMUNITY","iptv-org public index, publicly listed free stream (verify broadcaster-official before promote)","iptv-org; categories=; quality=576p","medium","608"
"Live TV","General","Rave TV (Rave TV)","https://viewmedia7219.bozztv.com/wmedia/viewmedia100/web_039/Stream/playlist.m3u8","VIDEO","HLS","m3u8","","true","true","","NG","http://raveng.tv/","COMMUNITY","iptv-org public index, publicly listed free stream (verify broadcaster-official before promote)","iptv-org; categories=; quality=576p","medium","609"
"Live TV","General","RBATV (RBATV)","https://cdn.live.br1.jmvstream.com/w/LVW-15748/LVW15748_Yed7yzLuRC/playlist.m3u8","VIDEO","HLS","m3u8","","true","true","","BR","https://rbatv.dol.com.br/","COMMUNITY","iptv-org public index, publicly listed free stream (verify broadcaster-official before promote)","iptv-org; categories=general; quality=720p","medium",""
"Live TV","General","RCG TV (RCG TV)","https://video1.getstreamhosting.com:1936/8172/8172/playlist.m3u8","VIDEO","HLS","m3u8","","true","true","","MX","https://rcgmedia.mx/","COMMUNITY","iptv-org public index, publicly listed free stream (verify broadcaster-official before promote)","iptv-org; categories=; quality=1080p","medium","610"
"Live TV","General","RCTV (RCTV)","https://v10.siar.us/rctv/live/playlist.m3u8","VIDEO","HLS","m3u8","","true","true","","ID","https://www.radarcirebon.tv/","COMMUNITY","iptv-org public index, publicly listed free stream (verify broadcaster-official before promote)","iptv-org; categories=; quality=576p","medium","611"
"Live TV","General","Record (RecordTV)","https://cdn.jmvstream.com/w/LVW-10842/LVW10842_513N26MDBL/chunklist.m3u8","VIDEO","HLS","m3u8","","true","true","","BR","http://rederecord.r7.com/","COMMUNITY","iptv-org public index, publicly listed free stream (verify broadcaster-official before promote)","iptv-org; categories=general; quality=","medium","612"
"Live TV","General","RecordTV Interior SP (RecordTV Interior SP)","http://200.77.176.130:8000/udp/224.0.0.4:49152","VIDEO","ICECAST","","","true","false","","BR","http://recordtv.r7.com/recordtv-interior-sp","COMMUNITY","iptv-org public index, publicly listed free stream (verify broadcaster-official before promote)","iptv-org; categories=general; quality=","medium","613"
"Live TV","General","Red Carpet TV International (Red Carpet TV International)","https://fast-rakuten.okast.tv/fa2e8c4385712f9a9076eaf728c751de/channels/1a6ecfaa-40c6-41b8-8634-595c424f856e/21f67fd1-4d21-43ba-8ad8-3afac9982c25/master.m3u8","VIDEO","HLS","m3u8","","true","true","","PL","","COMMUNITY","iptv-org public index, publicly listed free stream (verify broadcaster-official before promote)","iptv-org; categories=; quality=1080p","medium",""
"Live TV","General","Rede Brasil (Rede Brasil)","https://redebrasil.nuvemplay.live/hls/stream.m3u8","VIDEO","HLS","m3u8","","true","true","","BR","https://rbtv.com.br/","COMMUNITY","iptv-org public index, publicly listed free stream (verify broadcaster-official before promote)","iptv-org; categories=general; quality=1080p","medium","614"
"Live TV","General","Rede NGT (Rede NGT)","https://isaocorp.cloudecast.com/ngt/index.m3u8","VIDEO","HLS","m3u8","","true","true","","BR","https://redengt.com.br/","COMMUNITY","iptv-org public index, publicly listed free stream (verify broadcaster-official before promote)","iptv-org; categories=entertainment; quality=1080p","medium",""
"Live TV","General","Rede SPTV (Rede SPTV)","https://video01.logicahost.com.br/websptv/websptv/playlist.m3u8","VIDEO","HLS","m3u8","","true","true","","BR","https://www.redesptv.com.br/","COMMUNITY","iptv-org public index, publicly listed free stream (verify broadcaster-official before promote)","iptv-org; categories=general; quality=360p","medium","615"
"Live TV","General","Rede TV! ES (Rede TV! ES)","https://streaming.cloudecast.com/hls/redetves/index.m3u8","VIDEO","HLS","m3u8","","true","true","","BR","","COMMUNITY","iptv-org public index, publicly listed free stream (verify broadcaster-official before promote)","iptv-org; categories=general; quality=1080p","medium",""
"Live TV","General","Rede TV! Mais (Rede TV! Mais)","https://cdn.live.br1.jmvstream.com/webtv/AVJ-15235/playlist/playlist.m3u8","VIDEO","HLS","m3u8","","true","true","","BR","","COMMUNITY","iptv-org public index, publicly listed free stream (verify broadcaster-official before promote)","iptv-org; categories=general; quality=","medium",""
"Live TV","General","RedeTV! Parana (RedeTV! Parana)","https://tv01.zas.media:1936/redetvparana/redetvparana/playlist.m3u8","VIDEO","HLS","m3u8","","true","true","","BR","https://www.redetvparana.com.br/","COMMUNITY","iptv-org public index, publicly listed free stream (verify broadcaster-official before promote)","iptv-org; categories=; quality=","medium","616"
"Live TV","General","Remonty TV (Remonty TV)","https://prx-y5cf8.4vod.tv/playout/repl-abr67/index.m3u8","VIDEO","HLS","m3u8","","true","true","","PL","https://remontytv.pl/","COMMUNITY","iptv-org public index, publicly listed free stream (verify broadcaster-official before promote)","iptv-org; categories=entertainment; quality=1080p","medium","617"
"Live TV","General","Rengoni (Rengoni)","https://d1msejlow1t3l4.cloudfront.net/fta/rengonitv/playlist.m3u8","VIDEO","HLS","m3u8","","true","true","","IN","https://rengonitv.com/","COMMUNITY","iptv-org public index, publicly listed free stream (verify broadcaster-official before promote)","iptv-org; categories=; quality=396p","medium","618"
"Live TV","General","Rodja TV (Rodja TV)","https://rodjatv.com/rodjatv/live.m3u8","VIDEO","HLS","m3u8","","true","true","","ID","https://rodja.tv/","COMMUNITY","iptv-org public index, publicly listed free stream (verify broadcaster-official before promote)","iptv-org; categories=; quality=720p","medium","619"
"Live TV","General","Roja TV (Roja TV)","https://live.rojatv.cloud/rojatv/rojatv/index.m3u8","VIDEO","HLS","m3u8","","true","true","","IN","https://rojatv.godaddysites.com/","COMMUNITY","iptv-org public index, publicly listed free stream (verify broadcaster-official before promote)","iptv-org; categories=entertainment; quality=1080p","medium","620"
"Live TV","General","Rongeen TV (Rongeen TV)","https://server.thelegitpro.in/rongeentv/rongeentv/index.m3u8","VIDEO","HLS","m3u8","","true","true","","IN","http://rongeentv.com/","COMMUNITY","iptv-org public index, publicly listed free stream (verify broadcaster-official before promote)","iptv-org; categories=; quality=720p","medium",""
"Live TV","General","ROV TV (ROV TV)","https://viewmedia7219.bozztv.com/wmedia/viewmedia100/web_012/Stream/playlist.m3u8","VIDEO","HLS","m3u8","","true","true","","ZA","http://www.rockofvictoryministries.org/","COMMUNITY","iptv-org public index, publicly listed free stream (verify broadcaster-official before promote)","iptv-org; categories=; quality=576p","medium","621"
"Live TV","General","Royalworld (Royalworld)","https://ac76260b1102416c93f3d20958bfeb4b.mediatailor.us-east-1.amazonaws.com/v1/master/44f73ba4d03e9607dcd9bebdcb8494d86964f1d8/RakutenTV-pl_Royalworld/playlist.m3u8","VIDEO","HLS","m3u8","","true","true","","PL","https://www.rakuten.tv/pl/live_channels/royalworld-pl","COMMUNITY","iptv-org public index, publicly listed free stream (verify broadcaster-official before promote)","iptv-org; categories=; quality=","medium","622"
"Live TV","General","RRI Net (RRI Net)","https://private-streaming.rri.go.id/memfs/6f77c7b5-feb2-4935-9f89-e7e9fca0a54a_output_0.m3u8","VIDEO","HLS","m3u8","","true","true","","ID","https://rri.co.id/","COMMUNITY","iptv-org public index, publicly listed free stream (verify broadcaster-official before promote)","iptv-org; categories=; quality=1080p","medium","623"
"Live TV","General","RTG (RTG)","https://5e50264bd6766.streamlock.net/radtvguerrero/videoradtvguerrero/playlist.m3u8","VIDEO","HLS","m3u8","","true","true","","MX","","COMMUNITY","iptv-org public index, publicly listed free stream (verify broadcaster-official before promote)","iptv-org; categories=; quality=720p","medium",""
"Live TV","General","RTN (RTN (Neuquén))","https://media.neuquen.gov.ar/rtn/television/media.m3u8","VIDEO","HLS","m3u8","","true","true","","AR","http://www.rtnweb.gob.ar/television/","COMMUNITY","iptv-org public index, publicly listed free stream (verify broadcaster-official before promote)","iptv-org; categories=; quality=720p","medium","624"
"Live TV","General","RTQ Queretaro (RTQ Querétaro)","https://59d39900ebfb8.streamlock.net/rytqrolive/rytqrolive/chunklist.m3u8","VIDEO","HLS","m3u8","","true","true","","MX","","COMMUNITY","iptv-org public index, publicly listed free stream (verify broadcaster-official before promote)","iptv-org; categories=; quality=1080p","medium",""
"Live TV","General","Rupasi Bangla (Rupasi Bangla)","https://mumt05.tangotv.in/87NeALx2RUPASIBANGLA/index.m3u8","VIDEO","HLS","m3u8","","true","true","","IN","https://www.ruposhibangla.in/","COMMUNITY","iptv-org public index, publicly listed free stream (verify broadcaster-official before promote)","iptv-org; categories=entertainment; quality=576p","medium",""
"Live TV","General","Saam TV (Saam TV)","https://cdn-3.pishow.tv/live/437/master.m3u8","VIDEO","HLS","m3u8","","true","true","","IN","https://www.saamtv.com/","COMMUNITY","iptv-org public index, publicly listed free stream (verify broadcaster-official before promote)","iptv-org; categories=; quality=","medium","625"
"Live TV","General","SADA TV (Sada TV)","http://cdn12.henico.net:8080/live/sadatv/index.m3u8","VIDEO","HLS","m3u8","","true","false","","IN","","COMMUNITY","iptv-org public index, publicly listed free stream (verify broadcaster-official before promote)","iptv-org; categories=entertainment; quality=1080p","medium",""
"Live TV","General","Sakti TV (Sakti TV)","https://saktitv.siar.us/saktitv/live/playlist.m3u8","VIDEO","HLS","m3u8","","true","true","","ID","https://www.sakti.tv/","COMMUNITY","iptv-org public index, publicly listed free stream (verify broadcaster-official before promote)","iptv-org; categories=; quality=720p","medium","626"
"Live TV","General","Salvation TV (Salvation TV)","https://viewmedia7219.bozztv.com/wmedia/viewmedia100/web_017/Stream/playlist.m3u8","VIDEO","HLS","m3u8","","true","true","","NG","https://www.salvationtv.tv/","COMMUNITY","iptv-org public index, publicly listed free stream (verify broadcaster-official before promote)","iptv-org; categories=; quality=576p","medium",""
"Live TV","General","San Luis + (San Luis +)","https://stream.radiosmundiales.com/hls/sanluismas/sanluismas.m3u8","VIDEO","HLS","m3u8","","true","true","","AR","https://sanluismas.com/","COMMUNITY","iptv-org public index, publicly listed free stream (verify broadcaster-official before promote)","iptv-org; categories=general; quality=","medium",""
"Live TV","General","San Pedro TV (San Pedro TV)","https://iptv.ixfo.com.ar:30443/live/sanpedrotv/playlist.m3u8","VIDEO","HLS","m3u8","","true","true","","AR","https://www.sanpedrotv.com.ar/","COMMUNITY","iptv-org public index, publicly listed free stream (verify broadcaster-official before promote)","iptv-org; categories=; quality=1080p","medium",""
"Live TV","General","Sana TV (Sana TV)","https://vglivessai.akamaized.net/us/v1/master/611d79b11b77e2f571934fd80ca1413453772ac7/b6d9e864-ec16-410a-804d-ccf8f720bfaa/index.m3u8","VIDEO","HLS","m3u8","","true","true","","IN","","COMMUNITY","iptv-org public index, publicly listed free stream (verify broadcaster-official before promote)","iptv-org; categories=entertainment; quality=1080p","medium",""
"Live TV","General","Santvani Channel (Santvani Channel)","https://cdn-2.pishow.tv/live/475/master.m3u8","VIDEO","HLS","m3u8","","true","true","","IN","https://www.santvani.in/","COMMUNITY","iptv-org public index, publicly listed free stream (verify broadcaster-official before promote)","iptv-org; categories=; quality=576p","medium",""
"Live TV","General","SBB TV (SBB TV)","https://cdn-th-vip2.livestreaming.in.th/watsanghathan/watsanghathan/playlist.m3u8","VIDEO","HLS","m3u8","","true","true","","TH","https://www.watsanghathan.com/content/5475/%E0%B8%AA%E0%B8%96%E0%B8%B2%E0%B8%99%E0%B8%B5%E0%B9%82%E0%B8%97%E0%B8%A3%E0%B8%97%E0%B8%B1%E0%B8%A8%E0%B8%99%E0%B9%8C%E0%B8%9C%E0%B9%88%E0%B8%B2%E0%B8%99%E0%B8%94%E0%B8%B2%E0%B8%A7%E0%B9%80%E0%B8%97%E0%B8%B5%E0%B8%A2%E0%B8%A1%E0%B8%A7%E0%B8%B1%E0%B8%94%E0%B8%AA%E0%B8%B1%E0%B8%87%E0%B8%86%E0%B8%97%E0%B8%B2%E0%B8%99-sbbtv","COMMUNITY","iptv-org public index, publicly listed free stream (verify broadcaster-official before promote)","iptv-org; categories=; quality=","medium","627"
"Live TV","General","SBT Interior (SBT Interior)","https://cdn.jmvstream.com/w/LVW-10801/LVW10801_Xvg4R0u57n/playlist.m3u8","VIDEO","HLS","m3u8","","true","true","","BR","https://sbtinterior.com/","COMMUNITY","iptv-org public index, publicly listed free stream (verify broadcaster-official before promote)","iptv-org; categories=general; quality=720p","medium",""
"Live TV","General","SBT TV (SBT TV)","http://122.155.12.107:1935/live/sbt_tv_aac_300/playlist.m3u8","VIDEO","HLS","m3u8","","true","false","","TH","","COMMUNITY","iptv-org public index, publicly listed free stream (verify broadcaster-official before promote)","iptv-org; categories=; quality=","medium",""
"Live TV","General","Semerkand TV (Semerkand TV)","https://b01c02nl.mediatriple.net/videoonlylive/mtisvwurbfcyslive/broadcast_58d915bd40efc.smil/playlist.m3u8","VIDEO","HLS","m3u8","","true","true","","TR","http://www.semerkandtv.com.tr/","COMMUNITY","iptv-org public index, publicly listed free stream (verify broadcaster-official before promote)","iptv-org; categories=; quality=1080p","medium","628"
"Live TV","General","Senillosa TV (Senillosa TV)","https://player.videohost.click/senillosatv/senillosatv/playlist.m3u8","VIDEO","HLS","m3u8","","true","true","","AR","http://www.senillosatv.com.ar/","COMMUNITY","iptv-org public index, publicly listed free stream (verify broadcaster-official before promote)","iptv-org; categories=; quality=","medium",""
"Live TV","General","Sfera TV (Sfera TV)","https://stream.sferatv.pl/sferatvlive/live.m3u8","VIDEO","HLS","m3u8","","true","true","","PL","","COMMUNITY","iptv-org public index, publicly listed free stream (verify broadcaster-official before promote)","iptv-org; categories=; quality=480p","medium",""
"Live TV","General","Shekinah TV (Shekinah TV)","https://livetv.timeiptv.in/ShekinahNewsIndia/955ad3298db330b5ee880c2c9e6f23a0.sdp/playlist.m3u8","VIDEO","HLS","m3u8","","true","true","","IN","http://www.shekinahchannel.tv/","COMMUNITY","iptv-org public index, publicly listed free stream (verify broadcaster-official before promote)","iptv-org; categories=; quality=1080p","medium",""
"Live TV","General","Shemaroo TV (Shemaroo TV)","https://airtelapp.shemaroo.com/shemarootv/smil:shemarootvadp.smil/playlist.m3u8","VIDEO","HLS","m3u8","","true","true","","IN","https://www.shemarooent.com/STV/","COMMUNITY","iptv-org public index, publicly listed free stream (verify broadcaster-official before promote)","iptv-org; categories=entertainment; quality=720p","medium","629"
"Live TV","General","Shubh TV (Shubh TV)","https://d2g1vdc6ozl2o8.cloudfront.net/out/v1/0a0dc7d7911b4fddbb4dfc963fdd4b9e/index.m3u8","VIDEO","HLS","m3u8","","true","true","","IN","https://app.sanskargroup.in/","COMMUNITY","iptv-org public index, publicly listed free stream (verify broadcaster-official before promote)","iptv-org; categories=; quality=1080p","medium",""
"Live TV","General","SIC TV (SIC TV)","https://parecisfmlive.brasilstream.com.br/hls/parecisfmlive/index.m3u8","VIDEO","HLS","m3u8","","true","true","","BR","","COMMUNITY","iptv-org public index, publicly listed free stream (verify broadcaster-official before promote)","iptv-org; categories=; quality=720p","medium",""
"Live TV","General","Sicardi TV (Sicardi TV)","https://vivo.solumedia.com:19360/sicarditv/sicarditv.m3u8","VIDEO","HLS","m3u8","","true","true","","AR","https://sicarditv.com.ar/","COMMUNITY","iptv-org public index, publicly listed free stream (verify broadcaster-official before promote)","iptv-org; categories=; quality=720p","medium","630"
"Live TV","General","SIPSE TV 8.1 (SIPSE TV 8.1)","https://webprod.sipse.com.mx:8080/show/merida.m3u8","VIDEO","HLS","m3u8","","true","true","","MX","https://sipseplay.com/","COMMUNITY","iptv-org public index, publicly listed free stream (verify broadcaster-official before promote)","iptv-org; categories=general; quality=1080p","medium","631"
"Live TV","General","SIPSE TVCUN 8.1 (SIPSE TVCUN 8.1)","https://webprod.sipse.com.mx:8080/show/tvcun.m3u8","VIDEO","HLS","m3u8","","true","true","","MX","https://sipseplay.com/","COMMUNITY","iptv-org public index, publicly listed free stream (verify broadcaster-official before promote)","iptv-org; categories=general; quality=1080p","medium","632"
"Live TV","General","Solive TV (Solive TV)","https://stmv6.voxtvhd.com.br/solivetv/solivetv/playlist.m3u8","VIDEO","HLS","m3u8","","true","true","","AR","https://solivetv.net/","COMMUNITY","iptv-org public index, publicly listed free stream (verify broadcaster-official before promote)","iptv-org; categories=; quality=","medium","633"
"Live TV","General","Sony Channel (Sony Channel)","https://cdn-5.nxplay.com.br/SONY_CHANNEL/index.m3u8","VIDEO","HLS","m3u8","","true","true","","BR","https://br.sonychannel.com/","COMMUNITY","iptv-org public index, publicly listed free stream (verify broadcaster-official before promote)","iptv-org; categories=; quality=720p","medium",""
"Live TV","General","Soweto TV (Soweto TV)","https://cdn.freevisiontv.co.za/sttv/smil:soweto.stream.smil/playlist.m3u8","VIDEO","HLS","m3u8","","true","true","","ZA","https://www.sowetotv.co.za/","COMMUNITY","iptv-org public index, publicly listed free stream (verify broadcaster-official before promote)","iptv-org; categories=entertainment|family; quality=576p","medium",""
"Live TV","General","SQCS Canal 4 (SQCS Canal 4)","https://video0.rogohosting.com:19360/4982/4982.m3u8","VIDEO","HLS","m3u8","","true","true","","MX","https://qroo.gob.mx/sqcs","COMMUNITY","iptv-org public index, publicly listed free stream (verify broadcaster-official before promote)","iptv-org; categories=; quality=1080p","medium","634"
"Live TV","General","Star Jalsha (Star Jalsha HD)","https://tvsen4.aynaott.com/n64PH4YL/index.m3u8","VIDEO","HLS","m3u8","","true","true","","IN","https://www.hotstar.com/channels/star-jalsha","COMMUNITY","iptv-org public index, publicly listed free stream (verify broadcaster-official before promote)","iptv-org; categories=entertainment; quality=720p","medium",""
"Live TV","General","Star Maa (Star Maa HD)","http://217.20.112.199:8080/maatv/index.m3u8","VIDEO","HLS","m3u8","","true","false","","IN","https://www.hotstar.com/channels/star-maa","COMMUNITY","iptv-org public index, publicly listed free stream (verify broadcaster-official before promote)","iptv-org; categories=entertainment; quality=720p","medium",""
"Live TV","General","Starnet (Starnet)","https://5a1178b42cc03.streamlock.net/8220/8220/playlist.m3u8","VIDEO","HLS","m3u8","","true","true","","IN","","COMMUNITY","iptv-org public index, publicly listed free stream (verify broadcaster-official before promote)","iptv-org; categories=general; quality=480p","medium",""
"Live TV","General","Stopklatka TV (Stopklatka TV)","http://91.246.72.88:8000/play/a007/index.m3u8","VIDEO","HLS","m3u8","","true","false","","PL","https://stopklatka.pl/","COMMUNITY","iptv-org public index, publicly listed free stream (verify broadcaster-official before promote)","iptv-org; categories=; quality=1080p","medium","635"
"Live TV","General","STOU Channel (STOU Channel)","https://stream1.stou.ac.th/live/stou_720p/playlist.m3u8","VIDEO","HLS","m3u8","","true","true","","TH","http://stouonline.stou.ac.th/tv/","COMMUNITY","iptv-org public index, publicly listed free stream (verify broadcaster-official before promote)","iptv-org; categories=; quality=720p","medium","636"
"Live TV","General","Studio Yuva (Studio Yuva)","https://mumt01.tangotv.in/O5aw8Zn3STUDIOYUVA/index.m3u8","VIDEO","HLS","m3u8","","true","true","","IN","","COMMUNITY","iptv-org public index, publicly listed free stream (verify broadcaster-official before promote)","iptv-org; categories=entertainment; quality=576p","medium",""
"Live TV","General","STV (STV)","http://122.248.43.242:1935/SAMARINDATV/_definst_/myStream/playlist.m3u8","VIDEO","HLS","m3u8","","true","false","","ID","https://www.stv.co.id/","COMMUNITY","iptv-org public index, publicly listed free stream (verify broadcaster-official before promote)","iptv-org; categories=; quality=720p","medium",""
"Live TV","General","Subin TV (Subin TV)","https://stream.galaxyott.live/live/subintv/index.m3u8","VIDEO","HLS","m3u8","","true","true","","IN","https://www.subintv.in/","COMMUNITY","iptv-org public index, publicly listed free stream (verify broadcaster-official before promote)","iptv-org; categories=entertainment; quality=1080p","medium","637"
"Live TV","General","Sun RTV (Sun RTV)","https://live.artidijitalmedya.com/artidijital_sunrtv/sunrtv/playlist.m3u8","VIDEO","HLS","m3u8","","true","true","","TR","http://www.sunrtv.com.tr/","COMMUNITY","iptv-org public index, publicly listed free stream (verify broadcaster-official before promote)","iptv-org; categories=; quality=720p","medium","638"
"Live TV","General","Sunna TV (Sunna TV)","https://viewmedia7219.bozztv.com/wmedia/viewmedia100/web_015/Stream/playlist.m3u8","VIDEO","HLS","m3u8","","true","true","","NG","","COMMUNITY","iptv-org public index, publicly listed free stream (verify broadcaster-official before promote)","iptv-org; categories=; quality=576p","medium",""
"Live TV","General","Super Channel 12 (Super Channel 12)","https://servilive.com:3263/live/channel12live.m3u8","VIDEO","HLS","m3u8","","true","true","","MX","https://superchannel12.com","COMMUNITY","iptv-org public index, publicly listed free stream (verify broadcaster-official before promote)","iptv-org; categories=general; quality=1080p","medium","639"
"Live TV","General","Superhitz (Superhitz)","https://live-evg5.tv360.bitel.com.pe/bitel/fillka/playlist.m3u8","VIDEO","HLS","m3u8","","true","true","","IN","https://www.airtel.in/","COMMUNITY","iptv-org public index, publicly listed free stream (verify broadcaster-official before promote)","iptv-org; categories=; quality=720p","medium","640"
"Live TV","General","Suriya TV (Suriya TV)","https://stream.ottlive.co.in/suryatvtamil/index.m3u8","VIDEO","HLS","m3u8","","true","true","","IN","","COMMUNITY","iptv-org public index, publicly listed free stream (verify broadcaster-official before promote)","iptv-org; categories=entertainment; quality=1080p","medium",""
"Live TV","General","Suwannabhumi Channel (Suwannabhumi Channel)","https://live.bangkokstream.com:19360/suwannabhumi/suwannabhumi.m3u8","VIDEO","HLS","m3u8","","true","true","","TH","http://suwannabhumi.tv/","COMMUNITY","iptv-org public index, publicly listed free stream (verify broadcaster-official before promote)","iptv-org; categories=; quality=720p","medium","641"
"Live TV","Kids","4 Fun Kids (4 Fun Kids)","https://stream.4fun.tv:8889/hls/4fk_high/index.m3u8","VIDEO","HLS","m3u8","","true","true","","PL","https://4fun.tv/kids","COMMUNITY","iptv-org public index, publicly listed free stream (verify broadcaster-official before promote)","iptv-org; categories=kids; quality=576i","medium","642"
"Live TV","Kids","Atfal & Mawaheb TV (Atfal & Mawaheb TV)","https://5aafcc5de91f1.streamlock.net/atfal1.com/atfal2/playlist.m3u8","VIDEO","HLS","m3u8","","true","true","","SA","https://atfal1.com/","COMMUNITY","iptv-org public index, publicly listed free stream (verify broadcaster-official before promote)","iptv-org; categories=kids; quality=1080p","medium","643"
"Live TV","Kids","Biznet Kids (Biznet Kids)","http://livestream.biznetvideo.net/biznet_kids/smil:kids.smil/index.m3u8","VIDEO","HLS","m3u8","","true","false","","ID","http://www.biznetvideo.net/","COMMUNITY","iptv-org public index, publicly listed free stream (verify broadcaster-official before promote)","iptv-org; categories=kids; quality=1080p","medium","644"
"Live TV","Kids","Cartoon Classics (Cartoon Classics)","https://daiconnect.com/live/hls/tvup/rk-cartoonclassics/578f4b7eb725168349ec0af81b21d388/index.m3u8","VIDEO","HLS","m3u8","","true","true","","PL","https://www.rakuten.tv/pl/live_channels/cartoon-classics","COMMUNITY","iptv-org public index, publicly listed free stream (verify broadcaster-official before promote)","iptv-org; categories=animation|kids; quality=","medium","645"
"Live TV","Kids","Chithiram (Chithiram)","https://cdn-6.pishow.tv/live/1243/master.m3u8","VIDEO","HLS","m3u8","","true","true","","IN","","COMMUNITY","iptv-org public index, publicly listed free stream (verify broadcaster-official before promote)","iptv-org; categories=kids; quality=576p","medium",""
"Live TV","Kids","D2h Kids (D2h Kids)","https://live-evg7.tv360.bitel.com.pe/bitel/pequestv/playlist.m3u8","VIDEO","HLS","m3u8","","true","true","","IN","https://www.d2h.com/","COMMUNITY","iptv-org public index, publicly listed free stream (verify broadcaster-official before promote)","iptv-org; categories=kids; quality=720p","medium","646"
"Live TV","Kids","Disney Channel Latin America (Disney Channel Latin America North)","http://138.121.15.230:9002/DISNEY-CHANNEL/index.m3u8","VIDEO","HLS","m3u8","","true","false","","AR","https://www.disneylatino.com/tv","COMMUNITY","iptv-org public index, publicly listed free stream (verify broadcaster-official before promote)","iptv-org; categories=animation|kids; quality=576p","medium","647"
"Live TV","Kids","Disney Jr. Latin America (Disney Jr. Latin America North HD)","http://190.11.225.124:5000/live/disney_jr_hd/playlist.m3u8","VIDEO","HLS","m3u8","","true","false","","AR","https://www.disneylatino.com/","COMMUNITY","iptv-org public index, publicly listed free stream (verify broadcaster-official before promote)","iptv-org; categories=animation|kids; quality=1080p","medium","648"
"Live TV","Kids","EBS Kids (EBS kids)","https://ebsonair.ebs.co.kr/ebsufamilypc/familypc1m/playlist.m3u8","VIDEO","HLS","m3u8","","true","true","","KR","http://www.ebs.co.kr/kids","COMMUNITY","iptv-org public index, publicly listed free stream (verify broadcaster-official before promote)","iptv-org; categories=kids; quality=400p","medium",""
"Live TV","Kids","El Chavo TV (El Chavo TV)","https://live20.bozztv.com/giatvplayout7/giatv-211465/playlist.m3u8","VIDEO","HLS","m3u8","","true","true","","MX","https://gia.tv/watchssh101.php?pptv=211465","COMMUNITY","iptv-org public index, publicly listed free stream (verify broadcaster-official before promote)","iptv-org; categories=kids; quality=720p","medium","649"
"Live TV","Kids","Koogi TV (Koogi TV)","https://5d658d7e9f562.streamlock.net/koogi.tv/koogi.smil/playlist.m3u8","VIDEO","HLS","m3u8","","true","true","","EG","https://www.koogi.tv/","COMMUNITY","iptv-org public index, publicly listed free stream (verify broadcaster-official before promote)","iptv-org; categories=kids|religious; quality=1080p","medium","650"
"Live TV","Kids","Minika Cocuk (Minika Cocuk)","https://rnttwmjcin.turknet.ercdn.net/lcpmvefbyo/minikago_cocuk/minikago_cocuk.m3u8","VIDEO","HLS","m3u8","","true","true","","TR","http://www.minikacocuk.com.tr/","COMMUNITY","iptv-org public index, publicly listed free stream (verify broadcaster-official before promote)","iptv-org; categories=kids; quality=720p","medium","651"
"Live TV","Kids","Minika Go (Minika Go)","https://rnttwmjcin.turknet.ercdn.net/lcpmvefbyo/minikago/minikago.m3u8","VIDEO","HLS","m3u8","","true","true","","TR","http://www.minikago.com.tr/","COMMUNITY","iptv-org public index, publicly listed free stream (verify broadcaster-official before promote)","iptv-org; categories=kids; quality=720p","medium","652"
"Live TV","Kids","NickOnline (NickOnline)","https://x1co.com.br/hls/stream.m3u8","VIDEO","HLS","m3u8","","true","true","","BR","https://x1co.com.br","COMMUNITY","iptv-org public index, publicly listed free stream (verify broadcaster-official before promote)","iptv-org; categories=kids|animation; quality=360p","medium","653"
"Live TV","Kids","NickToons Brasil (NickToons Brasil)","https://stmv2.srvif.com/nicktoons/nicktoons/playlist.m3u8","VIDEO","HLS","m3u8","","true","true","","BR","https://www.ntoonsbrasil.com.br","COMMUNITY","iptv-org public index, publicly listed free stream (verify broadcaster-official before promote)","iptv-org; categories=kids|animation; quality=480p","medium","654"
"Live TV","Legislative","Canal del Congreso 45.1 (Canal del Congreso 45.1)","https://ccstreaming.packet.mx/WebRTCAppEE/streams/45.1_kd5oiNTTWO0gEOFc431277834.m3u8","VIDEO","HLS","m3u8","","true","true","","MX","https://www.canaldelcongreso.gob.mx/","COMMUNITY","iptv-org public index, publicly listed free stream (verify broadcaster-official before promote)","iptv-org; categories=legislative; quality=","medium","655"
"Live TV","Legislative","Canal Gov (Canal Gov)","https://canalgov-stream.ebc.com.br/index.m3u8","VIDEO","HLS","m3u8","","true","true","","BR","https://agenciagov.ebc.com.br/","COMMUNITY","iptv-org public index, publicly listed free stream (verify broadcaster-official before promote)","iptv-org; categories=legislative; quality=720p","medium","656"
"Live TV","Legislative","Canal Parlamento del Congreso de Jalisco (Canal Parlamento del Congreso de Jalisco)","https://60417ddeaf0d9.streamlock.net/srtc/smil:srtc.smil/playlist.m3u8","VIDEO","HLS","m3u8","","true","true","","MX","https://canalparlamento.congresojal.gob.mx/","COMMUNITY","iptv-org public index, publicly listed free stream (verify broadcaster-official before promote)","iptv-org; categories=legislative; quality=720p","medium","657"
"Live TV","Legislative","Icrtv Colima (ICRTV Colima)","https://5fc584f3f19c9.streamlock.net/icrtvcolima/smil:icrtvcolima.smil/playlist.m3u8","VIDEO","HLS","m3u8","","true","true","","MX","http://www.icrtvcolima.com/","COMMUNITY","iptv-org public index, publicly listed free stream (verify broadcaster-official before promote)","iptv-org; categories=legislative; quality=1080p","medium",""
"Live TV","Legislative","Justicia TV (Justicia TV)","https://live-scjn.ovp-vivaro.digital/ovp-origin/638a22b47746d/playlist.m3u8","VIDEO","HLS","m3u8","","true","true","","MX","https://justiciatv.mx/","COMMUNITY","iptv-org public index, publicly listed free stream (verify broadcaster-official before promote)","iptv-org; categories=legislative; quality=720p","medium",""
"Live TV","Legislative","KTV (Korea TV)","https://hlive.ktv.go.kr/live/klive_h.stream/playlist.m3u8","VIDEO","HLS","m3u8","","true","true","","KR","https://www.ktv.go.kr/","COMMUNITY","iptv-org public index, publicly listed free stream (verify broadcaster-official before promote)","iptv-org; categories=legislative|news; quality=1080p","medium","658"
"Live TV","Legislative","MBG TV (MBG TV)","https://stream.convergen.co/mbg_stream/smil:mbStream.smil/playlist.m3u8","VIDEO","HLS","m3u8","","true","true","","ID","https://jupnasgizi.com/","COMMUNITY","iptv-org public index, publicly listed free stream (verify broadcaster-official before promote)","iptv-org; categories=legislative; quality=1080p","medium","659"
"Live TV","Legislative","National Assembly TV (National Assembly TV)","https://github.com/BellezaEmporium/IPTV_Exception/raw/master/channels/kr/natv.m3u8","VIDEO","HLS","m3u8","","true","true","","KR","http://www.assembly.go.kr/","COMMUNITY","iptv-org public index, publicly listed free stream (verify broadcaster-official before promote)","iptv-org; categories=legislative; quality=720p","medium","660"
"Live TV","Legislative","Sansad TV 1 (Sansad TV 1 HD)","https://d2lk5u59tns74c.cloudfront.net/out/v1/fff8f20221d5456e8922e689d71dedc3/index.m3u8","VIDEO","HLS","m3u8","","true","true","","IN","https://sansadtv.nic.in/","COMMUNITY","iptv-org public index, publicly listed free stream (verify broadcaster-official before promote)","iptv-org; categories=legislative; quality=1080p","medium","661"
"Live TV","Lifestyle","Ayush TV (Ayush TV)","https://95eryw39dwn4-hls-live.wmncdn.net/Ayushu/271ddf829afeece44d8732757fba1a66.sdp/index.m3u8","VIDEO","HLS","m3u8","","true","true","","IN","https://www.ayushtv.com/","COMMUNITY","iptv-org public index, publicly listed free stream (verify broadcaster-official before promote)","iptv-org; categories=lifestyle; quality=360p","medium","662"
"Live TV","Lifestyle","Biznet Lifestyle (Biznet Lifestyle)","http://livestream.biznetvideo.net/biznet_lifestyle/smil:lifestyle.smil/index.m3u8","VIDEO","HLS","m3u8","","true","false","","ID","http://www.biznetvideo.net/","COMMUNITY","iptv-org public index, publicly listed free stream (verify broadcaster-official before promote)","iptv-org; categories=lifestyle; quality=1080p","medium","663"
"Live TV","Lifestyle","CBC Sofra (CBC Sofra)","https://flu.systemnet.tv/CBCSofra/index.m3u8","VIDEO","HLS","m3u8","","true","true","","EG","https://sofra.cbc-eg.com/","COMMUNITY","iptv-org public index, publicly listed free stream (verify broadcaster-official before promote)","iptv-org; categories=lifestyle; quality=576p","medium","664"
"Live TV","Lifestyle","CVR Health (CVR Health)","https://cdn-6.pishow.tv/live/395/master.m3u8","VIDEO","HLS","m3u8","","true","true","","IN","http://www.cvrinfo.com/health.html","COMMUNITY","iptv-org public index, publicly listed free stream (verify broadcaster-official before promote)","iptv-org; categories=lifestyle; quality=576p","medium",""
"Live TV","Lifestyle","ETV Life (ETV Life)","https://d2cj1h11htct8o.cloudfront.net/v1/master/9d43eacaed199f8d5883927e7aef514a8a08e108/ETV_LIFE_H264_cloud_in/index.m3u8","VIDEO","HLS","m3u8","","true","true","","IN","http://www.etv.co.in/channels/home?channelId=7","COMMUNITY","iptv-org public index, publicly listed free stream (verify broadcaster-official before promote)","iptv-org; categories=lifestyle; quality=480p","medium","665"
"Live TV","Lifestyle","Fortuna TV (Fortuna TV)","https://edge.taksimbilisim.com/ftvturk/bant1/playlist.m3u8","VIDEO","HLS","m3u8","","true","true","","TR","http://www.fortunatv.com/","COMMUNITY","iptv-org public index, publicly listed free stream (verify broadcaster-official before promote)","iptv-org; categories=lifestyle; quality=1080p","medium","666"
"Live TV","Lifestyle","Kappa TV (Kappa TV)","https://cdn-3.pishow.tv/live/1123/master.m3u8","VIDEO","HLS","m3u8","","true","true","","IN","http://kappatv.co.in/","COMMUNITY","iptv-org public index, publicly listed free stream (verify broadcaster-official before promote)","iptv-org; categories=lifestyle; quality=576p","medium",""
"Live TV","Movie","Aflam (Aflam)","https://shd-amg-fast.edgenextcdn.net/tx001/playlist.m3u8","VIDEO","HLS","m3u8","","true","true","","SA","","COMMUNITY","iptv-org public index, publicly listed free stream (verify broadcaster-official before promote)","iptv-org; categories=movies; quality=1080p","medium",""
"Live TV","Movie","Alankar TV (Alankar TV)","https://livetv.tarangplus.in/alankar-origin/live/playlist.m3u8","VIDEO","HLS","m3u8","","true","true","","IN","https://www.tarangplus.in/all-channels/alankar","COMMUNITY","iptv-org public index, publicly listed free stream (verify broadcaster-official before promote)","iptv-org; categories=movies; quality=720p","medium","667"
"Live TV","Movie","All Time Movies (All Time Movies)","https://mumt03.tangotv.in/Dsly5z3HALLTIMEMOVIES/index.m3u8","VIDEO","HLS","m3u8","","true","true","","IN","","COMMUNITY","iptv-org public index, publicly listed free stream (verify broadcaster-official before promote)","iptv-org; categories=movies; quality=576p","medium",""
"Live TV","Movie","B4U Bhojpuri (B4U Bhojpuri)","https://cdnb4u.wiseplayout.com/B4U_Bhojpuri/master.m3u8","VIDEO","HLS","m3u8","","true","true","","IN","http://b4umovies.in/","COMMUNITY","iptv-org public index, publicly listed free stream (verify broadcaster-official before promote)","iptv-org; categories=movies; quality=1080p","medium","668"
"Live TV","Movie","CINDIE TV (CINDIE TV)","https://cc-hqw8u5r1nshjc.akamaized.net/scheduler/scheduleMaster/352.m3u8","VIDEO","HLS","m3u8","","true","true","","BR","https://www.cindie.com/","COMMUNITY","iptv-org public index, publicly listed free stream (verify broadcaster-official before promote)","iptv-org; categories=movies; quality=1080p","medium","669"
"Live TV","Movie","Classique TV (Classique TV)","https://stmv1.srvif.com/classique/classique/playlist.m3u8","VIDEO","HLS","m3u8","","true","true","","BR","","COMMUNITY","iptv-org public index, publicly listed free stream (verify broadcaster-official before promote)","iptv-org; categories=movies; quality=360p","medium",""
"Live TV","Movie","De Pelicula Latin America (De Pelicula Latin America)","http://181.119.93.83:8000/play/a1jw/index.m3u8","VIDEO","HLS","m3u8","","true","false","","MX","http://televisa-networks.ioncom.mx/portfolio/de-pelicula/","COMMUNITY","iptv-org public index, publicly listed free stream (verify broadcaster-official before promote)","iptv-org; categories=movies; quality=","medium",""
"Live TV","Movie","ETV Cinema (ETV Cinema HD)","https://d27zlkxhgwrfgo.cloudfront.net/v1/master/9d43eacaed199f8d5883927e7aef514a8a08e108/ETV_CINEMA_H264_cloud_in/index.m3u8","VIDEO","HLS","m3u8","","true","true","","IN","http://www.etv.co.in/channels/home?channelId=8","COMMUNITY","iptv-org public index, publicly listed free stream (verify broadcaster-official before promote)","iptv-org; categories=movies; quality=1080p","medium","670"
"Live TV","Movie","GEM Pixel (GEM Pixel)","https://glserver1.tamashaland.com/live/aBCH96886YznRbGOiqTnnQ__/stream_0.m3u8","VIDEO","HLS","m3u8","","true","true","","TR","https://www.gemgroup.tv/","COMMUNITY","iptv-org public index, publicly listed free stream (verify broadcaster-official before promote)","iptv-org; categories=movies; quality=","medium",""
"Live TV","Movie","Goldmines (Goldmines)","https://cdn-2.pishow.tv/live/1459/master.m3u8","VIDEO","HLS","m3u8","","true","true","","IN","","COMMUNITY","iptv-org public index, publicly listed free stream (verify broadcaster-official before promote)","iptv-org; categories=movies; quality=576p","medium",""
"Live TV","Movie","Goldmines 2 (Goldmines 2)","https://cdn-2.pishow.tv/live/1460/master.m3u8","VIDEO","HLS","m3u8","","true","true","","IN","https://goldmines.co.in","COMMUNITY","iptv-org public index, publicly listed free stream (verify broadcaster-official before promote)","iptv-org; categories=movies; quality=576p","medium",""
"Live TV","Movie","Grand Cinema (Grand Cinema)","https://gcinemahls.wns.live/hls/stream.m3u8","VIDEO","HLS","m3u8","","true","true","","TR","https://grandcinema.wns.live/","COMMUNITY","iptv-org public index, publicly listed free stream (verify broadcaster-official before promote)","iptv-org; categories=movies; quality=","medium",""
"Live TV","Movie","Indywood TV (Indywood TV)","https://43wrzjnpqoxe-hls-live.wmncdn.net/indywood/indywoodtv/index.m3u8","VIDEO","HLS","m3u8","","true","true","","IN","https://indywood.co.in/","COMMUNITY","iptv-org public index, publicly listed free stream (verify broadcaster-official before promote)","iptv-org; categories=movies|news; quality=720p","medium",""
"Live TV","Movie","Itage TV (Itage TV)","https://viewmedia7219.bozztv.com/wmedia/viewmedia100/web_011/Stream/playlist.m3u8","VIDEO","HLS","m3u8","","true","true","","NG","http://itagetv.com/","COMMUNITY","iptv-org public index, publicly listed free stream (verify broadcaster-official before promote)","iptv-org; categories=movies; quality=480p","medium","671"
"Live TV","Movie","Kairali We (Kairali We)","https://cdn-3.pishow.tv/live/1530/master.m3u8","VIDEO","HLS","m3u8","","true","true","","IN","http://www.wetv.in/","COMMUNITY","iptv-org public index, publicly listed free stream (verify broadcaster-official before promote)","iptv-org; categories=movies; quality=576p","medium",""
"Live TV","Movie","Maha Movie (Maha Movie)","https://cdn-6.pishow.tv/live/10007/master.m3u8","VIDEO","HLS","m3u8","","true","true","","IN","http://www.mahamovie.in/","COMMUNITY","iptv-org public index, publicly listed free stream (verify broadcaster-official before promote)","iptv-org; categories=movies; quality=576p","medium","672"
"Live TV","Movie","Manoranjan Grand (Manoranjan Grand)","https://cdn-1.pishow.tv/live/1011/master.m3u8","VIDEO","HLS","m3u8","","true","true","","IN","http://www.manoranjantv.com/ManoranjanGrand.aspx","COMMUNITY","iptv-org public index, publicly listed free stream (verify broadcaster-official before promote)","iptv-org; categories=movies; quality=720p","medium","673"
"Live TV","Movie","MBC+ Drama (MBC+ Drama)","https://shd-gcp-live.edgenextcdn.net/live/bitmovin-mbc-plus-drama/e37251ec2aac8f6c98f75cd0fa37cd28/index.m3u8","VIDEO","HLS","m3u8","","true","true","","SA","https://www.mbc.net/channels/mbc-drama-plus","COMMUNITY","iptv-org public index, publicly listed free stream (verify broadcaster-official before promote)","iptv-org; categories=movies; quality=1080p","medium","674"
"Live TV","Movie","Mix Hollywood (Mix Hollywood)","https://ml-pull-hwc.myco.io/MixTV/hls/index.m3u8","VIDEO","HLS","m3u8","","true","true","","EG","","COMMUNITY","iptv-org public index, publicly listed free stream (verify broadcaster-official before promote)","iptv-org; categories=movies; quality=1080p","medium",""
"Live TV","Movie","Movies Action (Movies Action)","https://shd-amg-fast.edgenextcdn.net/tx011/playlist.m3u8","VIDEO","HLS","m3u8","","true","true","","SA","","COMMUNITY","iptv-org public index, publicly listed free stream (verify broadcaster-official before promote)","iptv-org; categories=movies; quality=1080p","medium",""
"Live TV","Movie","Movies Thriller (Movies Thriller)","https://shd-amg-fast.edgenextcdn.net/tx012/playlist.m3u8","VIDEO","HLS","m3u8","","true","true","","SA","","COMMUNITY","iptv-org public index, publicly listed free stream (verify broadcaster-official before promote)","iptv-org; categories=movies; quality=1080p","medium",""
"Live TV","Movie","MyTime Movie Network (MyTime Movie Network Brazil)","https://appletree-mytime-samsungbrazil.amagi.tv/playlist.m3u8","VIDEO","HLS","m3u8","","true","true","","BR","https://mytimemovienetwork.com/","COMMUNITY","iptv-org public index, publicly listed free stream (verify broadcaster-official before promote)","iptv-org; categories=movies; quality=720p","medium","675"
"Live TV","Movie","MyTime Movie Network (MyTime Movie Network Mexico)","https://appletree-mytime-samsungmexico.amagi.tv/playlist.m3u8","VIDEO","HLS","m3u8","","true","true","","MX","https://mytimemovienetwork.com/","COMMUNITY","iptv-org public index, publicly listed free stream (verify broadcaster-official before promote)","iptv-org; categories=movies; quality=720p","medium","676"
"Live TV","Movie","Oscar Movies Bhojpuri (Oscar Movies Bhojpuri)","https://cdn-4.pishow.tv/live/233/master.m3u8","VIDEO","HLS","m3u8","","true","true","","IN","http://www.oscarmoviesbhojpuri.tv/","COMMUNITY","iptv-org public index, publicly listed free stream (verify broadcaster-official before promote)","iptv-org; categories=movies; quality=720p","medium",""
"Live TV","Movie","Pitaara (Pitaara)","https://vg-pitaaratvlive.akamaized.net/v1/master/611d79b11b77e2f571934fd80ca1413453772ac7/vglive-sk-583798/playlist.m3u8","VIDEO","HLS","m3u8","","true","true","","IN","","COMMUNITY","iptv-org public index, publicly listed free stream (verify broadcaster-official before promote)","iptv-org; categories=movies; quality=720p","medium",""
"Live TV","Movie","Public Movies (Public Movies)","https://mumt04.tangotv.in/m18aqlK4PUBLICMOVIES/index.m3u8","VIDEO","HLS","m3u8","","true","true","","IN","","COMMUNITY","iptv-org public index, publicly listed free stream (verify broadcaster-official before promote)","iptv-org; categories=movies; quality=576p","medium",""
"Live TV","Movie","Raj Digital Plus (Raj Digital Plus)","https://livestream.rajtv.tv/hlslive/Admin/px08241087/live/RajTV_Digital_plus/master_1.m3u8","VIDEO","HLS","m3u8","","true","true","","IN","http://www.rajtvnet.in/","COMMUNITY","iptv-org public index, publicly listed free stream (verify broadcaster-official before promote)","iptv-org; categories=movies; quality=1080p","medium","677"
"Live TV","Movie","Roja Movies (Roja Movies)","https://stream.rojatv.cloud/rojatv/rojatv/index.m3u8","VIDEO","HLS","m3u8","","true","true","","IN","https://rojatv.godaddysites.com","COMMUNITY","iptv-org public index, publicly listed free stream (verify broadcaster-official before promote)","iptv-org; categories=movies; quality=1080p","medium","678"
"Live TV","Movie","Romedy Now (Romedy Now)","http://103.157.248.140:8000/play/a015/index.m3u8","VIDEO","HLS","m3u8","","true","false","","IN","http://www.romedynow.com/","COMMUNITY","iptv-org public index, publicly listed free stream (verify broadcaster-official before promote)","iptv-org; categories=movies; quality=576p","medium","679"
"Live TV","Movie","Shubh Cinema TV (Shubh Cinema TV)","https://d393sxaxig6bax.cloudfront.net/out/v1/589cf2cf44bf42bb941e817a2240d62e/index.m3u8","VIDEO","HLS","m3u8","","true","true","","IN","https://app.sanskargroup.in/","COMMUNITY","iptv-org public index, publicly listed free stream (verify broadcaster-official before promote)","iptv-org; categories=movies; quality=720p","medium",""
"Live TV","Movie","South Station (South Station)","https://cc-yw7ztecy8do3q.akamaized.net/v1/master/3722c60a815c199d9c0ef36c5b73da68a62b09d1/cc-yw7ztecy8do3q/SS_IN.m3u8","VIDEO","HLS","m3u8","","true","true","","IN","","COMMUNITY","iptv-org public index, publicly listed free stream (verify broadcaster-official before promote)","iptv-org; categories=movies; quality=1080p","medium",""
"Live TV","Movie","Star Gold 2 (Star Gold 2)","http://103.253.18.58:8000/play/a00r","VIDEO","ICECAST","","","true","false","","IN","https://hotstar.com/","COMMUNITY","iptv-org public index, publicly listed free stream (verify broadcaster-official before promote)","iptv-org; categories=movies; quality=576p","medium",""
"Live TV","Movie","Star Gold Romance (Star Gold Romance)","http://103.253.18.58:8000/play/a017","VIDEO","ICECAST","","","true","false","","IN","https://hotstar.com/","COMMUNITY","iptv-org public index, publicly listed free stream (verify broadcaster-official before promote)","iptv-org; categories=movies; quality=576p","medium",""
"Live TV","Movie","Star Gold Select (Star Gold Select HD)","http://103.253.18.58:8000/play/a02u","VIDEO","ICECAST","","","true","false","","IN","https://hotstar.com/","COMMUNITY","iptv-org public index, publicly listed free stream (verify broadcaster-official before promote)","iptv-org; categories=movies; quality=1080p","medium",""
"Live TV","Movie","Star Gold Thrills (Star Gold Thrills)","http://103.253.18.58:8000/play/a00o","VIDEO","ICECAST","","","true","false","","IN","https://hotstar.com/","COMMUNITY","iptv-org public index, publicly listed free stream (verify broadcaster-official before promote)","iptv-org; categories=movies; quality=576p","medium",""
"Live TV","Movie","Studio One + (Studio One +)","https://cdn-1.pishow.tv/live/276/master.m3u8","VIDEO","HLS","m3u8","","true","true","","IN","","COMMUNITY","iptv-org public index, publicly listed free stream (verify broadcaster-official before promote)","iptv-org; categories=movies; quality=720p","medium",""
"Live TV","Movie","Suriyan TV (Suriyan TV)","https://stream.sscloud7.com/live/suriyantv/index.m3u8","VIDEO","HLS","m3u8","","true","true","","IN","","COMMUNITY","iptv-org public index, publicly listed free stream (verify broadcaster-official before promote)","iptv-org; categories=movies; quality=576p","medium",""
"Live TV","News","10 TV (10 TV)","https://mumbai-edge.smartplaytv.in/10TV/index.m3u8","VIDEO","HLS","m3u8","","true","true","","IN","https://www.10tv.in/","COMMUNITY","iptv-org public index, publicly listed free stream (verify broadcaster-official before promote)","iptv-org; categories=news; quality=720p","medium","680"
"Live TV","News","13 Siam Thai (13 Siam Thai)","https://live.x2.co.th/live/13livetv-th.m3u8","VIDEO","HLS","m3u8","","true","true","","TH","https://www.13livetv.com/","COMMUNITY","iptv-org public index, publicly listed free stream (verify broadcaster-official before promote)","iptv-org; categories=news; quality=1080p","medium","681"
"Live TV","News","22Scope News (22Scope News)","https://thelegitpro.in/HDlive/22scope/index.fmp4.m3u8","VIDEO","HLS","m3u8","","true","true","","IN","https://22scope.com/","COMMUNITY","iptv-org public index, publicly listed free stream (verify broadcaster-official before promote)","iptv-org; categories=news; quality=1080p","medium","682"
"Live TV","News","24 News (24 News)","https://mumt07.tangotv.in/zHjX9OFlTWENTYFOURNEWS/index.m3u8","VIDEO","HLS","m3u8","","true","true","","IN","https://www.twentyfournews.com/","COMMUNITY","iptv-org public index, publicly listed free stream (verify broadcaster-official before promote)","iptv-org; categories=news; quality=576p","medium","683"
"Live TV","News","24 TV (TR24 TV)","https://tv.ensonhaber.com/tv24/tv24.m3u8","VIDEO","HLS","m3u8","","true","true","","TR","https://www.yirmidort.tv/","COMMUNITY","iptv-org public index, publicly listed free stream (verify broadcaster-official before promote)","iptv-org; categories=news; quality=720p","medium","684"
"Live TV","News","24/7 Canal de Noticias (24/7 Canal de Noticias)","https://panel.host-live.com:19360/cn247tv/cn247tv.m3u8","VIDEO","HLS","m3u8","","true","true","","AR","https://cn247.tv/","COMMUNITY","iptv-org public index, publicly listed free stream (verify broadcaster-official before promote)","iptv-org; categories=news; quality=","medium","685"
"Live TV","News","360 (360 TV)","https://turkmedya-live.ercdn.net/tv360/tv360.m3u8","VIDEO","HLS","m3u8","","true","true","","TR","https://www.tv360.com.tr/","COMMUNITY","iptv-org public index, publicly listed free stream (verify broadcaster-official before promote)","iptv-org; categories=news; quality=720p","medium","686"
"Live TV","News","4TV News (4TV News)","https://cdn-4.pishow.tv/live/1007/master.m3u8","VIDEO","HLS","m3u8","","true","true","","IN","http://www.4tvhyd.com/","COMMUNITY","iptv-org public index, publicly listed free stream (verify broadcaster-official before promote)","iptv-org; categories=news; quality=576p","medium",""
"Live TV","News","6 TV Telugu (6 TV Telugu)","https://cdn-1.pishow.tv/live/232/master.m3u8","VIDEO","HLS","m3u8","","true","true","","IN","http://6tvtelugu.com/","COMMUNITY","iptv-org public index, publicly listed free stream (verify broadcaster-official before promote)","iptv-org; categories=news; quality=576p","medium",""
"Live TV","News","99TV (99TV)","https://cdn-1.pishow.tv/live/1211/master.m3u8","VIDEO","HLS","m3u8","","true","true","","IN","","COMMUNITY","iptv-org public index, publicly listed free stream (verify broadcaster-official before promote)","iptv-org; categories=news; quality=720p","medium",""
"Live TV","News","A Haber (A Haber)","https://rnttwmjcin.turknet.ercdn.net/lcpmvefbyo/ahaber/ahaber.m3u8","VIDEO","HLS","m3u8","","true","true","","TR","http://www.ahaber.com.tr/","COMMUNITY","iptv-org public index, publicly listed free stream (verify broadcaster-official before promote)","iptv-org; categories=news; quality=1080p","medium","687"
"Live TV","News","Aaj Tak (Aaj Tak HD)","https://feeds.intoday.in/aajtak/api/aajtakhd/master.m3u8","VIDEO","HLS","m3u8","","true","true","","IN","https://www.aajtak.in/livetv","COMMUNITY","iptv-org public index, publicly listed free stream (verify broadcaster-official before promote)","iptv-org; categories=news; quality=1080p","medium","688"
"Live TV","News","ABN Andhra Jyoti (ABN Andhra Jyoti)","https://mumbai-edge.smartplaytv.in/ABNAJ/index.m3u8","VIDEO","HLS","m3u8","","true","true","","IN","https://www.andhrajyothy.com/","COMMUNITY","iptv-org public index, publicly listed free stream (verify broadcaster-official before promote)","iptv-org; categories=news; quality=720p","medium","689"
"Live TV","News","ABP Ananda (ABP Ananda)","https://d2l4ar6y3mrs4k.cloudfront.net/live-streaming/ananda-livetv/master.m3u8","VIDEO","HLS","m3u8","","true","true","","IN","https://bengali.abplive.com/","COMMUNITY","iptv-org public index, publicly listed free stream (verify broadcaster-official before promote)","iptv-org; categories=news; quality=1080p","medium","690"
"Live TV","News","ABP Asmita (ABP Asmita)","https://d2l4ar6y3mrs4k.cloudfront.net/live-streaming/asmita-livetv/master.m3u8","VIDEO","HLS","m3u8","","true","true","","IN","https://gujarati.abplive.com/","COMMUNITY","iptv-org public index, publicly listed free stream (verify broadcaster-official before promote)","iptv-org; categories=news; quality=1080p","medium","691"
"Live TV","News","ABP Ganga (ABP Ganga)","https://d2l4ar6y3mrs4k.cloudfront.net/live-streaming/ganga-livetv/master.m3u8","VIDEO","HLS","m3u8","","true","true","","IN","https://www.abpganga.com/","COMMUNITY","iptv-org public index, publicly listed free stream (verify broadcaster-official before promote)","iptv-org; categories=news; quality=1080p","medium","692"
"Live TV","News","ABP Majha (ABP Majha)","https://yupprestreamliveus.akamaized.net/vglive-sk-355289/majha/master.m3u8","VIDEO","HLS","m3u8","","true","true","","IN","https://marathi.abplive.com/","COMMUNITY","iptv-org public index, publicly listed free stream (verify broadcaster-official before promote)","iptv-org; categories=news; quality=360p","medium","693"
"Live TV","News","ABP News (ABP News)","https://d1rc86nwwc9fag.cloudfront.net/vglive-sk-472500/abpnews/master.m3u8","VIDEO","HLS","m3u8","","true","true","","IN","https://www.abplive.com/","COMMUNITY","iptv-org public index, publicly listed free stream (verify broadcaster-official before promote)","iptv-org; categories=news; quality=1080p","medium","694"
"Live TV","News","ADN 40 (ADN 40)","https://mdstrm.com/live-stream-playlist/60b578b060947317de7b57ac.m3u8","VIDEO","HLS","m3u8","","true","true","","MX","https://www.adn40.mx/","COMMUNITY","iptv-org public index, publicly listed free stream (verify broadcaster-official before promote)","iptv-org; categories=news; quality=720p","medium","695"
"Live TV","News","Advocate Broadcasting Network (Advocate Broadcasting Network)","https://viewmedia7219.bozztv.com/wmedia/viewmedia100/web_045/Stream/playlist.m3u8","VIDEO","HLS","m3u8","","true","true","","NG","https://www.abn.ng/","COMMUNITY","iptv-org public index, publicly listed free stream (verify broadcaster-official before promote)","iptv-org; categories=news; quality=576p","medium",""
"Live TV","News","AKD Calcutta News (AKD Calcutta News)","https://live.legitpro.co.in/cnnnews/index.m3u8","VIDEO","HLS","m3u8","","true","true","","IN","https://calcuttanews.tv/","COMMUNITY","iptv-org public index, publicly listed free stream (verify broadcaster-official before promote)","iptv-org; categories=news; quality=1080p","medium",""
"Live TV","News","Al Ghad TV (Al Ghad TV)","https://eazyvwqssi.erbvr.com/alghadtv/alghadtv.m3u8","VIDEO","HLS","m3u8","","true","true","","EG","https://www.alghad.tv/","COMMUNITY","iptv-org public index, publicly listed free stream (verify broadcaster-official before promote)","iptv-org; categories=news; quality=1080p","medium","696"
"Live TV","News","Al Hadath (Al Arabiya Al Hadath)","https://av.alarabiya.net/alarabiapublish/alhadath.smil/playlist.m3u8","VIDEO","HLS","m3u8","","true","true","","SA","https://www.alhadath.net/","COMMUNITY","iptv-org public index, publicly listed free stream (verify broadcaster-official before promote)","iptv-org; categories=news; quality=1080p","medium","697"
"Live TV","News","Almahriah TV (Almahriah TV)","https://starmenajo.com/hls/almahriah/index.m3u8","VIDEO","HLS","m3u8","","true","true","","TR","https://almahriah.net/","COMMUNITY","iptv-org public index, publicly listed free stream (verify broadcaster-official before promote)","iptv-org; categories=news; quality=576p","medium","698"
"Live TV","News","AmarUjala (AmarUjala)","https://amarujala.ottlive.co.in/amarujala/index.m3u8","VIDEO","HLS","m3u8","","true","true","","IN","https://www.amarujala.com/","COMMUNITY","iptv-org public index, publicly listed free stream (verify broadcaster-official before promote)","iptv-org; categories=news; quality=1080p","medium","699"
"Live TV","News","AMX Noticias (AMX Noticias)","https://5e50264bd6766.streamlock.net/mexiquense2/videomexiquense2/playlist.m3u8","VIDEO","HLS","m3u8","","true","true","","MX","https://radioytvmexiquense.mx/index.php/noticias/","COMMUNITY","iptv-org public index, publicly listed free stream (verify broadcaster-official before promote)","iptv-org; categories=news; quality=720p","medium",""
"Live TV","News","Ananda Barta (Ananda Barta)","https://account19.livebox.co.in/Anandabarta2hls/live.m3u8","VIDEO","HLS","m3u8","","true","true","","IN","https://anandabarta.in/","COMMUNITY","iptv-org public index, publicly listed free stream (verify broadcaster-official before promote)","iptv-org; categories=news; quality=720p","medium","700"
"Live TV","News","ANB News (ANB News)","https://server.livelegitpro.in:9899/anbnews/anbnews/index.m3u8","VIDEO","HLS","m3u8","","true","true","","IN","https://anbnews.in/Index.aspx","COMMUNITY","iptv-org public index, publicly listed free stream (verify broadcaster-official before promote)","iptv-org; categories=news; quality=720p","medium",""
"Live TV","News","Aratu On (Aratu On)","https://cdn.live.br1.jmvstream.com/w/LVW-9359/LVW9359_XSyReL0QVf/playlist.m3u8","VIDEO","HLS","m3u8","","true","true","","BR","https://aratuon.com.br/aovivo/aratuon","COMMUNITY","iptv-org public index, publicly listed free stream (verify broadcaster-official before promote)","iptv-org; categories=news; quality=","medium","701"
"Live TV","News","Arirang TV (Arirang TV HD)","https://dash3.antik.sk/live/test_arirang/playlist.m3u8","VIDEO","HLS","m3u8","","true","true","","KR","https://www.arirang.com/","COMMUNITY","iptv-org public index, publicly listed free stream (verify broadcaster-official before promote)","iptv-org; categories=news|general; quality=","medium","702"
"Live TV","News","AS TV (Bursa AS TV)","https://live.artidijitalmedya.com/artidijital_astv/astv/playlist.m3u8","VIDEO","HLS","m3u8","","true","true","","TR","https://astv.com.tr/","COMMUNITY","iptv-org public index, publicly listed free stream (verify broadcaster-official before promote)","iptv-org; categories=news; quality=900p","medium","703"
"Live TV","News","Asianet Suvarna News (Asianet Suvarna News)","https://asianetnews.vgcdn.net/vglive-sk-335835/playlist.m3u8","VIDEO","HLS","m3u8","","true","true","","IN","https://kannada.asianetnews.com/","COMMUNITY","iptv-org public index, publicly listed free stream (verify broadcaster-official before promote)","iptv-org; categories=news; quality=1080p","medium","704"
"Live TV","News","Awaaz India TV (Awaaz India TV)","https://awaazindia.livebox.co.in/AwaazIndaTVhls/Live.m3u8","VIDEO","HLS","m3u8","","true","true","","IN","https://awaazindiatv.com/","COMMUNITY","iptv-org public index, publicly listed free stream (verify broadcaster-official before promote)","iptv-org; categories=news; quality=720p","medium","705"
"Live TV","News","BandNews (BandNews)","https://cdn-5.nxplay.com.br/BAND_NEWS/index.m3u8","VIDEO","HLS","m3u8","","true","true","","BR","https://bandnewstv.band.uol.com.br/","COMMUNITY","iptv-org public index, publicly listed free stream (verify broadcaster-official before promote)","iptv-org; categories=news; quality=1080p","medium","706"
"Live TV","News","Bansal News (Bansal News)","https://8yzmq2gbdvax-hls-live.wmncdn.net/bansalnewstv1/live1.stream/playlist.m3u8","VIDEO","HLS","m3u8","","true","true","","IN","https://bansalnews.com/","COMMUNITY","iptv-org public index, publicly listed free stream (verify broadcaster-official before promote)","iptv-org; categories=news; quality=720p","medium",""
"Live TV","News","Bharat Express (Bharat Express)","https://stream1.livebox.co.in/VCAREhls/live.m3u8","VIDEO","HLS","m3u8","","true","true","","IN","https://bharatexpress.com/live-tv","COMMUNITY","iptv-org public index, publicly listed free stream (verify broadcaster-official before promote)","iptv-org; categories=news; quality=480p","medium","707"
"Live TV","News","Bharat Samachar (Bharat Samachar)","https://idvd.multitvsolution.com/idvo/bharatsamachar.m3u8","VIDEO","HLS","m3u8","","true","true","","IN","https://www.bharatsamachartv.in/","COMMUNITY","iptv-org public index, publicly listed free stream (verify broadcaster-official before promote)","iptv-org; categories=news; quality=480p","medium","708"
"Live TV","News","BIG TV (BIG TV)","https://cdn-1.pishow.tv/live/1059/master.m3u8","VIDEO","HLS","m3u8","","true","true","","IN","https://www.bigtvlive.com/","COMMUNITY","iptv-org public index, publicly listed free stream (verify broadcaster-official before promote)","iptv-org; categories=news; quality=720p","medium","709"
"Live TV","News","Big TV 24x7 (Big TV 24x7)","https://d2gvyg6lvauoko.cloudfront.net/230226/bigtvmalyalam/chunks.m3u8","VIDEO","HLS","m3u8","","true","true","","IN","","COMMUNITY","iptv-org public index, publicly listed free stream (verify broadcaster-official before promote)","iptv-org; categories=news; quality=576i","medium",""
"Live TV","News","BR8 TV (BR8 TV)","https://cdn.live.br1.jmvstream.com/w/LVW-11668/ngrp:LVW11668_wiJpjbMrks_all/playlist.m3u8","VIDEO","HLS","m3u8","","true","true","","BR","https://br8news.com.br/","COMMUNITY","iptv-org public index, publicly listed free stream (verify broadcaster-official before promote)","iptv-org; categories=news; quality=","medium","710"
"Live TV","News","BRK News (BRK News)","https://cdn-1.pishow.tv/live/1037/master.m3u8","VIDEO","HLS","m3u8","","true","true","","IN","","COMMUNITY","iptv-org public index, publicly listed free stream (verify broadcaster-official before promote)","iptv-org; categories=news; quality=576p","medium",""
"Live TV","News","BT TV (BT TV)","https://feeds.intoday.in/bttv/itgd.m3u8","VIDEO","HLS","m3u8","","true","true","","IN","https://www.businesstoday.in/bt-tv","COMMUNITY","iptv-org public index, publicly listed free stream (verify broadcaster-official before promote)","iptv-org; categories=news|business; quality=720p","medium","711"
"Live TV","News","Canal 26 (Canal 26)","https://stream-gtlc.telecentro.net.ar/hls/canal26hls/main.m3u8","VIDEO","HLS","m3u8","","true","true","","AR","https://www.diario26.com/","COMMUNITY","iptv-org public index, publicly listed free stream (verify broadcaster-official before promote)","iptv-org; categories=news; quality=1080p","medium","712"
"Live TV","News","Canal 38 (Canal 38)","https://cdn.jmvstream.com/w/LVW-8503/LVW8503_d0V5oduFlK/playlist.m3u8","VIDEO","HLS","m3u8","","true","true","","BR","https://www.canal38.com.br/","COMMUNITY","iptv-org public index, publicly listed free stream (verify broadcaster-official before promote)","iptv-org; categories=news; quality=720p","medium","713"
"Live TV","News","Canal TDC (Canal TDC)","https://tdcserver.com:19360/tdconlione-2/tdconlione-2.m3u8","VIDEO","HLS","m3u8","","true","true","","AR","https://tdconline.com.ar/","COMMUNITY","iptv-org public index, publicly listed free stream (verify broadcaster-official before promote)","iptv-org; categories=news; quality=","medium","714"
"Live TV","News","Chardikla Gurbaani TV (Chardikla Gurbaani TV)","https://chardikalatimestv.gigabitcdn.net/in-chardikala/chardikala-gurbani-tv/playlist.m3u8","VIDEO","HLS","m3u8","","true","true","","IN","https://timetv.news/live-tv/","COMMUNITY","iptv-org public index, publicly listed free stream (verify broadcaster-official before promote)","iptv-org; categories=news; quality=1080p","medium","715"
"Live TV","News","Chardikla Time TV (Chardikla Time TV)","https://chardikalagurbanitv.gigabitcdn.net/in-chardikala/chardikala-timetv/playlist.m3u8","VIDEO","HLS","m3u8","","true","true","","IN","https://timetv.news/live-tv/","COMMUNITY","iptv-org public index, publicly listed free stream (verify broadcaster-official before promote)","iptv-org; categories=news; quality=1080p","medium","716"
"Live TV","News","Chardikla Time TV North America (Chardikla Time TV North America)","https://chardikalanorthamerica.gigabitcdn.net/in-chardikala/chardikala-north-usa/playlist.m3u8","VIDEO","HLS","m3u8","","true","true","","IN","https://timetv.news/live-tv/","COMMUNITY","iptv-org public index, publicly listed free stream (verify broadcaster-official before promote)","iptv-org; categories=news; quality=1080p","medium","717"
"Live TV","News","Cnews Bharat (Cnews Bharat)","https://legitpro.co.in/cnews/cnews/index.fmp4.m3u8","VIDEO","HLS","m3u8","","true","true","","IN","https://cnewsbharat.com/hindi/live","COMMUNITY","iptv-org public index, publicly listed free stream (verify broadcaster-official before promote)","iptv-org; categories=news; quality=720p","medium","718"
"Live TV","News","CTVN AKD Plus (CTVN AKD Plus)","https://live.legitpro.co.in/ctvnakdplus/index.m3u8","VIDEO","HLS","m3u8","","true","true","","IN","https://ctvn.co.in/","COMMUNITY","iptv-org public index, publicly listed free stream (verify broadcaster-official before promote)","iptv-org; categories=news; quality=1080p","medium",""
"Live TV","News","CVR English (CVR English)","https://cdn-2.pishow.tv/live/425/master.m3u8","VIDEO","HLS","m3u8","","true","true","","IN","http://www.cvrinfo.com/englishnews.html","COMMUNITY","iptv-org public index, publicly listed free stream (verify broadcaster-official before promote)","iptv-org; categories=news; quality=720p","medium",""
"Live TV","News","DD Mizoram (DD Mizoram)","https://d2lk5u59tns74c.cloudfront.net/out/v1/eea48c6b61074052a2fa8532ff795ff1/index.m3u8","VIDEO","HLS","m3u8","","true","true","","IN","","COMMUNITY","iptv-org public index, publicly listed free stream (verify broadcaster-official before promote)","iptv-org; categories=news|culture; quality=504p","medium",""
"Live TV","News","DD News (DD News HD)","https://d3qs3d2rkhfqrt.cloudfront.net/out/v1/0811cd8c37ca4c409d5385a6cd2fa18b/index.m3u8","VIDEO","HLS","m3u8","","true","true","","IN","https://ddnews.gov.in/","COMMUNITY","iptv-org public index, publicly listed free stream (verify broadcaster-official before promote)","iptv-org; categories=news; quality=1080p","medium","719"
"Live TV","News","DHA (DHA)","https://603c568fccdf5.streamlock.net/live/dhaweb1_C5efC/playlist.m3u8","VIDEO","HLS","m3u8","","true","true","","TR","https://www.dha.com.tr/","COMMUNITY","iptv-org public index, publicly listed free stream (verify broadcaster-official before promote)","iptv-org; categories=news; quality=720p","medium","720"
"Live TV","News","Di TV (Di TV)","https://cdn0-03837-liveedge0.dna.ip-only.net/03837-liveedge0/smil:03837-tx4/playlist.m3u8","VIDEO","HLS","m3u8","","true","true","","SE","https://www.di.se/ditv/","COMMUNITY","iptv-org public index, publicly listed free stream (verify broadcaster-official before promote)","iptv-org; categories=news; quality=1080p","medium","721"
"Live TV","News","Dim TV (DİM TV)","https://live.artidijitalmedya.com/artidijital_dimtv/dimtv/playlist.m3u8","VIDEO","HLS","m3u8","","true","true","","TR","https://dimtv.tv/","COMMUNITY","iptv-org public index, publicly listed free stream (verify broadcaster-official before promote)","iptv-org; categories=news; quality=720p","medium","722"
"Live TV","News","ETV Andhra Pradesh (ETV Andhra Pradesh)","https://d1g35elx8qnif3.cloudfront.net/v1/master/9d43eacaed199f8d5883927e7aef514a8a08e108/ETV_AP_H264_cloud_in/index.m3u8","VIDEO","HLS","m3u8","","true","true","","IN","http://www.etv.co.in/channels/home?channelId=3","COMMUNITY","iptv-org public index, publicly listed free stream (verify broadcaster-official before promote)","iptv-org; categories=news; quality=1080p","medium","723"
"Live TV","News","ETV News (ETV News)","https://cc-3448kp65yhc5w.akamaized.net/WWBI/Amagi/ETV_News_IN/playlist.m3u8","VIDEO","HLS","m3u8","","true","true","","IN","","COMMUNITY","iptv-org public index, publicly listed free stream (verify broadcaster-official before promote)","iptv-org; categories=news; quality=1080p","medium",""
"Live TV","News","ETV Telangana (ETV Telangana)","https://d37d7pfp7vjqhh.cloudfront.net/v1/master/9d43eacaed199f8d5883927e7aef514a8a08e108/ETV_TS_H264_cloud_in/index.m3u8","VIDEO","HLS","m3u8","","true","true","","IN","http://www.etv.co.in/channels/home?channelId=2","COMMUNITY","iptv-org public index, publicly listed free stream (verify broadcaster-official before promote)","iptv-org; categories=news; quality=1080p","medium","724"
"Live TV","News","Euronews (Euronews)","https://cdn-euronews.akamaized.net/live/eds/euronews-pl/26382/index.m3u8","VIDEO","HLS","m3u8","","true","true","","PL","https://pl.euronews.com/","COMMUNITY","iptv-org public index, publicly listed free stream (verify broadcaster-official before promote)","iptv-org; categories=news; quality=720p","medium","725"
"Live TV","News","Expressen TV (Expressen TV)","https://cdn0-03837-liveedge0.dna.ip-only.net/03837-liveedge0/smil:03837-tx2/playlist.m3u8","VIDEO","HLS","m3u8","","true","true","","SE","","COMMUNITY","iptv-org public index, publicly listed free stream (verify broadcaster-official before promote)","iptv-org; categories=news; quality=1080p","medium",""
"Live TV","News","Finans Turk TV (Finans Turk TV)","https://yayin30.haber100.com/live/finansturk/playlist.m3u8","VIDEO","HLS","m3u8","","true","true","","TR","","COMMUNITY","iptv-org public index, publicly listed free stream (verify broadcaster-official before promote)","iptv-org; categories=news; quality=720p","medium",""
"Live TV","News","First India News (First India News)","https://xlbor37ydvaj-hls-live.wmncdn.net/firstindianewstv1/live.stream/index.m3u8","VIDEO","HLS","m3u8","","true","true","","IN","https://firstindianews.com/","COMMUNITY","iptv-org public index, publicly listed free stream (verify broadcaster-official before promote)","iptv-org; categories=news; quality=360p","medium","726"
"Live TV","News","Global Punjab (Global Punjab)","https://server.livelegitpro.in/globalpunjab/globalpunjab/index.m3u8","VIDEO","HLS","m3u8","","true","true","","IN","","COMMUNITY","iptv-org public index, publicly listed free stream (verify broadcaster-official before promote)","iptv-org; categories=news; quality=1080p","medium",""
"Live TV","News","GloboNews (GloboNews)","http://41.205.70.146/GLOBONEWS/index.m3u8","VIDEO","HLS","m3u8","","true","false","","BR","http://globonews.globo.com/","COMMUNITY","iptv-org public index, publicly listed free stream (verify broadcaster-official before promote)","iptv-org; categories=news; quality=720p","medium","727"
"Live TV","News","Good News Today (Good News Today)","https://aajtaklive.vgcdn.net/v1/master/611d79b11b77e2f571934fd80ca1413453772ac7/3196cced-ce29-4219-9809-f07ccdaa02b9/vglive-sk-848805/master.m3u8","VIDEO","HLS","m3u8","","true","true","","IN","https://www.gnttv.com/livetv","COMMUNITY","iptv-org public index, publicly listed free stream (verify broadcaster-official before promote)","iptv-org; categories=news; quality=720p","medium","728"
"Live TV","News","GS TV (GS TV)","https://cdn-4.pishow.tv/live/1462/master.m3u8","VIDEO","HLS","m3u8","","true","true","","IN","https://www.gstv.in/","COMMUNITY","iptv-org public index, publicly listed free stream (verify broadcaster-official before promote)","iptv-org; categories=news; quality=","medium","729"
"Live TV","News","GTC News (GTC News)","https://vglivessai.akamaized.net/sg/v1/master/611d79b11b77e2f571934fd80ca1413453772ac7/921cca59-daee-4f89-8c38-7ffe8de44f4c/index.m3u8","VIDEO","HLS","m3u8","","true","true","","IN","","COMMUNITY","iptv-org public index, publicly listed free stream (verify broadcaster-official before promote)","iptv-org; categories=news; quality=1080p","medium",""
"Live TV","News","Guarantee News (Guarantee News)","https://guaranteenews.in:8443/live/gnews/index.m3u8","VIDEO","HLS","m3u8","","true","true","","IN","https://www.guaranteenews.com/","COMMUNITY","iptv-org public index, publicly listed free stream (verify broadcaster-official before promote)","iptv-org; categories=news; quality=1080p","medium","730"
"Live TV","News","Gugbang TV (Gugbang TV)","http://mediaworks.dema.mil.kr:1935/live_edge/cudo.sdp/playlist.m3u8","VIDEO","HLS","m3u8","","true","false","","KR","https://www.dema.mil.kr/web/main.do","COMMUNITY","iptv-org public index, publicly listed free stream (verify broadcaster-official before promote)","iptv-org; categories=news; quality=1080p","medium","731"
"Live TV","News","Gulistan News (Gulistan News)","https://live.gulistannews.in/hls/gul.m3u8","VIDEO","HLS","m3u8","","true","true","","IN","https://gulistannewstv.com/","COMMUNITY","iptv-org public index, publicly listed free stream (verify broadcaster-official before promote)","iptv-org; categories=news; quality=720p","medium","732"
"Live TV","News","Guneydogu TV (Guneydogu TV)","https://edge1.socialsmart.tv/gtv/bant1/playlist.m3u8","VIDEO","HLS","m3u8","","true","true","","TR","http://www.guneydogutv.com/","COMMUNITY","iptv-org public index, publicly listed free stream (verify broadcaster-official before promote)","iptv-org; categories=news; quality=720p","medium","733"
"Live TV","News","Haber Global (Haber Global)","https://tv.ensonhaber.com/haberglobal/haberglobal.m3u8","VIDEO","HLS","m3u8","","true","true","","TR","https://www.haberglobal.com.tr/","COMMUNITY","iptv-org public index, publicly listed free stream (verify broadcaster-official before promote)","iptv-org; categories=news; quality=720p","medium","734"
"Live TV","News","Haber61 TV (Haber61 TV)","https://cdn-haber61tv.yayin.com.tr/haber61tv/smil:haber61tv.smil/index.m3u8","VIDEO","HLS","m3u8","","true","true","","TR","","COMMUNITY","iptv-org public index, publicly listed free stream (verify broadcaster-official before promote)","iptv-org; categories=news; quality=720p","medium",""
"Live TV","News","Halk TV (Halk TV)","https://halktv-live.daioncdn.net/halktv/halktv.m3u8","VIDEO","HLS","m3u8","","true","true","","TR","https://halktv.com.tr/","COMMUNITY","iptv-org public index, publicly listed free stream (verify broadcaster-official before promote)","iptv-org; categories=news; quality=1080p","medium","735"
"Live TV","News","High News (High News)","https://highmedia.livebox.co.in/HIGHNEWShls/LIVE.m3u8","VIDEO","HLS","m3u8","","true","true","","IN","https://www.highnewslive.com/","COMMUNITY","iptv-org public index, publicly listed free stream (verify broadcaster-official before promote)","iptv-org; categories=news; quality=480p","medium",""
"Live TV","News","Hindi Khabar (Hindi Khabar)","https://d1msejlow1t3l4.cloudfront.net/fta/hindikhabar/playlist.m3u8","VIDEO","HLS","m3u8","","true","true","","IN","https://hindikhabar.com/","COMMUNITY","iptv-org public index, publicly listed free stream (verify broadcaster-official before promote)","iptv-org; categories=news; quality=396p","medium","736"
"Live TV","News","HMTV (HMTV)","https://cdn-1.pishow.tv/live/280/master.m3u8","VIDEO","HLS","m3u8","","true","true","","IN","https://www.hmtvlive.com/","COMMUNITY","iptv-org public index, publicly listed free stream (verify broadcaster-official before promote)","iptv-org; categories=news; quality=720p","medium","737"
"Live TV","News","HNN 24x7 (HNN 24x7)","https://ott.livelegitpro.in:9899/hnnnews/hnnnews/tracks-v1/index.fmp4.m3u8","VIDEO","HLS","m3u8","","true","true","","IN","https://hnn24x7.com/","COMMUNITY","iptv-org public index, publicly listed free stream (verify broadcaster-official before promote)","iptv-org; categories=news; quality=576p","medium","738"
"Live TV","News","Hornbill TV (Hornbill TV)","https://d1msejlow1t3l4.cloudfront.net/fta/hornbilltv/playlist.m3u8","VIDEO","HLS","m3u8","","true","true","","IN","https://www.hornbilltv.com/","COMMUNITY","iptv-org public index, publicly listed free stream (verify broadcaster-official before promote)","iptv-org; categories=news; quality=396p","medium","739"
"Live TV","News","IBC 24 (IBC 24)","https://cdn-3.pishow.tv/live/220/master.m3u8","VIDEO","HLS","m3u8","","true","true","","IN","https://www.ibc24.in/","COMMUNITY","iptv-org public index, publicly listed free stream (verify broadcaster-official before promote)","iptv-org; categories=news; quality=720p","medium","740"
"Live TV","News","India Ahead (India Ahead)","https://mumt05.tangotv.in/87NeALx2INDIAAHEAD/index.m3u8","VIDEO","HLS","m3u8","","true","true","","IN","","COMMUNITY","iptv-org public index, publicly listed free stream (verify broadcaster-official before promote)","iptv-org; categories=news; quality=576p","medium",""
"Live TV","News","India Daily Live (India Daily Live)","https://indiadaily.ottlive.co.in/indiadailylive/index.m3u8","VIDEO","HLS","m3u8","","true","true","","IN","https://www.theindiadaily.com/","COMMUNITY","iptv-org public index, publicly listed free stream (verify broadcaster-official before promote)","iptv-org; categories=news; quality=1080p","medium","741"
"Live TV","News","India TV (India TV)","https://pl-indiatvnews.akamaized.net/out/v1/db79179b608641ceaa5a4d0dd0dca8da/index.m3u8","VIDEO","HLS","m3u8","","true","true","","IN","https://www.indiatvnews.com/","COMMUNITY","iptv-org public index, publicly listed free stream (verify broadcaster-official before promote)","iptv-org; categories=news; quality=720p","medium","742"
"Live TV","News","India TV Speed News (India TV Speed News)","https://cc-lyf4c0hwzg5dd.akamaized.net/v1/master/3722c60a815c199d9c0ef36c5b73da68a62b09d1/cc-lyf4c0hwzg5dd/v1/vglive-sk-479089/main.m3u8","VIDEO","HLS","m3u8","","true","true","","IN","https://www.indiatvspeednews.com/livetv","COMMUNITY","iptv-org public index, publicly listed free stream (verify broadcaster-official before promote)","iptv-org; categories=news; quality=1080p","medium","743"
"Live TV","News","INews (INews)","https://cdn-1.pishow.tv/live/411/master.m3u8","VIDEO","HLS","m3u8","","true","true","","IN","http://www.inewslive.net/","COMMUNITY","iptv-org public index, publicly listed free stream (verify broadcaster-official before promote)","iptv-org; categories=news; quality=720p","medium","744"
"Live TV","News","INH 24x7 (INH 24x7)","https://d1msejlow1t3l4.cloudfront.net/fta/inh24x7/playlist.m3u8","VIDEO","HLS","m3u8","","true","true","","IN","https://www.inhnews.in/livetv","COMMUNITY","iptv-org public index, publicly listed free stream (verify broadcaster-official before promote)","iptv-org; categories=news; quality=396p","medium","745"
"Live TV","News","Janam TV (Janam TV)","https://yuppmedtaorire.akamaized.net/v1/master/a0d007312bfd99c47f76b77ae26b1ccdaae76cb1/janamtv_nim_https/140622/janamtv/playlist.m3u8","VIDEO","HLS","m3u8","","true","true","","IN","https://janamtv.com/","COMMUNITY","iptv-org public index, publicly listed free stream (verify broadcaster-official before promote)","iptv-org; categories=news; quality=576p","medium","746"
"Live TV","News","Jovem Pan News (Jovem Pan News (JP News))","https://d6yfbj4xxtrod.cloudfront.net/out/v1/7836eb391ec24452b149f3dc6df15bbd/index.m3u8","VIDEO","HLS","m3u8","","true","true","","BR","https://jovempan.com.br/","COMMUNITY","iptv-org public index, publicly listed free stream (verify broadcaster-official before promote)","iptv-org; categories=news; quality=1080p","medium","747"
"Live TV","News","Kairali News (Kairali News)","https://cdn-3.pishow.tv/live/1469/master.m3u8","VIDEO","HLS","m3u8","","true","true","","IN","http://www.kairalinewsonline.com/","COMMUNITY","iptv-org public index, publicly listed free stream (verify broadcaster-official before promote)","iptv-org; categories=news; quality=720p","medium","748"
"Live TV","News","Kalaignar Seithigal (Kalaignar Seithigal)","https://live-cf-kalaignarnews.dailyhunt.in/master.m3u8","VIDEO","HLS","m3u8","","true","true","","IN","https://www.kalaignarseithigal.com/","COMMUNITY","iptv-org public index, publicly listed free stream (verify broadcaster-official before promote)","iptv-org; categories=news; quality=720p","medium","749"
"Live TV","News","Kalinga TV (Kalinga TV)","https://server.thelegitpro.in/kalingatv/kalingatv/index.fmp4.m3u8","VIDEO","HLS","m3u8","","true","true","","IN","https://kalingatv.com/","COMMUNITY","iptv-org public index, publicly listed free stream (verify broadcaster-official before promote)","iptv-org; categories=news; quality=720p","medium","750"
"Live TV","News","Kannur Vision (Kannur Vision)","https://stream.logichost.in/kannurvision/live/playlist.m3u8","VIDEO","HLS","m3u8","","true","true","","IN","https://kannurvisionchannel.com/","COMMUNITY","iptv-org public index, publicly listed free stream (verify broadcaster-official before promote)","iptv-org; categories=news; quality=1080p","medium","751"
"Live TV","News","Kashish News (Kashish News)","https://server.thelegitpro.in/kashishnews/kashishnews/index.m3u8","VIDEO","HLS","m3u8","","true","true","","IN","https://www.kashishnews.com/","COMMUNITY","iptv-org public index, publicly listed free stream (verify broadcaster-official before promote)","iptv-org; categories=news; quality=720p","medium","752"
"Live TV","News","Khabrain Abhi Tak (Khabrain Abhi Tak)","https://d1msejlow1t3l4.cloudfront.net/fta/khabreinabhitak/playlist.m3u8","VIDEO","HLS","m3u8","","true","true","","IN","https://www.khabrainabhitak.com/","COMMUNITY","iptv-org public index, publicly listed free stream (verify broadcaster-official before promote)","iptv-org; categories=news; quality=396p","medium","753"
"Live TV","News","Kolkata TV (Kolkata TV)","https://cdn.ottlive.co.in/kolkatatv/index.m3u8","VIDEO","HLS","m3u8","","true","true","","IN","https://www.kolkatatv.org/","COMMUNITY","iptv-org public index, publicly listed free stream (verify broadcaster-official before promote)","iptv-org; categories=news; quality=1080p","medium","754"
"Live TV","News","Life TV (Life TV)","https://live.artidijitalmedya.com/artidijital_lifetv/lifetv/playlist.m3u8","VIDEO","HLS","m3u8","","true","true","","TR","http://lifetv.com.tr/","COMMUNITY","iptv-org public index, publicly listed free stream (verify broadcaster-official before promote)","iptv-org; categories=news; quality=720p","medium","755"
"Live TV","News","Lingkar TV (Lingkar TV)","https://lingkartv.my.id/hls/lingkartv.m3u8","VIDEO","HLS","m3u8","","true","true","","ID","https://lingkartv.com","COMMUNITY","iptv-org public index, publicly listed free stream (verify broadcaster-official before promote)","iptv-org; categories=news|music|religious; quality=","medium","756"
"Live TV","News","Living India News (Living India News)","https://stream.ottlive.co.in/livingindia/index.m3u8","VIDEO","HLS","m3u8","","true","true","","IN","https://www.livingindianews.co.in/","COMMUNITY","iptv-org public index, publicly listed free stream (verify broadcaster-official before promote)","iptv-org; categories=news; quality=1080p","medium","757"
"Live TV","News","LN24SA (LN24SA)","https://cdnstack.internetmultimediaonline.org/ln24/ln24.stream/playlist.m3u8","VIDEO","HLS","m3u8","","true","true","","ZA","https://ln24sa.com/","COMMUNITY","iptv-org public index, publicly listed free stream (verify broadcaster-official before promote)","iptv-org; categories=news; quality=1080p","medium","758"
"Live TV","News","Madhimugam TV (Madhimugam TV)","https://yuppparoriglin.akamaized.net/181224/smil:mathimugam.smil/playlist.m3u8?hdnts=st=1735898689~exp=1835898688~acl=*~hmac=f5fe24724fe05481e3841f9eb5ab8efdee0a3dd83645ae9dcf45703f525bab7b","VIDEO","HLS","m3u8","","true","true","","IN","https://madhimugam.com/","COMMUNITY","iptv-org public index, publicly listed free stream (verify broadcaster-official before promote)","iptv-org; categories=news; quality=576p","medium","759"
"Live TV","News","Manorama News (Manorama News)","https://mmtvnews1.akamaized.net/v1/master/673630b269b766886555eebfddd4f27f3de3ab50/mmtvNewsCampaign1/index.m3u8","VIDEO","HLS","m3u8","","true","true","","IN","https://www.manoramanews.com","COMMUNITY","iptv-org public index, publicly listed free stream (verify broadcaster-official before promote)","iptv-org; categories=news; quality=1080p","medium","760"
"Live TV","News","Mantavya News (Mantavya News)","https://mumt02.tangotv.in/MANTAVYA24X7NEWS/index.m3u8","VIDEO","HLS","m3u8","","true","true","","IN","https://mantavyanews.com/livetv/","COMMUNITY","iptv-org public index, publicly listed free stream (verify broadcaster-official before promote)","iptv-org; categories=news; quality=576p","medium","761"
"Live TV","News","Mathrubhumi News (Mathrubhumi News)","https://yuppmedtaorire.akamaized.net/v1/master/a0d007312bfd99c47f76b77ae26b1ccdaae76cb1/mathrubhuminews_nim_https/110322/mathrubhuminews/playlist.m3u8","VIDEO","HLS","m3u8","","true","true","","IN","https://tv.mathrubhumi.com/","COMMUNITY","iptv-org public index, publicly listed free stream (verify broadcaster-official before promote)","iptv-org; categories=news; quality=576p","medium","762"
"Live TV","News","Media One (Media One)","https://cdn-3.pishow.tv/live/1481/master.m3u8","VIDEO","HLS","m3u8","","true","true","","IN","https://www.mediaoneonline.com/","COMMUNITY","iptv-org public index, publicly listed free stream (verify broadcaster-official before promote)","iptv-org; categories=news; quality=720p","medium","763"
"Live TV","News","Mekameleen TV (Mekameleen TV)","https://mn-nl.mncdn.com/mekameleen/smil:mekameleentv.smil/playlist.m3u8","VIDEO","HLS","m3u8","","true","true","","TR","https://www.mekameleen.tv/","COMMUNITY","iptv-org public index, publicly listed free stream (verify broadcaster-official before promote)","iptv-org; categories=news; quality=1080p","medium",""
"Live TV","News","Mercurio Noticias (Mercurio Noticias)","https://videostream.shockmedia.com.ar/hls/mercuriotv/mercuriotv.m3u8","VIDEO","HLS","m3u8","","true","true","","AR","https://videostream.shockmedia.com.ar/public/mercuriotv","COMMUNITY","iptv-org public index, publicly listed free stream (verify broadcaster-official before promote)","iptv-org; categories=news; quality=","medium",""
"Live TV","News","Metro TV (Metro TV)","https://edge.medcom.id/live-edge/smil:metro.smil/playlist.m3u8","VIDEO","HLS","m3u8","","true","true","","ID","https://www.metrotvnews.com/","COMMUNITY","iptv-org public index, publicly listed free stream (verify broadcaster-official before promote)","iptv-org; categories=news; quality=","medium","764"
"Live TV","News","Mh 1 News (Mh 1 News)","https://livestream.jswk.online/mhonenews/live/index.m3u8","VIDEO","HLS","m3u8","","true","true","","IN","http://www.mhone.in/mhone-news/","COMMUNITY","iptv-org public index, publicly listed free stream (verify broadcaster-official before promote)","iptv-org; categories=news; quality=360p","medium","765"
"Live TV","News","Milenio Television (Milenio Televisión)","https://mdstrm.com/live-stream-playlist/610178c7db32a4112d994650.m3u8","VIDEO","HLS","m3u8","","true","true","","MX","https://www.milenio.com/mileniotv","COMMUNITY","iptv-org public index, publicly listed free stream (verify broadcaster-official before promote)","iptv-org; categories=news; quality=720p","medium","766"
"Live TV","News","Miracle Channel (Miracle TV)","https://live.miracleonline.org/hls/miracle1.m3u8","VIDEO","HLS","m3u8","","true","true","","SE","https://miracleconnect.org/","COMMUNITY","iptv-org public index, publicly listed free stream (verify broadcaster-official before promote)","iptv-org; categories=news; quality=1080p","medium","767"
"Live TV","News","Nagaland TV (Nagaland TV)","https://cdn-6.pishow.tv/live/10014/master.m3u8","VIDEO","HLS","m3u8","","true","true","","IN","","COMMUNITY","iptv-org public index, publicly listed free stream (verify broadcaster-official before promote)","iptv-org; categories=news; quality=576p","medium",""
"Live TV","News","NDTV 24x7 (NDTV 24x7)","https://raw.githubusercontent.com/amazeyourself/adaptive-streams/refs/heads/main/streams/in/YuppTV/NDTV24x7.m3u8","VIDEO","HLS","m3u8","","true","true","","IN","https://www.ndtv.com/","COMMUNITY","iptv-org public index, publicly listed free stream (verify broadcaster-official before promote)","iptv-org; categories=news; quality=720p","medium","768"
"Live TV","News","NDTV Madhya Pradesh Chhattisgarh (NDTV Madhya Pradesh Chhattisgarh)","https://ndtvregional.akamaized.net/hls/live/2102726-b/ndtvmpcg/master_1.m3u8","VIDEO","HLS","m3u8","","true","true","","IN","https://mpcg.ndtv.in/livetv-ndtvmpcg","COMMUNITY","iptv-org public index, publicly listed free stream (verify broadcaster-official before promote)","iptv-org; categories=news; quality=1080p","medium","769"
"Live TV","News","NDTV Rajasthan (NDTV Rajasthan)","https://ndtvregional.akamaized.net/hls/live/2102726-b/ndtvraj/master_1.m3u8","VIDEO","HLS","m3u8","","true","true","","IN","https://rajasthan.ndtv.in/livetv-ndtvrajasthan","COMMUNITY","iptv-org public index, publicly listed free stream (verify broadcaster-official before promote)","iptv-org; categories=news; quality=1080p","medium","770"
"Live TV","News","News 1 India (News 1 India)","https://d1msejlow1t3l4.cloudfront.net/fta/news1india/playlist.m3u8","VIDEO","HLS","m3u8","","true","true","","IN","https://www.news1india.in/","COMMUNITY","iptv-org public index, publicly listed free stream (verify broadcaster-official before promote)","iptv-org; categories=news; quality=396p","medium","771"
"Live TV","News","News 1st (News 1st)","https://cdn-3.pishow.tv/live/268/master.m3u8","VIDEO","HLS","m3u8","","true","true","","IN","https://newsfirstlive.com/","COMMUNITY","iptv-org public index, publicly listed free stream (verify broadcaster-official before promote)","iptv-org; categories=news; quality=576p","medium",""
"Live TV","News","News 24 (News 24)","https://vidcdn.vidgyor.com/news24-origin/liveabr/playlist.m3u8","VIDEO","HLS","m3u8","","true","true","","IN","https://news24online.com/","COMMUNITY","iptv-org public index, publicly listed free stream (verify broadcaster-official before promote)","iptv-org; categories=news; quality=720p","medium","772"
"Live TV","News","News 7 Tamil (News 7 Tamil)","https://segment.yuppcdn.net/240122/news7/playlist.m3u8","VIDEO","HLS","m3u8","","true","true","","IN","https://www.news7tamil.live/","COMMUNITY","iptv-org public index, publicly listed free stream (verify broadcaster-official before promote)","iptv-org; categories=news; quality=576p","medium","773"
"Live TV","News","News Central (News Central)","https://wf.newscentral.ng:8443/hls/stream.m3u8","VIDEO","HLS","m3u8","","true","true","","NG","http://newscentral.africa/","COMMUNITY","iptv-org public index, publicly listed free stream (verify broadcaster-official before promote)","iptv-org; categories=news; quality=","medium","774"
"Live TV","News","News Daily 24 (News Daily 24)","https://cdn-6.pishow.tv/live/10009/master.m3u8","VIDEO","HLS","m3u8","","true","true","","IN","https://www.newsdaily24.in/","COMMUNITY","iptv-org public index, publicly listed free stream (verify broadcaster-official before promote)","iptv-org; categories=news; quality=576p","medium","775"
"Live TV","News","News India 24x7 (News India 24x7)","https://cdn-3.pishow.tv/live/273/master.m3u8","VIDEO","HLS","m3u8","","true","true","","IN","https://newsindianetwork.com/","COMMUNITY","iptv-org public index, publicly listed free stream (verify broadcaster-official before promote)","iptv-org; categories=news; quality=","medium","776"
"Live TV","News","News J (News J)","https://cdn-3.pishow.tv/live/1279/master.m3u8","VIDEO","HLS","m3u8","","true","true","","IN","http://www.newsj.tv/","COMMUNITY","iptv-org public index, publicly listed free stream (verify broadcaster-official before promote)","iptv-org; categories=news; quality=720p","medium",""
"Live TV","News","News Live (News Live)","https://cdn-6.pishow.tv/live/10011/master.m3u8","VIDEO","HLS","m3u8","","true","true","","IN","https://www.newslivetv.com/","COMMUNITY","iptv-org public index, publicly listed free stream (verify broadcaster-official before promote)","iptv-org; categories=news; quality=576p","medium","777"
"Live TV","News","News Nation (News Nation)","https://d3qs3d2rkhfqrt.cloudfront.net/out/v1/6cd2f649739a45ca9de1daf81cc7d0f2/index.m3u8","VIDEO","HLS","m3u8","","true","true","","IN","https://www.newsnationtv.com/","COMMUNITY","iptv-org public index, publicly listed free stream (verify broadcaster-official before promote)","iptv-org; categories=news; quality=1080p","medium",""
"Live TV","News","News1 (ASTV News 1)","http://news1.live14.com/stream/news1.m3u8","VIDEO","HLS","m3u8","","true","false","","TH","https://news1live.com/","COMMUNITY","iptv-org public index, publicly listed free stream (verify broadcaster-official before promote)","iptv-org; categories=news; quality=720p","medium","778"
"Live TV","News","News18 Assam North-East (News18 Assam North-East)","https://n18syndication.akamaized.net/bpk-tv/News18_Assam_North_East_NW18_MOB/output01/master.m3u8","VIDEO","HLS","m3u8","","true","true","","IN","https://assam.news18.com/","COMMUNITY","iptv-org public index, publicly listed free stream (verify broadcaster-official before promote)","iptv-org; categories=news; quality=1080p","medium","779"
"Live TV","News","News18 Bangla (News18 Bangla)","https://n18syndication.akamaized.net/bpk-tv/News18_Bangla_NW18_MOB/output01/master.m3u8","VIDEO","HLS","m3u8","","true","true","","IN","https://bengali.news18.com/","COMMUNITY","iptv-org public index, publicly listed free stream (verify broadcaster-official before promote)","iptv-org; categories=news; quality=1080p","medium","780"
"Live TV","News","News18 Bihar Jharkhand (News18 Bihar Jharkhand)","https://n18syndication.akamaized.net/bpk-tv/News18_Bihar_Jharkhand_NW18_MOB/output01/master.m3u8","VIDEO","HLS","m3u8","","true","true","","IN","https://hindi.news18.com/","COMMUNITY","iptv-org public index, publicly listed free stream (verify broadcaster-official before promote)","iptv-org; categories=news; quality=1080p","medium","781"
"Live TV","News","News18 Delhi NCR JK (News18 Delhi NCR JK)","https://n18syndication.akamaized.net/bpk-tv/News18_JKLH_NW18_MOB/output01/master.m3u8","VIDEO","HLS","m3u8","","true","true","","IN","https://hindi.news18.com/news/delhi/","COMMUNITY","iptv-org public index, publicly listed free stream (verify broadcaster-official before promote)","iptv-org; categories=news; quality=1080p","medium","782"
"Live TV","News","News18 Gujarati (News18 Gujarati)","https://n18syndication.akamaized.net/bpk-tv/News18_Gujarati_NW18_MOB/output01/master.m3u8","VIDEO","HLS","m3u8","","true","true","","IN","https://gujarati.news18.com/","COMMUNITY","iptv-org public index, publicly listed free stream (verify broadcaster-official before promote)","iptv-org; categories=news; quality=1080p","medium","783"
"Live TV","News","News18 India (News18 India)","https://n18syndication.akamaized.net/bpk-tv/News18_India_NW18_MOB/output01/master.m3u8","VIDEO","HLS","m3u8","","true","true","","IN","https://hindi.news18.com/","COMMUNITY","iptv-org public index, publicly listed free stream (verify broadcaster-official before promote)","iptv-org; categories=news; quality=1080p","medium","784"
"Live TV","News","News18 Madhya Pradesh/Chhattisgarh (News18 Madhya Pradesh/Chhattisgarh)","https://n18syndication.akamaized.net/bpk-tv/News18_MP_Chhattisgarh_NW18_MOB/output01/master.m3u8","VIDEO","HLS","m3u8","","true","true","","IN","https://hindi.news18.com/madhya-pradesh/","COMMUNITY","iptv-org public index, publicly listed free stream (verify broadcaster-official before promote)","iptv-org; categories=news; quality=1080p","medium","785"
"Live TV","News","News18 Marathi (News18 Marathi)","https://n18syndication.akamaized.net/bpk-tv/News18_Lokmat_NW18_MOB/output01/master.m3u8","VIDEO","HLS","m3u8","","true","true","","IN","https://news18marathi.com/","COMMUNITY","iptv-org public index, publicly listed free stream (verify broadcaster-official before promote)","iptv-org; categories=news; quality=1080p","medium","786"
"Live TV","News","News18 Odia (News18 Odia)","https://n18syndication.akamaized.net/bpk-tv/News18_Odia_NW18_MOB/output01/master.m3u8","VIDEO","HLS","m3u8","","true","true","","IN","https://odia.news18.com/","COMMUNITY","iptv-org public index, publicly listed free stream (verify broadcaster-official before promote)","iptv-org; categories=news; quality=1080p","medium","787"
"Live TV","News","News18 Punjab/Haryana/Himachal (News18 Punjab/Haryana/Himachal)","https://n18syndication.akamaized.net/bpk-tv/News18_Punjab_Haryana_HP_NW18_MOB/output01/master.m3u8","VIDEO","HLS","m3u8","","true","true","","IN","https://punjab.news18.com/","COMMUNITY","iptv-org public index, publicly listed free stream (verify broadcaster-official before promote)","iptv-org; categories=news; quality=1080p","medium","788"
"Live TV","News","News18 Rajasthan (News18 Rajasthan)","https://n18syndication.akamaized.net/bpk-tv/News18_Rajasthan_NW18_MOB/output01/master.m3u8","VIDEO","HLS","m3u8","","true","true","","IN","https://hindi.news18.com/news/rajasthan/","COMMUNITY","iptv-org public index, publicly listed free stream (verify broadcaster-official before promote)","iptv-org; categories=news; quality=1080p","medium","789"
"Live TV","News","News18 Tamil Nadu (News18 Tamil Nadu)","https://n18syndication.akamaized.net/bpk-tv/News18_Tamil_Nadu_NW18_MOB/output01/master.m3u8","VIDEO","HLS","m3u8","","true","true","","IN","https://tamil.news18.com/","COMMUNITY","iptv-org public index, publicly listed free stream (verify broadcaster-official before promote)","iptv-org; categories=news; quality=1080p","medium","790"
"Live TV","News","News18 Urdu (News18 Urdu)","https://n18syndication.akamaized.net/bpk-tv/News18_Urdu_NW18_MOB/output01/master.m3u8","VIDEO","HLS","m3u8","","true","true","","IN","https://urdu.news18.com/","COMMUNITY","iptv-org public index, publicly listed free stream (verify broadcaster-official before promote)","iptv-org; categories=news; quality=1080p","medium","791"
"Live TV","News","News18 Uttar Pradesh Uttarakhand (News18 Uttar Pradesh Uttarakhand)","https://n18syndication.akamaized.net/bpk-tv/News18_UP_Uttarakhand_NW18_MOB/output01/master.m3u8","VIDEO","HLS","m3u8","","true","true","","IN","https://hindi.news18.com/news/uttar-pradesh/","COMMUNITY","iptv-org public index, publicly listed free stream (verify broadcaster-official before promote)","iptv-org; categories=news; quality=1080p","medium","792"
"Live TV","News","News9Live (News9Live)","https://amg01106-amg01106c3-amgplt0844.playout.now3.amagi.tv/ts-ap-s1-n1/playlist/amg01106-amg01106c3-amgplt0844/playlist.m3u8","VIDEO","HLS","m3u8","","true","true","","IN","https://www.news9live.com/digital-live-tv","COMMUNITY","iptv-org public index, publicly listed free stream (verify broadcaster-official before promote)","iptv-org; categories=news; quality=1080p","medium","793"
"Live TV","News","NewsTime Bangla (NewsTime Bangla)","https://cdn-2.pishow.tv/live/1494/master.m3u8","VIDEO","HLS","m3u8","","true","true","","IN","https://newstimebangla.com/","COMMUNITY","iptv-org public index, publicly listed free stream (verify broadcaster-official before promote)","iptv-org; categories=news; quality=576p","medium","794"
"Live TV","News","NHK World-Japan (NHK World-Japan HD)","https://nhk.lls.pbs.org/index.m3u8","VIDEO","HLS","m3u8","","true","true","","JP","https://www3.nhk.or.jp/nhkworld/","COMMUNITY","iptv-org public index, publicly listed free stream (verify broadcaster-official before promote)","iptv-org; categories=news|culture; quality=1080p","medium",""
"Live TV","News","NTV Telugu (NTV Telugu)","https://mumbai-edge.smartplaytv.in/NTVTelugu/index.m3u8","VIDEO","HLS","m3u8","","true","true","","IN","https://www.ntvtelugu.com/","COMMUNITY","iptv-org public index, publicly listed free stream (verify broadcaster-official before promote)","iptv-org; categories=news; quality=1080p","medium","795"
"Live TV","News","Onkar Only Truth TV (Onkar Only Truth TV)","https://5dd3981940faa.streamlock.net/onkarentertainment/onkarentertainment/playlist.m3u8","VIDEO","HLS","m3u8","","true","true","","IN","","COMMUNITY","iptv-org public index, publicly listed free stream (verify broadcaster-official before promote)","iptv-org; categories=news; quality=576p","medium",""
"Live TV","News","Polimer News (Polimer News)","https://live-cf-polimernews.dailyhunt.in/master.m3u8","VIDEO","HLS","m3u8","","true","true","","IN","https://polimernews.com/","COMMUNITY","iptv-org public index, publicly listed free stream (verify broadcaster-official before promote)","iptv-org; categories=news; quality=720p","medium",""
"Live TV","News","Polsat News (Polsat News)","https://cdn-s-lb2.pluscdn.pl/lv/1517830/349/hls/f03a76f3/masterlist.m3u8","VIDEO","HLS","m3u8","","true","true","","PL","https://www.polsatnews.pl/","COMMUNITY","iptv-org public index, publicly listed free stream (verify broadcaster-official before promote)","iptv-org; categories=news; quality=1080p","medium","796"
"Live TV","News","Polsat News 2 (Polsat News 2)","https://cdn-s-lb2.pluscdn.pl/lv/1533809/392/dash/3de17d4a/live.mpd","VIDEO","DASH","mpd","","true","true","","PL","http://www.polsatnews.pl/","COMMUNITY","iptv-org public index, publicly listed free stream (verify broadcaster-official before promote)","iptv-org; categories=news; quality=1080p","medium","797"
"Live TV","News","Polsat News Polityka (Polsat News Polityka)","https://cdn-s-lb2.pluscdn.pl/lv/1511888/322/hls/bd3b0bfe/masterlist.m3u8","VIDEO","HLS","m3u8","","true","true","","PL","","COMMUNITY","iptv-org public index, publicly listed free stream (verify broadcaster-official before promote)","iptv-org; categories=news; quality=1080p","medium",""
"Live TV","News","Pratidin Time (Pratidin Time)","https://server.thelegitpro.in/pratidintime/pratidintime/index.fmp4.m3u8","VIDEO","HLS","m3u8","","true","true","","IN","https://www.pratidintime.com/","COMMUNITY","iptv-org public index, publicly listed free stream (verify broadcaster-official before promote)","iptv-org; categories=news; quality=576p","medium",""
"Live TV","News","Prime9 News (Prime9 News)","https://mumbai-edge.smartplaytv.in/Prime9News/index.m3u8","VIDEO","HLS","m3u8","","true","true","","IN","https://prime9news.com/","COMMUNITY","iptv-org public index, publicly listed free stream (verify broadcaster-official before promote)","iptv-org; categories=news; quality=1080p","medium","798"
"Live TV","News","Prudent Media (Prudent Media)","https://prudentmcdn.rixcast.com/prudentm.m3u8","VIDEO","HLS","m3u8","","true","true","","IN","https://www.prudentmedia.in/live-stream.php","COMMUNITY","iptv-org public index, publicly listed free stream (verify broadcaster-official before promote)","iptv-org; categories=news; quality=1080p","medium",""
"Live TV","News","PSN Canal 45.2 (PSN Canal 45.2)","https://srspsn2.live/live/livestream.m3u8","VIDEO","HLS","m3u8","","true","true","","MX","https://psn.si/","COMMUNITY","iptv-org public index, publicly listed free stream (verify broadcaster-official before promote)","iptv-org; categories=news; quality=288p","medium",""
"Live TV","News","PTC News (PTC News)","https://cdn-4.pishow.tv/live/1502/master.m3u8","VIDEO","HLS","m3u8","","true","true","","IN","https://www.ptcnews.tv/","COMMUNITY","iptv-org public index, publicly listed free stream (verify broadcaster-official before promote)","iptv-org; categories=news; quality=576p","medium","799"
"Live TV","News","Puthiya Thalaimurai (Puthiya Thalaimurai)","https://segment.yuppcdn.net/240122/puthiya/playlist.m3u8","VIDEO","HLS","m3u8","","true","true","","IN","http://www.puthiyathalaimurai.com/","COMMUNITY","iptv-org public index, publicly listed free stream (verify broadcaster-official before promote)","iptv-org; categories=news; quality=576p","medium","800"
"Live TV","News","Quantica TV (Quantica TV)","https://videostream.shockmedia.com.ar:19360/quanticatv/quanticatv.m3u8","VIDEO","HLS","m3u8","","true","true","","AR","https://quanticaradio.com.ar/","COMMUNITY","iptv-org public index, publicly listed free stream (verify broadcaster-official before promote)","iptv-org; categories=news; quality=","medium",""
"Live TV","News","RDX Goa (RDX Goa)","https://g5nl6xoalpq6-hls-live.5centscdn.com/rdxgoa/d0dbe915091d400bd8ee7f27f0791303.sdp/playlist.m3u8","VIDEO","HLS","m3u8","","true","true","","IN","https://rdxgoa.com/","COMMUNITY","iptv-org public index, publicly listed free stream (verify broadcaster-official before promote)","iptv-org; categories=news; quality=720p","medium",""
"Live TV","News","Real News Kerala (Real News Kerala)","https://bk7l298nyx53-hls-live.5centscdn.com/realnews/e7dee419f91aa9e65939d3677fb9c4f5.sdp/playlist.m3u8","VIDEO","HLS","m3u8","","true","true","","IN","","COMMUNITY","iptv-org public index, publicly listed free stream (verify broadcaster-official before promote)","iptv-org; categories=news; quality=1080p","medium",""
"Live TV","News","Reporter TV (Reporter TV)","https://segment.yuppcdn.net/050522/reporter/playlist.m3u8","VIDEO","HLS","m3u8","","true","true","","IN","http://reporterlive.com/","COMMUNITY","iptv-org public index, publicly listed free stream (verify broadcaster-official before promote)","iptv-org; categories=news; quality=576p","medium","801"
"Live TV","News","Republic Bangla (Republic Bangla)","https://vg-republictvlive.akamaized.net/v1/master/611d79b11b77e2f571934fd80ca1413453772ac7/vglive-sk-456368/main.m3u8","VIDEO","HLS","m3u8","","true","true","","IN","https://www.republicworld.com/","COMMUNITY","iptv-org public index, publicly listed free stream (verify broadcaster-official before promote)","iptv-org; categories=news; quality=1080p","medium","802"
"Live TV","News","Republic Bharat (Republic Bharat)","https://vg-republictvlive.akamaized.net/v1/master/611d79b11b77e2f571934fd80ca1413453772ac7/vglive-sk-275673/main.m3u8","VIDEO","HLS","m3u8","","true","true","","IN","https://bharat.republicworld.com/","COMMUNITY","iptv-org public index, publicly listed free stream (verify broadcaster-official before promote)","iptv-org; categories=news; quality=1080p","medium","803"
"Live TV","News","Republic Kannada (Republic Kannada)","https://vg-republictvlive.akamaized.net/ptnr-republicweb/title-Republic_TV_Kannada/v1/master/611d79b11b77e2f571934fd80ca1413453772ac7/1acd1ce1-c6a7-4ae4-afa1-133ffb111ebb/main.m3u8","VIDEO","HLS","m3u8","","true","true","","IN","https://kannada.republicworld.com/livetv.html","COMMUNITY","iptv-org public index, publicly listed free stream (verify broadcaster-official before promote)","iptv-org; categories=news; quality=1080p","medium",""
"Live TV","News","Republic TV (Republic TV)","https://d3qs3d2rkhfqrt.cloudfront.net/out/v1/2e31d831f08640ff92f65003bdc89991/index.m3u8","VIDEO","HLS","m3u8","","true","true","","IN","https://www.republicworld.com/","COMMUNITY","iptv-org public index, publicly listed free stream (verify broadcaster-official before promote)","iptv-org; categories=news; quality=1080p","medium","804"
"Live TV","News","Rozana Spokesman (Rozana Spokesman)","https://live1.ottlive.co.in/spokesman/spokesman/index.m3u8","VIDEO","HLS","m3u8","","true","true","","IN","https://www.rozanaspokesman.in/","COMMUNITY","iptv-org public index, publicly listed free stream (verify broadcaster-official before promote)","iptv-org; categories=news; quality=1080p","medium","805"
"Live TV","News","RT India (RT India)","https://rt-india.rttv.com/dvr/rtindia/playlist.m3u8","VIDEO","HLS","m3u8","","true","true","","IN","https://www.rt.com/","COMMUNITY","iptv-org public index, publicly listed free stream (verify broadcaster-official before promote)","iptv-org; categories=news; quality=1080p","medium","806"
"Live TV","News","SABC Lehae (SABC Lehae)","https://sabctretalh.cdn.mangomolo.com/lehae/smil:lehae.stream.smil/master.m3u8","VIDEO","HLS","m3u8","","true","true","","ZA","https://sabc-plus.com/","COMMUNITY","iptv-org public index, publicly listed free stream (verify broadcaster-official before promote)","iptv-org; categories=news; quality=","medium","807"
"Live TV","News","SABC News (SABC News)","https://sabconetanw.cdn.mangomolo.com/news/smil:news.stream.smil/master.m3u8","VIDEO","HLS","m3u8","","true","true","","ZA","http://www.sabc.co.za/","COMMUNITY","iptv-org public index, publicly listed free stream (verify broadcaster-official before promote)","iptv-org; categories=news; quality=720p","medium","808"
"Live TV","News","Sadhna Plus News (Sadhna Plus News)","https://6n3yow8pl9ok-hls-live.5centscdn.com/sadhananewstv/live.stream/playlist.m3u8","VIDEO","HLS","m3u8","","true","true","","IN","http://www.sadhna.com/","COMMUNITY","iptv-org public index, publicly listed free stream (verify broadcaster-official before promote)","iptv-org; categories=news; quality=720p","medium",""
"Live TV","News","Sakshi TV (Sakshi TV)","https://yuppmedtaorire.akamaized.net/v1/master/a0d007312bfd99c47f76b77ae26b1ccdaae76cb1/sakshi_nim_https/240122/sakshi/playlist.m3u8","VIDEO","HLS","m3u8","","true","true","","IN","https://www.sakshi.com/","COMMUNITY","iptv-org public index, publicly listed free stream (verify broadcaster-official before promote)","iptv-org; categories=news; quality=576p","medium","809"
"Live TV","News","Salaam TV (Salaam TV)","https://d2o3r1shda7xvv.cloudfront.net/index_5.m3u8","VIDEO","HLS","m3u8","","true","true","","IN","https://zeenews.india.com/hindi/zeesalaam","COMMUNITY","iptv-org public index, publicly listed free stream (verify broadcaster-official before promote)","iptv-org; categories=news; quality=720p","medium","810"
"Live TV","News","Samachar Plus (Samachar Plus)","https://cdn-2.pishow.tv/live/269/master.m3u8","VIDEO","HLS","m3u8","","true","true","","IN","http://samacharplus.com/","COMMUNITY","iptv-org public index, publicly listed free stream (verify broadcaster-official before promote)","iptv-org; categories=news; quality=","medium",""
"Live TV","News","Samay Kolkata (Samay Kolkata)","https://server.livelegitpro.in/samaykolkata/samaykolkata/index.m3u8","VIDEO","HLS","m3u8","","true","true","","IN","https://samaykolkata.com/","COMMUNITY","iptv-org public index, publicly listed free stream (verify broadcaster-official before promote)","iptv-org; categories=news; quality=1080p","medium","811"
"Live TV","News","Sathiyam TV (Sathiyam TV)","https://live-cf-sathiyamtv.dailyhunt.in/master.m3u8","VIDEO","HLS","m3u8","","true","true","","IN","https://www.sathiyam.tv/","COMMUNITY","iptv-org public index, publicly listed free stream (verify broadcaster-official before promote)","iptv-org; categories=news; quality=720p","medium",""
"Live TV","News","Star Bharat (Star Bharat)","http://103.253.18.58:8000/play/a00u","VIDEO","ICECAST","","","true","false","","IN","http://www.hotstar.com/channels/star-bharat","COMMUNITY","iptv-org public index, publicly listed free stream (verify broadcaster-official before promote)","iptv-org; categories=news; quality=576p","medium","812"
"Live TV","News","STZ TV (STZ TV)","https://cdn.live.br1.jmvstream.com/webtv/AVJ-12952/playlist/playlist.m3u8","VIDEO","HLS","m3u8","","true","true","","BR","https://stztv.org.br/","COMMUNITY","iptv-org public index, publicly listed free stream (verify broadcaster-official before promote)","iptv-org; categories=news|culture; quality=1080p","medium","813"
"Live TV","News","Sudarshan News (Sudarshan News)","https://ott.livelegitpro.in/sudarshannews/sudarshannews/tracks-v1/index.fmp4.m3u8","VIDEO","HLS","m3u8","","true","true","","IN","http://www.sudarshannews.in/","COMMUNITY","iptv-org public index, publicly listed free stream (verify broadcaster-official before promote)","iptv-org; categories=news; quality=1080p","medium","814"
"Live TV","Outdoor","Chacra TV (Chacra TV)","https://5f700d5b2c46f.streamlock.net/chacratv/chacratv/playlist.m3u8","VIDEO","HLS","m3u8","","true","true","","AR","http://www.chacratv.com/","COMMUNITY","iptv-org public index, publicly listed free stream (verify broadcaster-official before promote)","iptv-org; categories=outdoor; quality=","medium","815"
"Live TV","Pop","4 Fun TV (4 Fun TV)","https://stream.4fun.tv:8888/hls/4f_high/index.m3u8","VIDEO","HLS","m3u8","","true","true","","PL","https://4fun.tv/","COMMUNITY","iptv-org public index, publicly listed free stream (verify broadcaster-official before promote)","iptv-org; categories=music; quality=576i","medium","816"
"Live TV","Pop","7S Music (7S Music)","https://mumt03.tangotv.in/Dsly5z3H7SMUSIC/index.m3u8","VIDEO","HLS","m3u8","","true","true","","IN","","COMMUNITY","iptv-org public index, publicly listed free stream (verify broadcaster-official before promote)","iptv-org; categories=music; quality=576p","medium",""
"Live TV","Pop","9XM (9XM)","https://9xjio.wiseplayout.com/9XM/master.m3u8","VIDEO","HLS","m3u8","","true","true","","IN","https://www.9xm.in/","COMMUNITY","iptv-org public index, publicly listed free stream (verify broadcaster-official before promote)","iptv-org; categories=music; quality=1080p","medium","817"
"Live TV","Pop","Aaryaa TV (Aaryaa TV)","https://stream.ottlive.co.in/aryatvtamil/index.m3u8","VIDEO","HLS","m3u8","","true","true","","IN","","COMMUNITY","iptv-org public index, publicly listed free stream (verify broadcaster-official before promote)","iptv-org; categories=music; quality=1080p","medium",""
"Live TV","Pop","Abdulmajeed Abdullah (Abdulmajeed Abdullah)","https://d2hng5r56zpsbw.cloudfront.net/out/v1/9c4c990f44bb4767bb46271f326dd574/index.m3u8","VIDEO","HLS","m3u8","","true","true","","SA","","COMMUNITY","iptv-org public index, publicly listed free stream (verify broadcaster-official before promote)","iptv-org; categories=music; quality=1080p","medium",""
"Live TV","Pop","Azahares Radiovisual Multimedia (Azahares Radio Multimedia)","https://streamyes.alsolnet.com/azaharesfm/live/playlist.m3u8","VIDEO","HLS","m3u8","","true","true","","AR","","COMMUNITY","iptv-org public index, publicly listed free stream (verify broadcaster-official before promote)","iptv-org; categories=music; quality=720p","medium",""
"Live TV","Pop","B4U Music (B4U Music)","https://cdn-2.pishow.tv/live/415/master.m3u8","VIDEO","HLS","m3u8","","true","true","","IN","https://b4umusic.in/","COMMUNITY","iptv-org public index, publicly listed free stream (verify broadcaster-official before promote)","iptv-org; categories=music; quality=576p","medium","818"
"Live TV","Pop","Balle Balle (Balle Balle)","https://mcncdndigital.com/balleballetv/index.m3u8","VIDEO","HLS","m3u8","","true","true","","IN","https://balleballe.tv/","COMMUNITY","iptv-org public index, publicly listed free stream (verify broadcaster-official before promote)","iptv-org; categories=music; quality=720p","medium","819"
"Live TV","Pop","Beats Radio (Beats Radio)","https://videostream.shockmedia.com.ar:19360/beatsradio/beatsradio.m3u8","VIDEO","HLS","m3u8","","true","true","","AR","https://beatsradio.com.ar/cinco-tv-en-vivo/","COMMUNITY","iptv-org public index, publicly listed free stream (verify broadcaster-official before promote)","iptv-org; categories=music; quality=480p","medium","820"
"Live TV","Pop","BTB Music (BTB Music)","https://panel.btb.j00r.us/memfs/ebaffae6-0086-49d7-843d-57f2c561de86.m3u8","VIDEO","HLS","m3u8","","true","true","","PL","https://btb.j00r.us","COMMUNITY","iptv-org public index, publicly listed free stream (verify broadcaster-official before promote)","iptv-org; categories=music; quality=1080p","medium","821"
"Live TV","Pop","Chamame TV (Chamame TV)","https://srv4.zcast.com.br/chamametv/chamametv/playlist.m3u8","VIDEO","HLS","m3u8","","true","true","","AR","https://chamametv.com.ar/","COMMUNITY","iptv-org public index, publicly listed free stream (verify broadcaster-official before promote)","iptv-org; categories=music; quality=","medium","822"
"Live TV","Pop","Conecta TV (Conecta TV)","https://stream8.mexiserver.com:19360/conectatvx/conectatvx.m3u8","VIDEO","HLS","m3u8","","true","true","","MX","","COMMUNITY","iptv-org public index, publicly listed free stream (verify broadcaster-official before promote)","iptv-org; categories=music; quality=720p","medium",""
"Live TV","Pop","Cumbia Mix (Cumbia Mix)","https://cloud.tvomix.com/CUMBIAMIX/index.m3u8","VIDEO","HLS","m3u8","","true","true","","AR","https://cumbiamix.com","COMMUNITY","iptv-org public index, publicly listed free stream (verify broadcaster-official before promote)","iptv-org; categories=music; quality=720p","medium","823"
"Live TV","Pop","Dream Turk (Dream Türk)","https://live.duhnet.tv/S2/HLS_LIVE/dreamturknp/playlist.m3u8","VIDEO","HLS","m3u8","","true","true","","TR","https://www.dreamturk.com.tr/","COMMUNITY","iptv-org public index, publicly listed free stream (verify broadcaster-official before promote)","iptv-org; categories=music; quality=720p","medium","824"
"Live TV","Pop","El Radio 9090 FM (El Radio 9090 FM)","https://9090video.mobtada.com/hls/stream.m3u8","VIDEO","HLS","m3u8","","true","true","","EG","https://www.9090.fm/","COMMUNITY","iptv-org public index, publicly listed free stream (verify broadcaster-official before promote)","iptv-org; categories=music; quality=480p","medium","825"
"Live TV","Pop","ETV Music (ETV Music)","https://cc-szivnms4rlah6.akamaized.net/WWBI/Amagi/ETV_Music_IN/playlist.m3u8","VIDEO","HLS","m3u8","","true","true","","IN","","COMMUNITY","iptv-org public index, publicly listed free stream (verify broadcaster-official before promote)","iptv-org; categories=music; quality=1080p","medium",""
"Live TV","Pop","Fairuz (Fairuz)","https://shd-amg-fast.edgenextcdn.net/tx029/playlist.m3u8","VIDEO","HLS","m3u8","","true","true","","SA","","COMMUNITY","iptv-org public index, publicly listed free stream (verify broadcaster-official before promote)","iptv-org; categories=music; quality=1080p","medium",""
"Live TV","Pop","Gugak TV (GugakTV 국악방송)","https://mgugaklive.nowcdn.co.kr/gugakvideo/gugakvideo.stream/playlist.m3u8","VIDEO","HLS","m3u8","","true","true","","KR","https://www.igbf.kr/","COMMUNITY","iptv-org public index, publicly listed free stream (verify broadcaster-official before promote)","iptv-org; categories=music; quality=1080p","medium","826"
"Live TV","Pop","Isai Aruvi (Isai Aruvi)","http://ptuf.ridsys.in/riptv/live/KALAIGNAR_ISAI_ARUVI/index.m3u8","VIDEO","HLS","m3u8","","true","false","","IN","","COMMUNITY","iptv-org public index, publicly listed free stream (verify broadcaster-official before promote)","iptv-org; categories=music; quality=576p","medium",""
"Live TV","Pop","Kalika TV (Kalika TV)","http://server.applelive.in/kalikatv/kalikatv.m3u8","VIDEO","HLS","m3u8","","true","false","","IN","","COMMUNITY","iptv-org public index, publicly listed free stream (verify broadcaster-official before promote)","iptv-org; categories=music; quality=576p","medium",""
"Live TV","Pop","KpopTV Play (KpopTV Play)","https://giatv.bozztv.com/giatv/giatv-kpoptvplay/kpoptvplay/playlist.m3u8","VIDEO","HLS","m3u8","","true","true","","BR","https://kpoptv.live/","COMMUNITY","iptv-org public index, publicly listed free stream (verify broadcaster-official before promote)","iptv-org; categories=music; quality=576p","medium",""
"Live TV","Pop","Lobo TV (Lobo TV)","https://5ca3e84a76d30.streamlock.net/tvlobo/videotvlobo/playlist.m3u8","VIDEO","HLS","m3u8","","true","true","","MX","https://www.lobotv.com.mx/","COMMUNITY","iptv-org public index, publicly listed free stream (verify broadcaster-official before promote)","iptv-org; categories=music; quality=720p","medium","827"
"Live TV","Pop","Majid Al Mohandis (Majid Al Mohandis)","https://shd-amg-fast.edgenextcdn.net/tx019/playlist.m3u8","VIDEO","HLS","m3u8","","true","true","","SA","","COMMUNITY","iptv-org public index, publicly listed free stream (verify broadcaster-official before promote)","iptv-org; categories=music; quality=1080p","medium",""
"Live TV","Pop","Mas FM (Más FM 95.9)","https://vivo.solumedia.com:19360/masfm/masfm.m3u8","VIDEO","HLS","m3u8","","true","true","","AR","https://www.masfm.com/","COMMUNITY","iptv-org public index, publicly listed free stream (verify broadcaster-official before promote)","iptv-org; categories=music; quality=720p","medium","828"
"Live TV","Pop","MBC Mood (MBC Mood)","https://shd-gcp-live.edgenextcdn.net/live/bitmovin-mbc-mood/78367bf48ccdba501d0d014a10c21031/index.m3u8","VIDEO","HLS","m3u8","","true","true","","SA","https://www.mbcmood.com/","COMMUNITY","iptv-org public index, publicly listed free stream (verify broadcaster-official before promote)","iptv-org; categories=music; quality=1080p","medium","829"
"Live TV","Pop","Med Muzik (Med Muzik)","http://54.36.110.140/live3/live3.m3u8","VIDEO","HLS","m3u8","","true","false","","TR","http://medmuzik.tv/","COMMUNITY","iptv-org public index, publicly listed free stream (verify broadcaster-official before promote)","iptv-org; categories=music; quality=1080p","medium","830"
"Live TV","Pop","Mohammed Abdo (Mohammed Abdo)","https://d2ow8h651gs7dx.cloudfront.net/out/v1/371fb663da604e659a2fb99bf89d92d4/index.m3u8","VIDEO","HLS","m3u8","","true","true","","SA","","COMMUNITY","iptv-org public index, publicly listed free stream (verify broadcaster-official before promote)","iptv-org; categories=music; quality=1080p","medium",""
"Live TV","Pop","Music India (Music India)","https://cdn-2.pishow.tv/live/226/master.m3u8","VIDEO","HLS","m3u8","","true","true","","IN","https://www.musicindiatv.com/","COMMUNITY","iptv-org public index, publicly listed free stream (verify broadcaster-official before promote)","iptv-org; categories=music; quality=720p","medium",""
"Live TV","Pop","NogoumFMTV (NogoumFMTV)","https://nogoumtv.nrpstream.com/hls/stream.m3u8","VIDEO","HLS","m3u8","","true","true","","EG","https://www.nogoumfm.net/","COMMUNITY","iptv-org public index, publicly listed free stream (verify broadcaster-official before promote)","iptv-org; categories=music; quality=672p","medium","831"
"Live TV","Pop","Number 1 Ask (Number 1 Ask)","https://b01c02nl.mediatriple.net/videoonlylive/mtkgeuihrlfwlive/u_stream_5c9e18f9cea15_1/playlist.m3u8","VIDEO","HLS","m3u8","","true","true","","TR","https://www.numberone.com.tr/","COMMUNITY","iptv-org public index, publicly listed free stream (verify broadcaster-official before promote)","iptv-org; categories=music; quality=720p","medium","832"
"Live TV","Pop","Number 1 Damar (Number 1 Damar)","https://b01c02nl.mediatriple.net/videoonlylive/mtkgeuihrlfwlive/u_stream_5c9e198784bdc_1/playlist.m3u8","VIDEO","HLS","m3u8","","true","true","","TR","https://www.numberone.com.tr/","COMMUNITY","iptv-org public index, publicly listed free stream (verify broadcaster-official before promote)","iptv-org; categories=music; quality=720p","medium","833"
"Live TV","Pop","Number 1 Dance (Number 1 Dance)","https://b01c02nl.mediatriple.net/videoonlylive/mtkgeuihrlfwlive/u_stream_5c9e2aa8acf44_1/playlist.m3u8","VIDEO","HLS","m3u8","","true","true","","TR","https://www.numberone.com.tr/","COMMUNITY","iptv-org public index, publicly listed free stream (verify broadcaster-official before promote)","iptv-org; categories=music; quality=720p","medium","834"
"Live TV","Pop","Number 1 TV (Number 1 TV)","https://b01c02nl.mediatriple.net/videoonlylive/mtkgeuihrlfwlive/broadcast_5c9e17cd59e8b.smil/playlist.m3u8","VIDEO","HLS","m3u8","","true","true","","TR","http://www.numberone.com.tr/","COMMUNITY","iptv-org public index, publicly listed free stream (verify broadcaster-official before promote)","iptv-org; categories=music; quality=720p","medium","835"
"Live TV","Pop","Nuta TV (Nuta TV)","http://78.130.250.2:8023/play/a03r/index.m3u8","VIDEO","HLS","m3u8","","true","false","","PL","http://nuta.tv/","COMMUNITY","iptv-org public index, publicly listed free stream (verify broadcaster-official before promote)","iptv-org; categories=music; quality=","medium","836"
"Live TV","Pop","Orange Bangla TV (Orange Bangla TV)","https://cdn-4.pishow.tv/live/1499/master.m3u8","VIDEO","HLS","m3u8","","true","true","","IN","","COMMUNITY","iptv-org public index, publicly listed free stream (verify broadcaster-official before promote)","iptv-org; categories=music; quality=720p","medium",""
"Live TV","Pop","Panorama FM (Panorama FM)","https://d6izdil55uftn.cloudfront.net/out/v1/0a06d1d6377c47edbd48721ed724bd08/index.m3u8","VIDEO","HLS","m3u8","","true","true","","SA","https://www.mbc.net/ar/privacy-policy","COMMUNITY","iptv-org public index, publicly listed free stream (verify broadcaster-official before promote)","iptv-org; categories=music; quality=1080p","medium","837"
"Live TV","Pop","Peppers TV (Peppers TV)","https://cdn-2.pishow.tv/live/1383/master.m3u8","VIDEO","HLS","m3u8","","true","true","","IN","http://pepperstv.com/","COMMUNITY","iptv-org public index, publicly listed free stream (verify broadcaster-official before promote)","iptv-org; categories=music; quality=751p","medium","838"
"Live TV","Pop","Power Dance (Power Dance)","https://livetv.powerapp.com.tr/dance/dance.smil/playlist.m3u8","VIDEO","HLS","m3u8","","true","true","","TR","https://www.powerapp.com.tr/radios/powerdance/","COMMUNITY","iptv-org public index, publicly listed free stream (verify broadcaster-official before promote)","iptv-org; categories=music; quality=1080p","medium","839"
"Live TV","Pop","Power Love (Power Love)","https://livetv.powerapp.com.tr/plove/love.smil/playlist.m3u8","VIDEO","HLS","m3u8","","true","true","","TR","https://www.powerapp.com.tr/radios/powerlove/","COMMUNITY","iptv-org public index, publicly listed free stream (verify broadcaster-official before promote)","iptv-org; categories=music; quality=1080p","medium","840"
"Live TV","Pop","PowerTurk Akustik (Power Türk Akustik)","https://livetv.powerapp.com.tr/pturkakustik/akustik.smil/playlist.m3u8","VIDEO","HLS","m3u8","","true","true","","TR","https://www.powerapp.com.tr/radios/powerturkakustik/","COMMUNITY","iptv-org public index, publicly listed free stream (verify broadcaster-official before promote)","iptv-org; categories=music; quality=1080p","medium","841"
"Live TV","Pop","PowerTurk Slow (Power Türk Slow)","https://livetv.powerapp.com.tr/pturkslow/slow.smil/playlist.m3u8","VIDEO","HLS","m3u8","","true","true","","TR","https://www.powerapp.com.tr/radios/powerturkslow/","COMMUNITY","iptv-org public index, publicly listed free stream (verify broadcaster-official before promote)","iptv-org; categories=music; quality=1080p","medium","842"
"Live TV","Pop","PowerTurk Taptaze (Power Türk Taptaze)","https://livetv.powerapp.com.tr/pturktaptaze/taptaze.smil/playlist.m3u8","VIDEO","HLS","m3u8","","true","true","","TR","https://www.powerapp.com.tr/radios/powerturktaptaze/","COMMUNITY","iptv-org public index, publicly listed free stream (verify broadcaster-official before promote)","iptv-org; categories=music; quality=1080p","medium","843"
"Live TV","Pop","PTC Chakde (PTC Chakde)","https://cdn-1.pishow.tv/live/449/master.m3u8","VIDEO","HLS","m3u8","","true","true","","IN","http://www.ptcnetwork.tv/ptc-chakde/","COMMUNITY","iptv-org public index, publicly listed free stream (verify broadcaster-official before promote)","iptv-org; categories=music; quality=720p","medium","844"
"Live TV","Pop","PTC Music (PTC Music)","https://d2lk5u59tns74c.cloudfront.net/out/v1/f913cf893c594f73b114216e74a2efbc/index.m3u8","VIDEO","HLS","m3u8","","true","true","","IN","https://www.ptcnetwork.com/channel/","COMMUNITY","iptv-org public index, publicly listed free stream (verify broadcaster-official before promote)","iptv-org; categories=music; quality=720p","medium","845"
"Live TV","Pop","Public Music (Public Music)","https://cdn-3.pishow.tv/live/441/master.m3u8","VIDEO","HLS","m3u8","","true","true","","IN","","COMMUNITY","iptv-org public index, publicly listed free stream (verify broadcaster-official before promote)","iptv-org; categories=music; quality=720p","medium",""
"Live TV","Pop","Punjabi Hits (Punjabi Hits)","https://stream.ottlive.co.in/punjabihits/index.m3u8","VIDEO","HLS","m3u8","","true","true","","IN","","COMMUNITY","iptv-org public index, publicly listed free stream (verify broadcaster-official before promote)","iptv-org; categories=music; quality=1080p","medium",""
"Live TV","Pop","Rabeh Saqer (Rabeh Saqer)","https://shd-amg-fast.edgenextcdn.net/tx004/playlist.m3u8","VIDEO","HLS","m3u8","","true","true","","SA","","COMMUNITY","iptv-org public index, publicly listed free stream (verify broadcaster-official before promote)","iptv-org; categories=music; quality=1080p","medium",""
"Live TV","Pop","Radio Conexion Web TV (Radio Conexion Web TV)","https://tuvideoonline.com.ar:3391/live/radioconexionlive.m3u8","VIDEO","HLS","m3u8","","true","true","","AR","https://radioconexionwebtv.com.ar/","COMMUNITY","iptv-org public index, publicly listed free stream (verify broadcaster-official before promote)","iptv-org; categories=music; quality=720p","medium","846"
"Live TV","Pop","Radio RAM (Radio RAM)","https://1888165924.rsc.cdn77.org/live/RadioRAM/playlist.m3u8","VIDEO","HLS","m3u8","","true","true","","PL","","COMMUNITY","iptv-org public index, publicly listed free stream (verify broadcaster-official before promote)","iptv-org; categories=music; quality=1080p","medium",""
"Live TV","Pop","Radio Realpolitik (Radio Realpolitik)","https://vivo.solumedia.com:19360/realpolitik/realpolitik.m3u8","VIDEO","HLS","m3u8","","true","true","","AR","https://realpolitik.fm/","COMMUNITY","iptv-org public index, publicly listed free stream (verify broadcaster-official before promote)","iptv-org; categories=music; quality=720p","medium","847"
"Live TV","Pop","Raj Musix Tamil (Raj Musix Tamil)","https://livestream.rajtv.tv/hlslive/Admin/px08241087/live/Raj_Musix/master_1.m3u8","VIDEO","HLS","m3u8","","true","true","","IN","http://www.rajtvnet.in/","COMMUNITY","iptv-org public index, publicly listed free stream (verify broadcaster-official before promote)","iptv-org; categories=music; quality=1080p","medium","848"
"Live TV","Pop","Raj Musix Telugu (Raj Musix Telugu)","https://cdn-1.pishow.tv/live/1213/master.m3u8","VIDEO","HLS","m3u8","","true","true","","IN","http://www.rajtvnet.in/","COMMUNITY","iptv-org public index, publicly listed free stream (verify broadcaster-official before promote)","iptv-org; categories=music; quality=720p","medium","849"
"Live TV","Pop","Rashid AlMajed (Rashid AlMajed)","https://dphwv2ufgnfsq.cloudfront.net/out/v1/59cd80dfe93a479eb8b4d79bc6f225ca/index.m3u8","VIDEO","HLS","m3u8","","true","true","","SA","","COMMUNITY","iptv-org public index, publicly listed free stream (verify broadcaster-official before promote)","iptv-org; categories=music; quality=1080p","medium",""
"Live TV","Pop","RC Music (RC Music)","https://view.rcserver.in/tmp_hls1/stream/index.m3u8","VIDEO","HLS","m3u8","","true","true","","IN","https://rctv.in/home","COMMUNITY","iptv-org public index, publicly listed free stream (verify broadcaster-official before promote)","iptv-org; categories=music; quality=720p","medium","850"
"Live TV","Pop","Sana Plus (Sana Plus)","https://galaxyott.live/hls/sanaplus.m3u8","VIDEO","HLS","m3u8","","true","true","","IN","","COMMUNITY","iptv-org public index, publicly listed free stream (verify broadcaster-official before promote)","iptv-org; categories=music; quality=1080p","medium",""
"Live TV","Pop","Sangeet Bangla (Sangeet Bangla)","https://cdn-4.pishow.tv/live/1143/master.m3u8","VIDEO","HLS","m3u8","","true","true","","IN","https://www.sangeetbangla.com/","COMMUNITY","iptv-org public index, publicly listed free stream (verify broadcaster-official before promote)","iptv-org; categories=music; quality=720p","medium",""
"Live TV","Pop","Sangeet Marathi (Sangeet Marathi)","https://cdn-3.pishow.tv/live/1229/master.m3u8","VIDEO","HLS","m3u8","","true","true","","IN","https://www.sangeetmarathi.com/","COMMUNITY","iptv-org public index, publicly listed free stream (verify broadcaster-official before promote)","iptv-org; categories=music; quality=720p","medium",""
"Live TV","Religious","Aaseervatham TV (Aaseervatham TV)","https://mumt04.tangotv.in/m18aqlK4AASEERVATHAMTV/index.m3u8","VIDEO","HLS","m3u8","","true","true","","IN","","COMMUNITY","iptv-org public index, publicly listed free stream (verify broadcaster-official before promote)","iptv-org; categories=religious; quality=576p","medium",""
"Live TV","Religious","Aastha Bhajan (Aastha Bhajan)","https://mumt05.tangotv.in/87NeALx2AASTHABHAJAN/index.m3u8","VIDEO","HLS","m3u8","","true","true","","IN","http://www.aasthatv.tv/","COMMUNITY","iptv-org public index, publicly listed free stream (verify broadcaster-official before promote)","iptv-org; categories=religious; quality=576p","medium","851"
"Live TV","Religious","Aastha Gujarati (Aastha Gujarati)","https://mumt04.tangotv.in/m18aqlK4AASTHAGUJARATI/index.m3u8","VIDEO","HLS","m3u8","","true","true","","IN","http://www.aasthatv.tv/","COMMUNITY","iptv-org public index, publicly listed free stream (verify broadcaster-official before promote)","iptv-org; categories=religious; quality=576p","medium","852"
"Live TV","Religious","Aastha Kannada (Aastha Kannada)","https://aasthaott.akamaized.net/110923/smil:aasthakannada.smil/playlist.m3u8","VIDEO","HLS","m3u8","","true","true","","IN","http://www.aasthatv.tv/","COMMUNITY","iptv-org public index, publicly listed free stream (verify broadcaster-official before promote)","iptv-org; categories=religious; quality=480p","medium","853"
"Live TV","Religious","Aastha Prime 1 (Aastha Prime 1)","https://aasthaott.akamaized.net/110923/smil:aasthaprime1.smil/master.m3u8","VIDEO","HLS","m3u8","","true","true","","IN","http://www.aasthatv.tv/","COMMUNITY","iptv-org public index, publicly listed free stream (verify broadcaster-official before promote)","iptv-org; categories=religious; quality=720p","medium","854"
"Live TV","Religious","Aastha Tamil (Aastha Tamil)","https://aasthaott.akamaized.net/110923/smil:aasthatamil.smil/playlist.m3u8","VIDEO","HLS","m3u8","","true","true","","IN","http://www.aasthatv.tv/","COMMUNITY","iptv-org public index, publicly listed free stream (verify broadcaster-official before promote)","iptv-org; categories=religious; quality=480p","medium","855"
"Live TV","Religious","Aastha Telugu (Aastha Telugu)","https://aasthaott.akamaized.net/110923/smil:aasthatelugu.smil/playlist.m3u8","VIDEO","HLS","m3u8","","true","true","","IN","http://www.aasthatv.tv/","COMMUNITY","iptv-org public index, publicly listed free stream (verify broadcaster-official before promote)","iptv-org; categories=religious; quality=480p","medium","856"
"Live TV","Religious","ACNN (ACNN)","https://viewmedia7219.bozztv.com/wmedia/viewmedia100/web_014/Stream/playlist.m3u8","VIDEO","HLS","m3u8","","true","true","","NG","https://www.acnntv.com/","COMMUNITY","iptv-org public index, publicly listed free stream (verify broadcaster-official before promote)","iptv-org; categories=religious; quality=480p","medium","857"
"Live TV","Religious","Adhyatm TV (Adhyatm TV)","https://mumbai-edge.smartplaytv.in/AdhyatmTV/index.m3u8","VIDEO","HLS","m3u8","","true","true","","IN","https://www.adhyatmhd.com/","COMMUNITY","iptv-org public index, publicly listed free stream (verify broadcaster-official before promote)","iptv-org; categories=religious; quality=720p","medium","858"
"Live TV","Religious","Aghapy TV (Aghapy TV)","https://5b622f07944df.streamlock.net/aghapy.tv/aghapy.smil/playlist.m3u8","VIDEO","HLS","m3u8","","true","true","","EG","http://www.aghapy.tv/","COMMUNITY","iptv-org public index, publicly listed free stream (verify broadcaster-official before promote)","iptv-org; categories=religious; quality=1080p","medium",""
"Live TV","Religious","Al Wafa Tarim (Alwafa Tarim TV (Am Media))","https://ammedia.siar.us/ammedia/live/playlist.m3u8","VIDEO","HLS","m3u8","","true","true","","ID","https://live.alwafatarim.tv/","COMMUNITY","iptv-org public index, publicly listed free stream (verify broadcaster-official before promote)","iptv-org; categories=religious; quality=720p","medium","859"
"Live TV","Religious","Al-Bahjah TV (Al-Bahjah TV)","http://202.150.161.117:8000/play/AlBahjahTV","VIDEO","ICECAST","","","true","false","","ID","https://www.albahjah.or.id/","COMMUNITY","iptv-org public index, publicly listed free stream (verify broadcaster-official before promote)","iptv-org; categories=religious; quality=1080p","medium","860"
"Live TV","Religious","Al-Iman TV (Al-Iman TV)","https://tv.aliman.id/aliman/live.m3u8","VIDEO","HLS","m3u8","","true","true","","ID","https://aliman.id/","COMMUNITY","iptv-org public index, publicly listed free stream (verify broadcaster-official before promote)","iptv-org; categories=religious; quality=720p","medium",""
"Live TV","Religious","Al-Zahra TV Turkic (Al-Zahra TV Turkic)","https://live.al-zahratv.com/live/playlist.m3u8","VIDEO","HLS","m3u8","","true","true","","TR","https://alzahra.tv/","COMMUNITY","iptv-org public index, publicly listed free stream (verify broadcaster-official before promote)","iptv-org; categories=religious; quality=720p","medium",""
"Live TV","Religious","Alcance TV (Alcance TV)","https://5bf8041cb3fed.streamlock.net/AlcanceTV/AlcanceTV/playlist.m3u8","VIDEO","HLS","m3u8","","true","true","","MX","","COMMUNITY","iptv-org public index, publicly listed free stream (verify broadcaster-official before promote)","iptv-org; categories=religious; quality=720p","medium",""
"Live TV","Religious","Angel TV (Angel TV Africa)","https://janya-digimix.akamaized.net/vglive-sk-904559/africa/ngrp:angelafrica_all/playlist.m3u8","VIDEO","HLS","m3u8","","true","true","","IN","https://www.angeltv.org","COMMUNITY","iptv-org public index, publicly listed free stream (verify broadcaster-official before promote)","iptv-org; categories=religious; quality=720p","medium","861"
"Live TV","Religious","Aradana TV (Aradana TV)","https://cdn-1.pishow.tv/live/961/master.m3u8","VIDEO","HLS","m3u8","","true","true","","IN","http://www.aradanatv.com/","COMMUNITY","iptv-org public index, publicly listed free stream (verify broadcaster-official before promote)","iptv-org; categories=religious; quality=576p","medium",""
"Live TV","Religious","Arputhar Yesu TV (Arputhar Yesu TV)","https://arputharyesutv.arputharyesutv.com/live/md/index.m3u8","VIDEO","HLS","m3u8","","true","true","","IN","https://arputharyesutv.net/","COMMUNITY","iptv-org public index, publicly listed free stream (verify broadcaster-official before promote)","iptv-org; categories=religious; quality=720p","medium","862"
"Live TV","Religious","BBS TV (BBS Buddhist Broadcasting)","http://bbstv.clouducs.com:1935/bbstv-live/livestream/playlist.m3u8","VIDEO","HLS","m3u8","","true","false","","KR","http://www.bbsi.co.kr/","COMMUNITY","iptv-org public index, publicly listed free stream (verify broadcaster-official before promote)","iptv-org; categories=religious; quality=1080p","medium",""
"Live TV","Religious","Bhakthi TV (Bhakthi TV)","https://cdn-1.pishow.tv/live/397/master.m3u8","VIDEO","HLS","m3u8","","true","true","","IN","http://www.bhakthitv.in/","COMMUNITY","iptv-org public index, publicly listed free stream (verify broadcaster-official before promote)","iptv-org; categories=religious; quality=720p","medium","863"
"Live TV","Religious","Boonniyom TV (Boonniyom TV)","https://live.x2.co.th/live/bntv.m3u8","VIDEO","HLS","m3u8","","true","true","","TH","https://www.boonniyom.net/","COMMUNITY","iptv-org public index, publicly listed free stream (verify broadcaster-official before promote)","iptv-org; categories=religious; quality=","medium","864"
"Live TV","Religious","BTN TV (BTN TV)","https://btn.nowcdn.co.kr/btn/btnlive2m/playlist.m3u8","VIDEO","HLS","m3u8","","true","true","","KR","http://www.btn.co.kr/btntv/main.asp","COMMUNITY","iptv-org public index, publicly listed free stream (verify broadcaster-official before promote)","iptv-org; categories=religious; quality=1080p","medium","865"
"Live TV","Religious","Canal Orbe 21 (Canal Orbe 21)","https://stream.arcast.net:4443/canal21/ngrp:canal21_all/playlist.m3u8","VIDEO","HLS","m3u8","","true","true","","AR","https://canalorbe21.com/","COMMUNITY","iptv-org public index, publicly listed free stream (verify broadcaster-official before promote)","iptv-org; categories=religious; quality=","medium","866"
"Live TV","Religious","Canal Santa Maria (Canal Santa María)","https://streaming.telered.com.ar/santa-maria/streaming/mystream.m3u8","VIDEO","HLS","m3u8","","true","true","","AR","https://www.canalsantamaria.com.ar/","COMMUNITY","iptv-org public index, publicly listed free stream (verify broadcaster-official before promote)","iptv-org; categories=religious; quality=360p","medium","867"
"Live TV","Religious","Channel Divya (Channel Divya)","https://vg-pitaaratvlive.akamaized.net/v1/vglive-sk-906482/playlist.m3u8","VIDEO","HLS","m3u8","","true","true","","IN","https://divya.tv/","COMMUNITY","iptv-org public index, publicly listed free stream (verify broadcaster-official before promote)","iptv-org; categories=religious; quality=1080p","medium","868"
"Live TV","Religious","Channel WIN (Channel WIN)","https://cdn-4.pishow.tv/live/229/master.m3u8","VIDEO","HLS","m3u8","","true","true","","IN","http://www.channelwin.tv/","COMMUNITY","iptv-org public index, publicly listed free stream (verify broadcaster-official before promote)","iptv-org; categories=religious; quality=720p","medium","869"
"Live TV","Religious","Chosen TV English (Chosen TV English)","https://viewmedia7219.bozztv.com/wmedia/viewmedia100/web_024/Stream/playlist.m3u8","VIDEO","HLS","m3u8","","true","true","","NG","https://www.tlccrm.org/","COMMUNITY","iptv-org public index, publicly listed free stream (verify broadcaster-official before promote)","iptv-org; categories=religious; quality=360p","medium","870"
"Live TV","Religious","Coptic TV (Coptic TV)","https://ctv.icopts.app/CTV/index.fmp4.m3u8","VIDEO","HLS","m3u8","","true","true","","EG","https://www.ctvchannel.tv/","COMMUNITY","iptv-org public index, publicly listed free stream (verify broadcaster-official before promote)","iptv-org; categories=religious; quality=720p","medium","871"
"Live TV","Religious","Coza TV (Coza TV)","https://viewmedia7219.bozztv.com/wmedia/viewmedia100/web_019/Stream/playlist.m3u8","VIDEO","HLS","m3u8","","true","true","","NG","https://coza.org.ng/","COMMUNITY","iptv-org public index, publicly listed free stream (verify broadcaster-official before promote)","iptv-org; categories=religious; quality=576p","medium",""
"Live TV","Religious","CVR OM Spiritual (CVR OM Spiritual)","https://cdn-1.pishow.tv/live/957/master.m3u8","VIDEO","HLS","m3u8","","true","true","","IN","http://www.cvrinfo.com/omspiritual.html","COMMUNITY","iptv-org public index, publicly listed free stream (verify broadcaster-official before promote)","iptv-org; categories=religious; quality=576p","medium",""
"Live TV","Religious","DAAI TV (DAAI TV)","https://pull.daaiplus.com/live-DAAIPLUS/live-DAAIPLUS_HD.m3u8","VIDEO","HLS","m3u8","","true","true","","ID","https://www.daaitv.co.id/","COMMUNITY","iptv-org public index, publicly listed free stream (verify broadcaster-official before promote)","iptv-org; categories=religious; quality=","medium","872"
"Live TV","Religious","Despertar TV (Despertar TV)","https://cdn.live.br1.jmvstream.com/webtv/pejexypz/playlist/playlist.m3u8","VIDEO","HLS","m3u8","","true","true","","BR","https://despertartv.com.br/","COMMUNITY","iptv-org public index, publicly listed free stream (verify broadcaster-official before promote)","iptv-org; categories=religious; quality=720p","medium",""
"Live TV","Religious","Dhamma TV (Dhamma TV)","https://b.webcache.maxindo.net.id/dhamma/dhamma.m3u8","VIDEO","HLS","m3u8","","true","true","","ID","https://dhammaweb.tv/","COMMUNITY","iptv-org public index, publicly listed free stream (verify broadcaster-official before promote)","iptv-org; categories=religious; quality=720p","medium","873"
"Live TV","Religious","Dharm Sandesh (Dharm Sandesh)","https://cdn-2.pishow.tv/live/1455/master.m3u8","VIDEO","HLS","m3u8","","true","true","","IN","","COMMUNITY","iptv-org public index, publicly listed free stream (verify broadcaster-official before promote)","iptv-org; categories=religious; quality=","medium",""
"Live TV","Religious","Dheeran TV (Dheeran TV)","https://live.we2live.in/dheerantv/dheerantv/playlist.m3u8","VIDEO","HLS","m3u8","","true","true","","IN","https://dheeran.tv/","COMMUNITY","iptv-org public index, publicly listed free stream (verify broadcaster-official before promote)","iptv-org; categories=religious; quality=576p","medium",""
"Live TV","Religious","Divyavani TV (Divyavani TV)","https://mumbai-edge.smartplaytv.in/Divyavani/index.m3u8","VIDEO","HLS","m3u8","","true","true","","IN","http://www.divyavani.tv/","COMMUNITY","iptv-org public index, publicly listed free stream (verify broadcaster-official before promote)","iptv-org; categories=religious; quality=576p","medium","874"
"Live TV","Religious","Diyanet TV (Diyanet TV)","https://eustr73.mediatriple.net/videoonlylive/mtikoimxnztxlive/broadcast_5e3bf95a47e07.smil/playlist.m3u8","VIDEO","HLS","m3u8","","true","true","","TR","https://www.diyanet.tv/","COMMUNITY","iptv-org public index, publicly listed free stream (verify broadcaster-official before promote)","iptv-org; categories=religious; quality=1080p","medium",""
"Live TV","Religious","Diyar TV (Diyar TV)","https://live.artidijitalmedya.com/artidijital_diyartv/diyartv/playlist.m3u8","VIDEO","HLS","m3u8","","true","true","","TR","https://www.diyartv.com.tr/","COMMUNITY","iptv-org public index, publicly listed free stream (verify broadcaster-official before promote)","iptv-org; categories=religious; quality=720p","medium",""
"Live TV","Religious","DMI TV (DMI TV)","https://tvstreamcast.com/tawaftv.m3u8","VIDEO","HLS","m3u8","","true","true","","ID","https://www.dmitv.id/","COMMUNITY","iptv-org public index, publicly listed free stream (verify broadcaster-official before promote)","iptv-org; categories=religious; quality=576i","medium","875"
"Live TV","Religious","Dost TV (Dost TV)","https://dost.stream.emsal.im/tv/live.m3u8","VIDEO","HLS","m3u8","","true","true","","TR","https://www.dosttv.com/","COMMUNITY","iptv-org public index, publicly listed free stream (verify broadcaster-official before promote)","iptv-org; categories=religious; quality=576p","medium","876"
"Live TV","Religious","EWTN Poland (EWTN Poland)","https://cdn3.wowza.com/1/ZHdrMWt1NjlDSzFu/bzdDVG10/hls/live/playlist.m3u8","VIDEO","HLS","m3u8","","true","true","","PL","https://ewtn.pl/","COMMUNITY","iptv-org public index, publicly listed free stream (verify broadcaster-official before promote)","iptv-org; categories=religious; quality=1080p","medium","877"
"Live TV","Religious","Faith TV (Faith TV)","https://cdn.freevisiontv.co.za/sttv/smil:faith.stream.smil/playlist.m3u8","VIDEO","HLS","m3u8","","true","true","","ZA","https://myfaith.tv/","COMMUNITY","iptv-org public index, publicly listed free stream (verify broadcaster-official before promote)","iptv-org; categories=religious; quality=576p","medium",""
"Live TV","Religious","Fateh TV (Fateh TV)","https://ott.livelegitpro.in/fatehtv/fatehtv/index.m3u8","VIDEO","HLS","m3u8","","true","true","","IN","https://www.fatehtvonline.com/","COMMUNITY","iptv-org public index, publicly listed free stream (verify broadcaster-official before promote)","iptv-org; categories=religious; quality=1080p","medium","878"
"Live TV","Religious","FGTV (FGTV)","https://fgtvlive.fgtv.com/smil:fgtv.smil/playlist.m3u8","VIDEO","HLS","m3u8","","true","true","","KR","https://www.fgtv.com/","COMMUNITY","iptv-org public index, publicly listed free stream (verify broadcaster-official before promote)","iptv-org; categories=religious; quality=720p","medium","879"
"Live TV","Religious","Flame TV (Flame TV)","https://viewmedia7219.bozztv.com/wmedia/viewmedia100/web_010/Stream/playlist.m3u8","VIDEO","HLS","m3u8","","true","true","","NG","https://flametv.tv/","COMMUNITY","iptv-org public index, publicly listed free stream (verify broadcaster-official before promote)","iptv-org; categories=religious; quality=576p","medium","880"
"Live TV","Religious","Fonte TV (Fonte TV)","http://flash.softhost.com.br:1935/fonte/fontetv/live.m3u8","VIDEO","HLS","m3u8","","true","false","","BR","https://fontetv.redefonte.com/","COMMUNITY","iptv-org public index, publicly listed free stream (verify broadcaster-official before promote)","iptv-org; categories=religious; quality=1080p","medium","881"
"Live TV","Religious","GCN (GCN24 Korean)","http://liveko24-manminglobal3.ktcdn.co.kr/liveko24/gcnko_1300k.stream/playlist.m3u8","VIDEO","HLS","m3u8","","true","false","","KR","http://www.gcntv.org/","COMMUNITY","iptv-org public index, publicly listed free stream (verify broadcaster-official before promote)","iptv-org; categories=religious; quality=720p","medium","882"
"Live TV","Religious","Good TV (GoodTV)","http://mobliestream.c3tv.com:1935/live/goodtv.sdp/playlist.m3u8","VIDEO","HLS","m3u8","","true","false","","KR","http://home.goodtv.co.kr/","COMMUNITY","iptv-org public index, publicly listed free stream (verify broadcaster-official before promote)","iptv-org; categories=religious; quality=1080p","medium","883"
"Live TV","Religious","GoodNews TV (GoodNews TV)","https://bpgdlwwar3ze-hls-live.wmncdn.net/goodnews/live.stream/playlist.m3u8","VIDEO","HLS","m3u8","","true","true","","IN","https://goodnewstelevision.com/","COMMUNITY","iptv-org public index, publicly listed free stream (verify broadcaster-official before promote)","iptv-org; categories=religious; quality=720p","medium","884"
"Live TV","Religious","Gospel Cartoon (Gospel Cartoon)","https://stmv1.srvif.com/gospelcartoon/gospelcartoon/playlist.m3u8","VIDEO","HLS","m3u8","","true","true","","BR","","COMMUNITY","iptv-org public index, publicly listed free stream (verify broadcaster-official before promote)","iptv-org; categories=religious; quality=360p","medium",""
"Live TV","Religious","Gospel Movie TV (Gospel Movie TV)","https://stmv1.srvif.com/gospelf/gospelf/playlist.m3u8","VIDEO","HLS","m3u8","","true","true","","BR","https://ipgotv.net.br/tv/gmovies/","COMMUNITY","iptv-org public index, publicly listed free stream (verify broadcaster-official before promote)","iptv-org; categories=religious; quality=360p","medium","885"
"Live TV","Religious","Gospel TV India (Gospel TV India)","https://server.livelegitpro.in:9899/gospeltv/index.m3u8","VIDEO","HLS","m3u8","","true","true","","IN","http://gospeltvindia.com/","COMMUNITY","iptv-org public index, publicly listed free stream (verify broadcaster-official before promote)","iptv-org; categories=religious; quality=720p","medium","886"
"Live TV","Religious","Hare Krsna TV (Hare Krsna TV)","https://hktv.harekrsnatv.com/HKTV/HKWebApp/manifest.mpd","VIDEO","DASH","mpd","","true","true","","IN","https://www.harekrsnatv.com/","COMMUNITY","iptv-org public index, publicly listed free stream (verify broadcaster-official before promote)","iptv-org; categories=religious; quality=1080p","medium","887"
"Live TV","Religious","Harvest TV (Harvest TV)","https://7mbd4ogkr3gx-hls-live.wmncdn.net/harvesttvlive1/bbb19eae240ec100af921d511efc86a0.sdp/index.m3u8","VIDEO","HLS","m3u8","","true","true","","IN","https://harvesttv.in/","COMMUNITY","iptv-org public index, publicly listed free stream (verify broadcaster-official before promote)","iptv-org; categories=religious; quality=720p","medium","888"
"Live TV","Religious","Harvest TV Keralam (Harvest TV Keralam)","https://7mbd4ogkr3gx-hls-live.wmncdn.net/harvestenglish/d1796a22d24e8696c7d5d0b5c349fdd2.sdp/index.m3u8","VIDEO","HLS","m3u8","","true","true","","IN","https://www.harvesttvkeralam.live/","COMMUNITY","iptv-org public index, publicly listed free stream (verify broadcaster-official before promote)","iptv-org; categories=religious; quality=720p","medium","889"
"Live TV","Religious","Harvest USA (Harvest USA)","https://7mbd4ogkr3gx-hls-live.wmncdn.net/harvestusa/d57ffba6564caea2fee3f4085f19a098.sdp/playlist.m3u8","VIDEO","HLS","m3u8","","true","true","","IN","https://harvesttv.in/harvest-usa-2/","COMMUNITY","iptv-org public index, publicly listed free stream (verify broadcaster-official before promote)","iptv-org; categories=religious; quality=576p","medium","890"
"Live TV","Religious","Hebron TV (Hebron TV)","https://account20.livebox.co.in/charleshls/live.m3u8","VIDEO","HLS","m3u8","","true","true","","IN","https://hebrontv.in/","COMMUNITY","iptv-org public index, publicly listed free stream (verify broadcaster-official before promote)","iptv-org; categories=religious; quality=1080p","medium","891"
"Live TV","Religious","Hindu Dharmam (Hindu Dharmam)","https://cdn-1.pishow.tv/live/959/master.m3u8","VIDEO","HLS","m3u8","","true","true","","IN","http://www.hindudharmam.in/","COMMUNITY","iptv-org public index, publicly listed free stream (verify broadcaster-official before promote)","iptv-org; categories=religious; quality=576p","medium",""
"Live TV","Religious","Huda TV (Huda TV)","https://cdn.bestream.io:19360/elfaro1/elfaro1.m3u8","VIDEO","HLS","m3u8","","true","true","","EG","https://huda.tv/","COMMUNITY","iptv-org public index, publicly listed free stream (verify broadcaster-official before promote)","iptv-org; categories=religious; quality=720p","medium","892"
"Live TV","Religious","Iqraa Africa & Europe (Iqraa Africa & Europe)","https://playlist.fasttvcdn.com/pl/dlkqw1ftuvuuzkcb4pxdcg/Iqraafasttv1/playlist.m3u8","VIDEO","HLS","m3u8","","true","true","","SA","https://iqraa.com/","COMMUNITY","iptv-org public index, publicly listed free stream (verify broadcaster-official before promote)","iptv-org; categories=religious; quality=1080p","medium","893"
"Live TV","Religious","Iqraa Arabic (Iqraa Arabic)","https://playlist.fasttvcdn.com/pl/dlkqw1ftuvuuzkcb4pxdcg/Iqraafasttv3/playlist.m3u8","VIDEO","HLS","m3u8","","true","true","","SA","https://iqraa.com/","COMMUNITY","iptv-org public index, publicly listed free stream (verify broadcaster-official before promote)","iptv-org; categories=religious; quality=1080p","medium","894"
"Live TV","Religious","Iqraa Quran (Iqraa Quran)","https://playlist.fasttvcdn.com/pl/dlkqw1ftuvuuzkcb4pxdcg/Iqraafasttv2/playlist.m3u8","VIDEO","HLS","m3u8","","true","true","","SA","https://iqraa.com/","COMMUNITY","iptv-org public index, publicly listed free stream (verify broadcaster-official before promote)","iptv-org; categories=religious; quality=1080p","medium","895"
"Live TV","Religious","Ishwar Bhakti TV (Ishwar Bhakti TV)","https://6n3yow8pl9ok-hls-live.5centscdn.com/ishwartvlive/tv.stream/playlist.m3u8","VIDEO","HLS","m3u8","","true","true","","IN","","COMMUNITY","iptv-org public index, publicly listed free stream (verify broadcaster-official before promote)","iptv-org; categories=religious; quality=720p","medium",""
"Live TV","Religious","Jinvani Channel (Jinvani Channel)","https://cdn-2.pishow.tv/live/989/master.m3u8","VIDEO","HLS","m3u8","","true","true","","IN","https://www.jinvanichannel.com/","COMMUNITY","iptv-org public index, publicly listed free stream (verify broadcaster-official before promote)","iptv-org; categories=religious; quality=720p","medium","896"
"Live TV","Religious","Joy TV (Joy TV)","https://ktismaservers.in:3412/live/joytvlive.m3u8","VIDEO","HLS","m3u8","","true","true","","IN","https://joytvchennai.org/","COMMUNITY","iptv-org public index, publicly listed free stream (verify broadcaster-official before promote)","iptv-org; categories=religious; quality=1080p","medium","897"
"Live TV","Religious","Lalegul TV (Lalegul TV)","https://lbl.netmedya.net/hls/lalegultv.m3u8","VIDEO","HLS","m3u8","","true","true","","TR","https://lalegultv.com.tr/","COMMUNITY","iptv-org public index, publicly listed free stream (verify broadcaster-official before promote)","iptv-org; categories=religious; quality=1080p","medium","898"
"Live TV","Religious","Life TV (Life TV)","https://lifetv.livebox.co.in/lifetvhls/lifetv.m3u8","VIDEO","HLS","m3u8","","true","true","","IN","http://watchlifetv.net/","COMMUNITY","iptv-org public index, publicly listed free stream (verify broadcaster-official before promote)","iptv-org; categories=religious; quality=720p","medium",""
"Live TV","Religious","LoveWorld Arabic (LoveWorld Arabic)","https://go5lm6a6dawb-hls-live.5centscdn.com/lwarabic/53132d996b4263ec0d7b602292c46eaf.sdp/playlist.m3u8","VIDEO","HLS","m3u8","","true","true","","NG","http://loveworldarabic.tv/","COMMUNITY","iptv-org public index, publicly listed free stream (verify broadcaster-official before promote)","iptv-org; categories=religious; quality=360p","medium","899"
"Live TV","Religious","LoveWorld Persia (LoveWorld Persia)","https://cdn3.wowza.com/5/aVJETlF0UFdmYTFu/LWPP/ngrp:persia.stream_all/playlist.m3u8","VIDEO","HLS","m3u8","","true","true","","NG","https://loveworldpersia.org/","COMMUNITY","iptv-org public index, publicly listed free stream (verify broadcaster-official before promote)","iptv-org; categories=religious; quality=720p","medium","900"
"Live TV","Religious","LoveWorld UK (Loveworld UK)","https://cdn3.wowza.com/5/L1Uzd2FrbVlLRG1W/live/smil:lwukweb.smil/playlist.m3u8","VIDEO","HLS","m3u8","","true","true","","NG","https://loveworlduk.org/","COMMUNITY","iptv-org public index, publicly listed free stream (verify broadcaster-official before promote)","iptv-org; categories=religious; quality=1080p","medium","901"
"Live TV","Religious","LoveWorld USA (LoveWorld USA)","https://cdn3.wowza.com/5/RGtVZkFxL3FOQkxX/LWU/ngrp:lwu.stream_all/playlist.m3u8","VIDEO","HLS","m3u8","","true","true","","NG","https://www.loveworldusa.org/","COMMUNITY","iptv-org public index, publicly listed free stream (verify broadcaster-official before promote)","iptv-org; categories=religious; quality=720p","medium","902"
"Live TV","Religious","LoveworldSAT (LoveworldSAT)","https://cdnstack.internetmultimediaonline.org/lwsat/lwsat.stream/index.m3u8","VIDEO","HLS","m3u8","","true","true","","NG","http://www.loveworldsat.org/","COMMUNITY","iptv-org public index, publicly listed free stream (verify broadcaster-official before promote)","iptv-org; categories=religious; quality=1080p","medium","903"
"Live TV","Religious","Madani TV (Madani TV)","https://stream.asianastream.com/madani/madanitv.smil/playlist.m3u8","VIDEO","HLS","m3u8","","true","true","","ID","https://madani.tv/","COMMUNITY","iptv-org public index, publicly listed free stream (verify broadcaster-official before promote)","iptv-org; categories=religious; quality=720p","medium","904"
"Live TV","Religious","Madha TV (Madha TV)","https://cdn-3.pishow.tv/live/1265/master.m3u8","VIDEO","HLS","m3u8","","true","true","","IN","http://madhatv.in/","COMMUNITY","iptv-org public index, publicly listed free stream (verify broadcaster-official before promote)","iptv-org; categories=religious; quality=","medium",""
"Live TV","Religious","Makkah TV (Makkah TV)","https://media2.streambrothers.com:1936/8122/8122/playlist.m3u8","VIDEO","HLS","m3u8","","true","true","","SA","https://makkahtv.tv/","COMMUNITY","iptv-org public index, publicly listed free stream (verify broadcaster-official before promote)","iptv-org; categories=religious; quality=576p","medium","905"
"Live TV","Religious","Maria Vision (María Visión Mexico)","https://1601580044.rsc.cdn77.org/live/_jcn_/amlst:Mariavision/master.m3u8","VIDEO","HLS","m3u8","","true","true","","MX","https://www.mariavision.com/","COMMUNITY","iptv-org public index, publicly listed free stream (verify broadcaster-official before promote)","iptv-org; categories=religious; quality=360p","medium","906"
"Live TV","Religious","Mercy TV (Mercy TV)","https://5dd3981940faa.streamlock.net/mercytv/mercytv/playlist.m3u8","VIDEO","HLS","m3u8","","true","true","","IN","https://mercytv.tv/","COMMUNITY","iptv-org public index, publicly listed free stream (verify broadcaster-official before promote)","iptv-org; categories=religious; quality=1080p","medium","907"
"Live TV","Religious","Monte Maria (Monte Maria)","https://5ca9af4645e15.streamlock.net/montemaria/videomontemaria/playlist.m3u8","VIDEO","HLS","m3u8","","true","true","","MX","https://www.montemaria.mx/?lang=en","COMMUNITY","iptv-org public index, publicly listed free stream (verify broadcaster-official before promote)","iptv-org; categories=religious; quality=1080p","medium","908"
"Live TV","Religious","Nabawi TV (Nabawi TV)","http://202.150.161.117:8000/play/NabawiTV","VIDEO","ICECAST","","","true","false","","ID","https://nabawi.tv/","COMMUNITY","iptv-org public index, publicly listed free stream (verify broadcaster-official before promote)","iptv-org; categories=religious; quality=720p","medium",""
"Live TV","Religious","New Vision TV (New Vision TV)","https://viewmedia7219.bozztv.com/wmedia/viewmedia100/web_027/Stream/playlist.m3u8","VIDEO","HLS","m3u8","","true","true","","NG","https://crichurch.org/","COMMUNITY","iptv-org public index, publicly listed free stream (verify broadcaster-official before promote)","iptv-org; categories=religious; quality=360p","medium","909"
"Live TV","Religious","Nireekshana TV (Nireekshana TV)","https://cdn-1.pishow.tv/live/965/master.m3u8","VIDEO","HLS","m3u8","","true","true","","IN","http://www.nireekshana.tv/","COMMUNITY","iptv-org public index, publicly listed free stream (verify broadcaster-official before promote)","iptv-org; categories=religious; quality=576p","medium",""
"Live TV","Religious","Novo Tempo (Novo Tempo)","https://stream.live.novotempo.com/tv/smil:tvnovotempo.smil/playlist.m3u8","VIDEO","HLS","m3u8","","true","true","","BR","","COMMUNITY","iptv-org public index, publicly listed free stream (verify broadcaster-official before promote)","iptv-org; categories=religious; quality=720p","medium",""
"Live TV","Religious","Nuevo Tiempo (Nuevo Tiempo)","https://stream.live.novotempo.com/tv/smil:tvnuevotiempo.smil/playlist.m3u8","VIDEO","HLS","m3u8","","true","true","","BR","https://www.nuevotiempo.org/tv/","COMMUNITY","iptv-org public index, publicly listed free stream (verify broadcaster-official before promote)","iptv-org; categories=religious; quality=720p","medium","910"
"Live TV","Religious","PMC Telugu (PMC Telugu)","https://mumbai-edge.smartplaytv.in/PMC/index.m3u8","VIDEO","HLS","m3u8","","true","true","","IN","https://www.pmconlinetv.com/","COMMUNITY","iptv-org public index, publicly listed free stream (verify broadcaster-official before promote)","iptv-org; categories=religious; quality=1080p","medium","911"
"Live TV","Religious","PTC Simran (PTC Simran)","https://cdn-6.pishow.tv/live/1503/master.m3u8","VIDEO","HLS","m3u8","","true","true","","IN","https://www.ptcnetwork.com/channel/","COMMUNITY","iptv-org public index, publicly listed free stream (verify broadcaster-official before promote)","iptv-org; categories=religious; quality=","medium","912"
"Live TV","Religious","Radio Sublime Gracia TV (Radio Sublime Gracia TV)","https://5f700d5b2c46f.streamlock.net/sublime/sublime/playlist.m3u8","VIDEO","HLS","m3u8","","true","true","","AR","https://sublimegraciatv.com/","COMMUNITY","iptv-org public index, publicly listed free stream (verify broadcaster-official before promote)","iptv-org; categories=religious; quality=720p","medium","913"
"Live TV","Religious","Rede Gospel (Rede Gospel)","https://redegospel-aovivo.nuvemplay.live/hls/stream.m3u8","VIDEO","HLS","m3u8","","true","true","","BR","https://www.redegospel.tv.br/","COMMUNITY","iptv-org public index, publicly listed free stream (verify broadcaster-official before promote)","iptv-org; categories=religious; quality=1080p","medium","914"
"Live TV","Religious","Rede Vida (Rede Vida)","https://cdn-5.nxplay.com.br/REDE_VIDA/index.m3u8","VIDEO","HLS","m3u8","","true","true","","BR","http://www.redevida.com.br/","COMMUNITY","iptv-org public index, publicly listed free stream (verify broadcaster-official before promote)","iptv-org; categories=religious; quality=576p","medium","915"
"Live TV","Religious","RIT TV (RIT TV)","https://acesso.ecast.site:3648/live/ritlive.m3u8","VIDEO","HLS","m3u8","","true","true","","BR","https://www.rittv.com.br/","COMMUNITY","iptv-org public index, publicly listed free stream (verify broadcaster-official before promote)","iptv-org; categories=religious; quality=1080p","medium","916"
"Live TV","Religious","RUTC TV (RUTC TV)","http://d26sxnc75smwvh.cloudfront.net/livehttporigin/rutclive_720p2.stream/playlist.m3u8","VIDEO","HLS","m3u8","","true","false","","KR","http://rutc.tv/","COMMUNITY","iptv-org public index, publicly listed free stream (verify broadcaster-official before promote)","iptv-org; categories=religious; quality=720p","medium",""
"Live TV","Religious","Sadhna (Sadhna)","https://6n3yow8pl9ok-hls-live.5centscdn.com/sadhanalivetv/live.stream/playlist.m3u8","VIDEO","HLS","m3u8","","true","true","","IN","http://www.sadhna.com/","COMMUNITY","iptv-org public index, publicly listed free stream (verify broadcaster-official before promote)","iptv-org; categories=religious; quality=720p","medium",""
"Live TV","Religious","Salvation TV (Salvation TV)","https://ktismaservers.in:3902/live/salvationtvlive.m3u8","VIDEO","HLS","m3u8","","true","true","","IN","https://salvationtv.in/","COMMUNITY","iptv-org public index, publicly listed free stream (verify broadcaster-official before promote)","iptv-org; categories=religious; quality=1080p","medium","917"
"Live TV","Religious","Sankara TV (Sankara TV)","https://cdn-3.pishow.tv/live/1135/master.m3u8","VIDEO","HLS","m3u8","","true","true","","IN","https://www.srisankaratv.com/","COMMUNITY","iptv-org public index, publicly listed free stream (verify broadcaster-official before promote)","iptv-org; categories=religious; quality=576p","medium","918"
"Live TV","Religious","Sanskar TV (Sanskar TV)","https://d26idhjf0y1p2g.cloudfront.net/out/v1/cd66dd25b9774cb29943bab54bbf3e2f/index.m3u8","VIDEO","HLS","m3u8","","true","true","","IN","https://app.sanskargroup.in/","COMMUNITY","iptv-org public index, publicly listed free stream (verify broadcaster-official before promote)","iptv-org; categories=religious|culture; quality=1080p","medium",""
"Live TV","Religious","Sanskar UK (Sanskar UK)","https://d34z4embz0hjf6.cloudfront.net/out/v1/7ac2789ff9a544a49337d1ffc54ce61c/index.m3u8","VIDEO","HLS","m3u8","","true","true","","IN","https://app.sanskargroup.in/","COMMUNITY","iptv-org public index, publicly listed free stream (verify broadcaster-official before promote)","iptv-org; categories=religious; quality=1080p","medium",""
"Live TV","Religious","Sanskar USA (Sanskar USA)","https://d2netiedy8cz3x.cloudfront.net/out/v1/9bf6fa4ac8d6432cb98da13b121ba3c2/index.m3u8","VIDEO","HLS","m3u8","","true","true","","IN","https://app.sanskargroup.in/","COMMUNITY","iptv-org public index, publicly listed free stream (verify broadcaster-official before promote)","iptv-org; categories=religious; quality=1080p","medium",""
"Live TV","Religious","Sanskar Web TV (Sanskar Web TV)","https://deatfcv3xdvi3.cloudfront.net/out/v1/7a43dd2f64e34ec28da1b4bd6923251a/index.m3u8","VIDEO","HLS","m3u8","","true","true","","IN","https://app.sanskargroup.in/","COMMUNITY","iptv-org public index, publicly listed free stream (verify broadcaster-official before promote)","iptv-org; categories=religious; quality=1080p","medium",""
"Live TV","Religious","Satsang TV (Satsang TV)","https://d2vfwvjxwtwq1t.cloudfront.net/out/v1/6b24239d5517495b986e7705490c6e65/index.m3u8","VIDEO","HLS","m3u8","","true","true","","IN","https://app.sanskargroup.in/","COMMUNITY","iptv-org public index, publicly listed free stream (verify broadcaster-official before promote)","iptv-org; categories=religious; quality=1080p","medium",""
"Live TV","Religious","Satsang Web TV (Satsang Web TV)","https://d1ji7e9jbzm5g8.cloudfront.net/out/v1/769f22f64d80442889306b9c4abea63c/index.m3u8","VIDEO","HLS","m3u8","","true","true","","IN","https://app.sanskargroup.in/","COMMUNITY","iptv-org public index, publicly listed free stream (verify broadcaster-official before promote)","iptv-org; categories=religious; quality=1080p","medium",""
"Live TV","Religious","Shalom (Shalom Global)","https://d28xtgmk9tfk6b.cloudfront.net/master.m3u8","VIDEO","HLS","m3u8","","true","true","","IN","https://shalomtv.tv/","COMMUNITY","iptv-org public index, publicly listed free stream (verify broadcaster-official before promote)","iptv-org; categories=religious; quality=1080p","medium",""
"Live TV","Religious","Shubhsandesh TV (Shubhsandesh TV)","https://6284rn2xr7xv-hls-live.wmncdn.net/shubhsandeshtv1/live123.stream/index.m3u8","VIDEO","HLS","m3u8","","true","true","","IN","https://www.shubhsandeshtv.com/","COMMUNITY","iptv-org public index, publicly listed free stream (verify broadcaster-official before promote)","iptv-org; categories=religious; quality=720p","medium","919"
"Live TV","Religious","Sion TV (Sion TV)","https://tv.streamcasthd.com:3536/live/siontvlive.m3u8","VIDEO","HLS","m3u8","","true","true","","AR","https://siontv.com.ar/","COMMUNITY","iptv-org public index, publicly listed free stream (verify broadcaster-official before promote)","iptv-org; categories=religious; quality=","medium",""
"Live TV","Religious","Subhavaartha TV (Subhavaartha TV)","https://2mk9qae4rwyb-hls-live.wmncdn.net/shubhavartha/live.stream/playlist.m3u8","VIDEO","HLS","m3u8","","true","true","","IN","http://www.subhavaarthatv.com/","COMMUNITY","iptv-org public index, publicly listed free stream (verify broadcaster-official before promote)","iptv-org; categories=religious; quality=720p","medium","920"
"Live TV","Religious","SVBC 2 (SVBC 2)","https://player.mslivestream.net/tamil/ac206e74d75b285755ee4924df87d951.sdp/playlist.m3u8","VIDEO","HLS","m3u8","","true","true","","IN","http://www.svbcttd.com/SVBC_LIVE_TAMIL.html","COMMUNITY","iptv-org public index, publicly listed free stream (verify broadcaster-official before promote)","iptv-org; categories=religious; quality=1080p","medium",""
"Live TV","Religious","SVBC 3 (SVBC 3)","https://player.mslivestream.net/svbc/2e628d7e1b65d31254fd7705ff7ee64d.sdp/playlist.m3u8","VIDEO","HLS","m3u8","","true","true","","IN","http://www.svbcttd.com/tv3.html","COMMUNITY","iptv-org public index, publicly listed free stream (verify broadcaster-official before promote)","iptv-org; categories=religious; quality=720p","medium",""
"Live TV","Science & Space","MediBizTV (MediBizTV)","https://43wrzjnpqoxe-hls-live.wmncdn.net/marinebiztvlive/marinebiztvlive/playlist.m3u8","VIDEO","HLS","m3u8","","true","true","","IN","https://www.medibiztv.com/live/","COMMUNITY","iptv-org public index, publicly listed free stream (verify broadcaster-official before promote)","iptv-org; categories=science|education|news; quality=720p","medium","921"
"Live TV","Series","Bab Al Hara (Bab Al Hara)","https://shd-amg-fast.edgenextcdn.net/tx010/playlist.m3u8","VIDEO","HLS","m3u8","","true","true","","SA","","COMMUNITY","iptv-org public index, publicly listed free stream (verify broadcaster-official before promote)","iptv-org; categories=series; quality=1080p","medium",""
"Live TV","Series","CBC Drama (CBC Drama)","https://flu.systemnet.tv/CBCDrama/index.m3u8","VIDEO","HLS","m3u8","","true","true","","EG","https://www.cbc-eg.com/drama","COMMUNITY","iptv-org public index, publicly listed free stream (verify broadcaster-official before promote)","iptv-org; categories=series; quality=576p","medium",""
"Live TV","Series","Europa Europa (Europa Europa)","http://181.119.93.83:8000/play/a1sr/index.m3u8","VIDEO","HLS","m3u8","","true","false","","AR","https://www.europaeuropa.tv/","COMMUNITY","iptv-org public index, publicly listed free stream (verify broadcaster-official before promote)","iptv-org; categories=series; quality=","medium","922"
"Live TV","Series","Maraya (Maraya)","https://shd-amg-fast.edgenextcdn.net/tx008/playlist.m3u8","VIDEO","HLS","m3u8","","true","true","","SA","","COMMUNITY","iptv-org public index, publicly listed free stream (verify broadcaster-official before promote)","iptv-org; categories=series; quality=1080p","medium",""
"Live TV","Series","MBC Masr Drama (MBC Masr Drama)","https://shd-gcp-live.edgenextcdn.net/live/bitmovin-mbc-masr-drama/567b703c19ede6598222de81b0e4508b/index.m3u8","VIDEO","HLS","m3u8","","true","true","","SA","https://www.mbc.net/","COMMUNITY","iptv-org public index, publicly listed free stream (verify broadcaster-official before promote)","iptv-org; categories=series; quality=1080p","medium","923"
"Live TV","Shop","1001 Noites (1001 Noites)","https://cdn.jmvstream.com/w/LVW-8155/ngrp:LVW8155_41E1ciuCvO_all/playlist.m3u8","VIDEO","HLS","m3u8","","true","true","","BR","https://1001noites.com.br/","COMMUNITY","iptv-org public index, publicly listed free stream (verify broadcaster-official before promote)","iptv-org; categories=shop; quality=720p","medium","924"
"Live TV","Shop","CJ OnStyle (CJ OnStyle)","https://live-ch1.cjonstyle.net/cjmalllive/stream2/playlist.m3u8","VIDEO","HLS","m3u8","","true","true","","KR","http://display.cjonstyle.com/","COMMUNITY","iptv-org public index, publicly listed free stream (verify broadcaster-official before promote)","iptv-org; categories=shop; quality=540p","medium","925"
"Live TV","Shop","CJ OnStyle+ (CJ OnStyle Plus)","https://live-ch2.cjonstyle.net/cjosplus/live2/playlist.m3u8","VIDEO","HLS","m3u8","","true","true","","KR","http://display.cjonstyle.com/","COMMUNITY","iptv-org public index, publicly listed free stream (verify broadcaster-official before promote)","iptv-org; categories=shop; quality=540p","medium","926"
"Live TV","Shop","Gongyoung Home Shopping (Gongyoung Shopping)","https://etv.publichs.com/live5.stream/playlist.m3u8","VIDEO","HLS","m3u8","","true","true","","KR","https://www.gongyoungshop.kr/","COMMUNITY","iptv-org public index, publicly listed free stream (verify broadcaster-official before promote)","iptv-org; categories=shop; quality=720p","medium",""
"Live TV","Shop","GS My Shop (GS My Shop)","https://gstv-myshop.gsshop.com/myshop_hd/myshop_hd.stream/playlist.m3u8","VIDEO","HLS","m3u8","","true","true","","KR","https://www.gsshop.com/shop/gsmyshop/index.gs","COMMUNITY","iptv-org public index, publicly listed free stream (verify broadcaster-official before promote)","iptv-org; categories=shop; quality=1080p","medium","927"
"Live TV","Shop","GS Shop (GS Shop)","https://gstv-gsshop.gsshop.com/gsshop_hd/gsshop_hd.stream/playlist.m3u8","VIDEO","HLS","m3u8","","true","true","","KR","https://www.gsshop.com/","COMMUNITY","iptv-org public index, publicly listed free stream (verify broadcaster-official before promote)","iptv-org; categories=shop; quality=1080p","medium","928"
"Live TV","Shop","GSTV (GSTV)","https://japaneast.av.mk.io/mediakindcdn-mediakind/ca01a143-f823-4432-b670-c22ff9643ce4/index.qfm/manifest(format=m3u8-cmaf)","VIDEO","ICECAST","","","true","true","","JP","https://www.gstv.jp/","COMMUNITY","iptv-org public index, publicly listed free stream (verify broadcaster-official before promote)","iptv-org; categories=shop; quality=720p","medium",""
"Live TV","Shop","Home & Shopping (Home & Shopping)","https://s28.qtcdn.co.kr/media/liveM3U8/idx/518045142/enc/1860408350/playlist.m3u8","VIDEO","HLS","m3u8","","true","true","","KR","http://www.hnsmall.com/","COMMUNITY","iptv-org public index, publicly listed free stream (verify broadcaster-official before promote)","iptv-org; categories=shop; quality=720p","medium","929"
"Live TV","Shop","Hyundai Home Shopping (Hyundai Home Shopping)","https://livejj.hyundaihmall.com:8443/live/ngrp:hmall.stream_pc/playlist.m3u8","VIDEO","HLS","m3u8","","true","true","","KR","https://www.hmall.com/","COMMUNITY","iptv-org public index, publicly listed free stream (verify broadcaster-official before promote)","iptv-org; categories=shop; quality=720p","medium","930"
"Live TV","Shop","Hyundai Home Shopping + Shop (Hyundai Home Shopping Plus)","https://dtvstreaming.hyundaihmall.com/newcjp3/_definst_/newcjpstream.smil/playlist.m3u8","VIDEO","HLS","m3u8","","true","true","","KR","https://www.hmall.com/","COMMUNITY","iptv-org public index, publicly listed free stream (verify broadcaster-official before promote)","iptv-org; categories=shop; quality=720p","medium","931"
"Live TV","Shop","Lotte Home Shopping (Lotte Home Shopping)","https://pchlslivesw.lotteimall.com/live/livestream/lotteimalllive_mp4.m3u8","VIDEO","HLS","m3u8","","true","true","","KR","http://www.lotteimall.com/","COMMUNITY","iptv-org public index, publicly listed free stream (verify broadcaster-official before promote)","iptv-org; categories=shop; quality=720p","medium","932"
"Live TV","Shop","Lotte OneTV (Lotte OneTV)","https://onetvhlslive.lotteimall.com/lotteonetvlive/lotteonetvlive.mp4.m3u8","VIDEO","HLS","m3u8","","true","true","","KR","http://www.lotteimall.com/onetv.lotte","COMMUNITY","iptv-org public index, publicly listed free stream (verify broadcaster-official before promote)","iptv-org; categories=shop; quality=720p","medium","933"
"Live TV","Shop","Mango (Mango)","https://lb2.pluscdn.pl/ch/1580235/3496/hls/a149fc4b/masterlist.m3u8","VIDEO","HLS","m3u8","","true","true","","PL","https://www.mango.pl/","COMMUNITY","iptv-org public index, publicly listed free stream (verify broadcaster-official before promote)","iptv-org; categories=shop; quality=1080p","medium","934"
"Live TV","Shop","NS Home Shopping (NS Home Shopping)","https://livestream.nsmall.com/IPHONE/nsmallMobile.m3u8","VIDEO","HLS","m3u8","","true","true","","KR","http://pr.nsmall.com/","COMMUNITY","iptv-org public index, publicly listed free stream (verify broadcaster-official before promote)","iptv-org; categories=shop; quality=720p","medium",""
"Live TV","Shop","NS Shop+ (NS Shop Plus)","https://shoppstream.nsmall.com/IPHONE/mobile.m3u8","VIDEO","HLS","m3u8","","true","true","","KR","http://pr.nsmall.com/","COMMUNITY","iptv-org public index, publicly listed free stream (verify broadcaster-official before promote)","iptv-org; categories=shop; quality=720p","medium",""
"Live TV","Shop","QVC (QVC)","https://d1flvb4iqlercm.cloudfront.net/live/live_1080p_2nd.m3u8","VIDEO","HLS","m3u8","","true","true","","JP","https://qvc.jp/","COMMUNITY","iptv-org public index, publicly listed free stream (verify broadcaster-official before promote)","iptv-org; categories=shop; quality=1080p","medium","935"
"Live TV","Shop","Shinsegae TV Shopping (Shinsegae Shopping TV)","https://liveout.catenoid.net/live-02-shinsegaetvshopping/shinsegaetvshopping_720p/playlist.m3u8","VIDEO","HLS","m3u8","","true","true","","KR","http://www.shinsegaetvshopping.com/","COMMUNITY","iptv-org public index, publicly listed free stream (verify broadcaster-official before promote)","iptv-org; categories=shop; quality=720p","medium","936"
"Live TV","Shop","Shop Channel (Shop Channel)","https://stream3.shopch.jp/HLS/master.m3u8","VIDEO","HLS","m3u8","","true","true","","JP","https://www.shopch.jp/","COMMUNITY","iptv-org public index, publicly listed free stream (verify broadcaster-official before promote)","iptv-org; categories=shop; quality=1080p","medium","937"
"Live TV","Shop","Shopping NT (Shopping NT)","https://live.shoppingntmall.com/live/10011.m3u8","VIDEO","HLS","m3u8","","true","true","","KR","https://www.shoppingntmall.com/","COMMUNITY","iptv-org public index, publicly listed free stream (verify broadcaster-official before promote)","iptv-org; categories=shop; quality=720p","medium","938"
"Live TV","Sports","A Spor (A Spor)","https://rnttwmjcin.turknet.ercdn.net/lcpmvefbyo/aspor/aspor.m3u8","VIDEO","HLS","m3u8","","true","true","","TR","https://www.aspor.com.tr/","COMMUNITY","iptv-org public index, publicly listed free stream (verify broadcaster-official before promote)","iptv-org; categories=sports; quality=1080p","medium","939"
"Live TV","Sports","ATG Live (ATG Live)","https://kanal75xto-llhls.akamaized.net/live/Data/atg-kanal-15-02a-rr/HLS-Legacy-HL/atg-kanal-15-02a-rr.m3u8","VIDEO","HLS","m3u8","","true","true","","SE","http://www.atg.se/","COMMUNITY","iptv-org public index, publicly listed free stream (verify broadcaster-official before promote)","iptv-org; categories=sports; quality=720p","medium",""
"Live TV","Sports","Band Sports (Band Sports)","https://cdn-5.nxplay.com.br/BAND_SPORTS/index.m3u8","VIDEO","HLS","m3u8","","true","true","","BR","http://bandsports.band.uol.com.br/","COMMUNITY","iptv-org public index, publicly listed free stream (verify broadcaster-official before promote)","iptv-org; categories=sports; quality=1080p","medium","940"
"Live TV","Sports","CazeTV (CazeTV)","https://dfr80qz435crc.cloudfront.net/MNOP/Amagi/Caze/Caze_TV_BR/Caze_TV.m3u8","VIDEO","HLS","m3u8","","true","true","","BR","https://www.livemode.com/cazetv","COMMUNITY","iptv-org public index, publicly listed free stream (verify broadcaster-official before promote)","iptv-org; categories=sports; quality=1080i","medium",""
"Live TV","Sports","FB TV (FB TV)","http://1hskrdto.rocketcdn.com/fenerbahcetv.smil/playlist.m3u8","VIDEO","HLS","m3u8","","true","false","","TR","https://www.fenerbahce.org/fbtv/","COMMUNITY","iptv-org public index, publicly listed free stream (verify broadcaster-official before promote)","iptv-org; categories=sports; quality=","medium","941"
"Live TV","Sports","Golf Zone (Golf Zone)","http://91.146.94.234:10001/play/a04b","VIDEO","ICECAST","","","true","false","","PL","https://mwenetworks.pl/","COMMUNITY","iptv-org public index, publicly listed free stream (verify broadcaster-official before promote)","iptv-org; categories=sports; quality=1080p","medium","942"
"Live TV","Sports","HTSpor TV (HTSpor TV)","https://ciner.daioncdn.net/ht-spor/ht-spor.m3u8?app=web","VIDEO","HLS","m3u8","","true","true","","TR","https://www.htspor.com/canli-yayin","COMMUNITY","iptv-org public index, publicly listed free stream (verify broadcaster-official before promote)","iptv-org; categories=sports; quality=1080p","medium","943"
"Live TV","Sports","Polsat Sport Extra 1 (Polsat Sport Extra 1)","http://91.146.94.234:10001/play/a07r","VIDEO","ICECAST","","","true","false","","PL","","COMMUNITY","iptv-org public index, publicly listed free stream (verify broadcaster-official before promote)","iptv-org; categories=sports; quality=1080p","medium",""
"Live TV","Sports","Polsat Sport Extra 2 (Polsat Sport Extra 2)","http://91.146.94.234:10001/play/a07s","VIDEO","ICECAST","","","true","false","","PL","","COMMUNITY","iptv-org public index, publicly listed free stream (verify broadcaster-official before promote)","iptv-org; categories=sports; quality=1080p","medium",""
"Live TV","Sports","Polsat Sport Extra 3 (Polsat Sport Extra 3)","http://91.146.94.234:10001/play/a07a","VIDEO","ICECAST","","","true","false","","PL","","COMMUNITY","iptv-org public index, publicly listed free stream (verify broadcaster-official before promote)","iptv-org; categories=sports; quality=1080p","medium",""
"Live TV","Sports","Polsat Sport Extra 4 (Polsat Sport Extra 4)","http://91.146.94.234:10001/play/a07b","VIDEO","ICECAST","","","true","false","","PL","","COMMUNITY","iptv-org public index, publicly listed free stream (verify broadcaster-official before promote)","iptv-org; categories=sports; quality=1080p","medium",""
"Live TV","Sports","Polsat Sport Premium 1 (Polsat Sport Premium 1)","https://test.946985.filegear-sg.me/proxy/2d01a86f2b919823","VIDEO","ICECAST","","","true","true","","PL","https://www.polsatsport.pl/","COMMUNITY","iptv-org public index, publicly listed free stream (verify broadcaster-official before promote)","iptv-org; categories=sports; quality=","medium","944"
"Live TV","Sports","Polsat Sport Premium 2 (Polsat Sport Premium 2)","https://test.946985.filegear-sg.me/proxy/0d12c4e1bf16ebac","VIDEO","ICECAST","","","true","true","","PL","https://www.polsatsport.pl/","COMMUNITY","iptv-org public index, publicly listed free stream (verify broadcaster-official before promote)","iptv-org; categories=sports; quality=","medium","945"
"Live TV","Sports","RACER International (RACER International)","https://amg00378-mavtv-amg00378c2-rakuten-us-1048.playouts.now.amagi.tv/playlist/amg00378-mavtvfast-motorsportsnetwork-rakutenus/playlist.m3u8","VIDEO","HLS","m3u8","","true","true","","PL","https://www.rakuten.tv/pl/live_channels/racer-international","COMMUNITY","iptv-org public index, publicly listed free stream (verify broadcaster-official before promote)","iptv-org; categories=sports; quality=1080p","medium","946"
"Live TV","Sports","SPOTV 2 (SPOTV 2)","http://primestreams.tv:826/live/mookie22/49aV7nBsK4/119516.m3u8","VIDEO","HLS","m3u8","","true","false","","ID","","COMMUNITY","iptv-org public index, publicly listed free stream (verify broadcaster-official before promote)","iptv-org; categories=sports; quality=1080p","medium",""
"Live TV","Sports","Star Sports 1 (Star Sports 1 HD)","http://103.253.18.58:8000/play/a00m","VIDEO","ICECAST","","","true","false","","IN","https://www.startv.com/about-us/sports","COMMUNITY","iptv-org public index, publicly listed free stream (verify broadcaster-official before promote)","iptv-org; categories=sports; quality=1080p","medium",""
"Live TV","Sports","Star Sports 1 Hindi (Star Sports 1 Hindi)","http://103.253.18.58:8000/play/a03o","VIDEO","ICECAST","","","true","false","","IN","https://www.startv.com/about-us/sports","COMMUNITY","iptv-org public index, publicly listed free stream (verify broadcaster-official before promote)","iptv-org; categories=sports; quality=576p","medium",""
"Live TV","Sports","Star Sports 2 Hindi (Star Sports 2 Hindi HD)","http://103.157.248.140:8000/play/a01m/index.m3u8","VIDEO","HLS","m3u8","","true","false","","IN","https://jiohotstar.com/","COMMUNITY","iptv-org public index, publicly listed free stream (verify broadcaster-official before promote)","iptv-org; categories=sports; quality=1080p","medium",""
"Live TV","Business","BFM Business (BFM Business)","https://live-cdn-stream-euw1.bfmb.bct.nextradiotv.com/master.m3u8","VIDEO","HLS","m3u8","","true","true","","FR","https://www.bfmtv.com/economie/","COMMUNITY","iptv-org public index, publicly listed free stream (verify broadcaster-official before promote)","iptv-org; categories=business|news; quality=576p","medium","947"
"Live TV","Classic","BRIDGE Classic (BRIDGE Classic)","http://31.148.48.15/Bridge_TV_Classic/index.m3u8","VIDEO","HLS","m3u8","","true","false","","RU","https://bridgetv.ru/brands/bridgetv_classic/","COMMUNITY","iptv-org public index, publicly listed free stream (verify broadcaster-official before promote)","iptv-org; categories=classic|music; quality=576p","medium","948"
"Live TV","Comedy","alpha Cinema (alpha Cinema)","https://live.15plusmg.ru/memfs/b389173a-df4e-4171-8904-e249893e71eb.m3u8","VIDEO","HLS","m3u8","","true","true","","RU","https://15plusmg.ru","COMMUNITY","iptv-org public index, publicly listed free stream (verify broadcaster-official before promote)","iptv-org; categories=comedy|movies|family; quality=1080p","medium",""
"Live TV","Comedy","alpha Moretime (alpha Moretime)","https://live.15plusmg.ru/memfs/3546fc09-2eba-459d-9a1f-9a2fc39e50bd.m3u8","VIDEO","HLS","m3u8","","true","true","","RU","https://15plusmg.ru","COMMUNITY","iptv-org public index, publicly listed free stream (verify broadcaster-official before promote)","iptv-org; categories=comedy|movies; quality=1080p","medium",""
"Live TV","Documentary","365 days TV (365 Дней)","http://31.148.48.15/365_dney/index.m3u8","VIDEO","HLS","m3u8","","true","false","","RU","https://www.365days.ru/","COMMUNITY","iptv-org public index, publicly listed free stream (verify broadcaster-official before promote)","iptv-org; categories=documentary; quality=576p","medium","949"
"Live TV","Documentary","Adventure Earth (Adventure Earth)","https://a57e9c69976649b582a8d7604c00e69a.mediatailor.us-east-1.amazonaws.com/v1/master/44f73ba4d03e9607dcd9bebdcb8494d86964f1d8/RlaxxTV-eu_AdventureEarth/playlist.m3u8","VIDEO","HLS","m3u8","","true","true","","DE","https://www.autentic.com/117/Channels.htm#adventure_earth","COMMUNITY","iptv-org public index, publicly listed free stream (verify broadcaster-official before promote)","iptv-org; categories=documentary; quality=1080p","medium","950"
"Live TV","Documentary","Al Arabiya Programs (Al Arabiya Programs)","https://live.alarabiya.net/alarabiapublish/aaprograms.smil/playlist.m3u8","VIDEO","HLS","m3u8","","true","true","","AE","https://www.alarabiya.net/programs","COMMUNITY","iptv-org public index, publicly listed free stream (verify broadcaster-official before promote)","iptv-org; categories=documentary|news; quality=1280p","medium","951"
"Live TV","Documentary","Atlas (Atlas)","https://cdn.whiplash.cc/whiplash-atlas/index.m3u8","VIDEO","HLS","m3u8","","true","true","","US","https://whiplash.cc/","COMMUNITY","iptv-org public index, publicly listed free stream (verify broadcaster-official before promote)","iptv-org; categories=documentary; quality=480p","medium","952"
"Live TV","Documentary","Autentic History (Autentic History)","https://9e754fa707344ccca6d84955c8fcaf36.mediatailor.us-east-1.amazonaws.com/v1/master/44f73ba4d03e9607dcd9bebdcb8494d86964f1d8/RlaxxTV-eu_AutenticHistory/playlist.m3u8","VIDEO","HLS","m3u8","","true","true","","DE","https://www.autentic.com/117/Channels.htm#autentic_history","COMMUNITY","iptv-org public index, publicly listed free stream (verify broadcaster-official before promote)","iptv-org; categories=documentary; quality=1080p","medium","953"
"Live TV","Documentary","Bloomberg Originals (Bloomberg Originals)","https://e96a7526.wurl.com/master/f36d25e7e52f1ba8d7e56eb859c636563214f541/UmFrdXRlblRWLWV1X0Jsb29tYmVyZ09yaWdpbmFsc19ITFM/playlist.m3u8","VIDEO","HLS","m3u8","","true","true","","US","https://www.bloomberg.com/originals/live","COMMUNITY","iptv-org public index, publicly listed free stream (verify broadcaster-official before promote)","iptv-org; categories=documentary|business; quality=","medium","954"
"Live TV","Documentary","CCTV-9 (CCTV-9)","https://xykt-fix.github.io/Y77.m3u8","VIDEO","HLS","m3u8","","true","true","","CN","http://tv.cctv.com/cctv9/","COMMUNITY","iptv-org public index, publicly listed free stream (verify broadcaster-official before promote)","iptv-org; categories=documentary; quality=576i","medium","955"
"Live TV","Documentary","CGTN Documentary (CGTN Documentary)","https://amg00405-rakutentv-cgtndocumentary-rakuten-0ql8j.amagi.tv/master.m3u8","VIDEO","HLS","m3u8","","true","true","","CN","https://www.cgtn.com/channel/documentary","COMMUNITY","iptv-org public index, publicly listed free stream (verify broadcaster-official before promote)","iptv-org; categories=documentary; quality=1080p","medium","956"
"Live TV","Documentary","China Travel (China Travel)","https://amg01314-amg01314c7-distrotv-us-10219.playouts.now.amagi.tv/playlist/amg01314-cgtn-cgtnchinatravel-distrotvus/playlist.m3u8","VIDEO","HLS","m3u8","","true","true","","CN","","COMMUNITY","iptv-org public index, publicly listed free stream (verify broadcaster-official before promote)","iptv-org; categories=documentary|travel|culture; quality=1080p","medium",""
"Live TV","Documentary","City Eden KinoDok (Сити Эдем КиноДок)","https://cityeden.catcast.tv/content/38354/index.m3u8","VIDEO","HLS","m3u8","","true","true","","RU","https://www.cityeden.info/","COMMUNITY","iptv-org public index, publicly listed free stream (verify broadcaster-official before promote)","iptv-org; categories=documentary|series; quality=","medium","957"
"Live TV","Documentary","ClickTV Chile (Click TV (Coronel))","https://v2.tustreaming.cl/clicktv/playlist.m3u8","VIDEO","HLS","m3u8","","true","true","","CL","https://clicktvchile.cl/","COMMUNITY","iptv-org public index, publicly listed free stream (verify broadcaster-official before promote)","iptv-org; categories=documentary; quality=720p","medium","958"
"Live TV","Documentary","CNA Originals (CNA Originals)","https://amg01082-cna-amg01082c1-rlaxx-us-11304.playouts.now.amagi.tv/playlist.m3u8","VIDEO","HLS","m3u8","","true","true","","SG","https://www.channelnewsasia.com/","COMMUNITY","iptv-org public index, publicly listed free stream (verify broadcaster-official before promote)","iptv-org; categories=documentary; quality=1080p","medium","959"
"Live TV","Documentary","Court TV (Court TV)","https://cdn-uw2-prod.tsv2.amagi.tv/linear/amg01438-ewscrippscompan-courttv-tablo/playlist.m3u8","VIDEO","HLS","m3u8","","true","true","","US","https://www.courttv.com/","COMMUNITY","iptv-org public index, publicly listed free stream (verify broadcaster-official before promote)","iptv-org; categories=documentary; quality=1080p","medium","960"
"Live TV","Documentary","CT2 (ČT 2)","http://88.212.15.19/live/test_ct2_25p/playlist.m3u8","VIDEO","HLS","m3u8","","true","false","","CZ","http://www.ceskatelevize.cz/","COMMUNITY","iptv-org public index, publicly listed free stream (verify broadcaster-official before promote)","iptv-org; categories=documentary; quality=","medium","961"
"Live TV","Documentary","Dateline 24/7 (Dateline 24/7)","https://d1si3n1st4nkgb.cloudfront.net/10502/88896029/hls/master.m3u8?ads.xumo_channelId=88896029","VIDEO","HLS","m3u8","","true","true","","US","https://www.nbcnews.com/dateline","COMMUNITY","iptv-org public index, publicly listed free stream (verify broadcaster-official before promote)","iptv-org; categories=documentary; quality=1080p","medium","962"
"Live TV","Documentary","Discovering China (Discovering China)","https://amg01314-amg01314c8-distrotv-us-10218.playouts.now.amagi.tv/playlist/amg01314-cgtn-cgtndiscoveringchina-distrotvus/playlist.m3u8","VIDEO","HLS","m3u8","","true","true","","CN","","COMMUNITY","iptv-org public index, publicly listed free stream (verify broadcaster-official before promote)","iptv-org; categories=documentary|culture; quality=1080p","medium",""
"Live TV","Documentary","DocuBox (DocuBox HD)","https://iptv.prosto.tv/ch93/index.m3u8","VIDEO","HLS","m3u8","","true","true","","NL","https://www.docuboxlive.com/","COMMUNITY","iptv-org public index, publicly listed free stream (verify broadcaster-official before promote)","iptv-org; categories=documentary; quality=1080p","medium","963"
"Live TV","Documentary","Documentary+ (Documentary+ International)","https://1d153317c8db4250b3789601274e2402.mediatailor.us-west-2.amazonaws.com/v1/master/ba62fe743df0fe93366eba3a257d792884136c7f/LINEAR-887-DOCUMENTARYINTERNATIONAL-DOCUMENTARYPLUS/mt/documentaryplus/887/hls/master/playlist.m3u8","VIDEO","HLS","m3u8","","true","true","","US","https://docplus.com/live-channels","COMMUNITY","iptv-org public index, publicly listed free stream (verify broadcaster-official before promote)","iptv-org; categories=documentary; quality=1080p","medium",""
"Live TV","Documentary","Dokusat (Dokusat)","https://muc3.iptv-playoutcenter.de/dokusat/dokusat1/playlist.m3u8","VIDEO","HLS","m3u8","","true","true","","DE","https://www.dokusat.de/","COMMUNITY","iptv-org public index, publicly listed free stream (verify broadcaster-official before promote)","iptv-org; categories=documentary; quality=1080p","medium","964"
"Live TV","Documentary","Ecovision (Ecovisión)","https://streaming.grupomediosdelnorte.com:19360/ecovision/ecovision.m3u8","VIDEO","HLS","m3u8","","true","true","","DO","http://grupomediosdelnorte.com/","COMMUNITY","iptv-org public index, publicly listed free stream (verify broadcaster-official before promote)","iptv-org; categories=documentary; quality=720p","medium","965"
"Live TV","General","1+1 International (1+1 International HD)","https://dash2.antik.sk/live/test_one_plus_one_int_tizen/playlist.m3u8","VIDEO","HLS","m3u8","","true","true","","UA","https://1plus1.international/","COMMUNITY","iptv-org public index, publicly listed free stream (verify broadcaster-official before promote)","iptv-org; categories=general; quality=720p","medium","966"
"Live TV","General","111 TV (111 TV)","https://5db313b643fd8.streamlock.net/111/111/playlist.m3u8","VIDEO","HLS","m3u8","","true","true","","IT","https://www.111tv.it/","COMMUNITY","iptv-org public index, publicly listed free stream (verify broadcaster-official before promote)","iptv-org; categories=general; quality=720p","medium","967"
"Live TV","General","12 TV Parma (12 TV Parma)","https://5929b138b139d.streamlock.net/12TVParma/livestream/playlist.m3u8","VIDEO","HLS","m3u8","","true","true","","IT","https://www.12tvparma.it/","COMMUNITY","iptv-org public index, publicly listed free stream (verify broadcaster-official before promote)","iptv-org; categories=general; quality=540p","medium","968"
"Live TV","General","16tv Budapest (16tv Budapest)","https://cloudfront44.lexanetwork.com:1344/freerelay/16tv.sdp/playlist.m3u8","VIDEO","HLS","m3u8","","true","true","","HU","http://www.16tv.hu/","COMMUNITY","iptv-org public index, publicly listed free stream (verify broadcaster-official before promote)","iptv-org; categories=general; quality=360p","medium","969"
"Live TV","General","1AlmereTV (1Almere TV)","https://d3472rjicrodic.cloudfront.net/nlpo/clr-nlpo/709d5260/index.m3u8","VIDEO","HLS","m3u8","","true","true","","NL","https://www.1almere.nl/","COMMUNITY","iptv-org public index, publicly listed free stream (verify broadcaster-official before promote)","iptv-org; categories=general; quality=720p","medium","970"
"Live TV","General","1TV (1TV)","https://tv.cdn.xsg.ge/gpb-1tv/index.m3u8","VIDEO","HLS","m3u8","","true","true","","GE","https://1tv.ge/","COMMUNITY","iptv-org public index, publicly listed free stream (verify broadcaster-official before promote)","iptv-org; categories=general; quality=720p","medium","971"
"Live TV","General","1Twente TV (1Twente TV)","https://ms7.mx-cd.net/dtv-11/198-989148/1Twente_TV.smil/chunklist_w954512639_b4292608_slNLD.m3u8","VIDEO","HLS","m3u8","","true","true","","NL","https://www.1twente.nl/kijk","COMMUNITY","iptv-org public index, publicly listed free stream (verify broadcaster-official before promote)","iptv-org; categories=general; quality=1080p","medium","972"
"Live TV","General","2 TV (2TV)","https://tv.cdn.xsg.ge/gpb-2tv/index.m3u8","VIDEO","HLS","m3u8","","true","true","","GE","https://rustavi2.ge/en/contact","COMMUNITY","iptv-org public index, publicly listed free stream (verify broadcaster-official before promote)","iptv-org; categories=general; quality=720p","medium","973"
"Live TV","General","20 Minutes TV (20 Minutes TV)","https://live-20minutestv.digiteka.com/1961167769/index.m3u8","VIDEO","HLS","m3u8","","true","true","","FR","https://20minutes.tv","COMMUNITY","iptv-org public index, publicly listed free stream (verify broadcaster-official before promote)","iptv-org; categories=general; quality=1080p","medium",""
"Live TV","General","28 kanala (28 kanala)","https://streaming.28kanala.eus/hls/z.m3u8","VIDEO","HLS","m3u8","","true","true","","ES","https://28kanala.eus/","COMMUNITY","iptv-org public index, publicly listed free stream (verify broadcaster-official before promote)","iptv-org; categories=general; quality=","medium","974"
"Live TV","General","2M (2M)","https://stream-lb.livemediama.com/2m-tnt/hls/master.m3u8","VIDEO","HLS","m3u8","","true","true","","MA","https://2m.ma/","COMMUNITY","iptv-org public index, publicly listed free stream (verify broadcaster-official before promote)","iptv-org; categories=general; quality=1080p","medium","975"
"Live TV","General","2M Monde (2M Monde)","https://stream-lb.livemediama.com/2m/hls/master.m3u8","VIDEO","HLS","m3u8","","true","true","","MA","https://2m.ma/","COMMUNITY","iptv-org public index, publicly listed free stream (verify broadcaster-official before promote)","iptv-org; categories=general; quality=1080p","medium","976"
"Live TV","General","30A Georgia Hollywood Review (30A Georgia Hollywood Review TV)","https://30a-tv.com/gh.m3u8","VIDEO","HLS","m3u8","","true","true","","US","https://30a-tv.com/30a/georgia-hollywood-review-tv/","COMMUNITY","iptv-org public index, publicly listed free stream (verify broadcaster-official before promote)","iptv-org; categories=entertainment|news; quality=720p","medium","977"
"Live TV","General","36 TV Huacho (36 TV Huacho)","https://live-evg10.tv360.bitel.com.pe/bitel/36tvSRT/playlist.m3u8","VIDEO","HLS","m3u8","","true","true","","PE","","COMMUNITY","iptv-org public index, publicly listed free stream (verify broadcaster-official before promote)","iptv-org; categories=general; quality=720p","medium",""
"Live TV","General","360 RFTV (360 RFTV)","https://acceso.mediosdecostarica.com:3638/live/360rftvcrlive.m3u8","VIDEO","HLS","m3u8","","true","true","","CR","https://riofriotv.com/","COMMUNITY","iptv-org public index, publicly listed free stream (verify broadcaster-official before promote)","iptv-org; categories=general; quality=576p","medium",""
"Live TV","General","360° (360°)","https://cdn-evacoder-tv.facecast.io/evacoder_hls_hi/CkxfR1xNUAJwTgtXTBZTAJli/index.m3u8","VIDEO","HLS","m3u8","","true","true","","RU","https://360tv.ru/","COMMUNITY","iptv-org public index, publicly listed free stream (verify broadcaster-official before promote)","iptv-org; categories=general; quality=1080p","medium","978"
"Live TV","General","555 (Телерадиокомпания 555 (Алушта))","http://trk555.tv:8888/live","VIDEO","ICECAST","","","true","false","","RU","https://trk555.tv/","COMMUNITY","iptv-org public index, publicly listed free stream (verify broadcaster-official before promote)","iptv-org; categories=general; quality=720p","medium",""
"Live TV","General","7.TV (TV7 Bekescsaba)","https://stream.y5.hu/stream/stream_bekescsaba/stream.m3u8","VIDEO","HLS","m3u8","","true","true","","HU","https://behir.hu/tv","COMMUNITY","iptv-org public index, publicly listed free stream (verify broadcaster-official before promote)","iptv-org; categories=general; quality=360p","medium","979"
"Live TV","General","8 La Marina TV (8 La Marina TV)","https://streaming005.gestec-video.com/hls/canal24.m3u8","VIDEO","HLS","m3u8","","true","true","","ES","https://8lamarinatv.com/","COMMUNITY","iptv-org public index, publicly listed free stream (verify broadcaster-official before promote)","iptv-org; categories=general; quality=576p","medium","980"
"Live TV","General","86 (Телеканал 86 (Сургут))","https://sitv.ru/hls/s86.m3u8","VIDEO","HLS","m3u8","","true","true","","RU","https://sitv.ru/efir/86/","COMMUNITY","iptv-org public index, publicly listed free stream (verify broadcaster-official before promote)","iptv-org; categories=general; quality=1080p","medium","981"
"Live TV","General","A1 TV (A1 TV)","https://stream.a1mediagroep.nl/hls/a1tv.m3u8","VIDEO","HLS","m3u8","","true","true","","NL","https://www.a1mediagroep.nl/","COMMUNITY","iptv-org public index, publicly listed free stream (verify broadcaster-official before promote)","iptv-org; categories=general; quality=1080p","medium","982"
"Live TV","General","A12 TV (A12 TV)","https://video1.getstreamhosting.com:1936/8250/8250/manifest.m3u8","VIDEO","HLS","m3u8","","true","true","","CI","https://a12television.com/","COMMUNITY","iptv-org public index, publicly listed free stream (verify broadcaster-official before promote)","iptv-org; categories=general; quality=","medium",""
"Live TV","General","A2i TV (A2i TV)","https://stream.sen-gt.com/A2itv/myStream/playlist.m3u8","VIDEO","HLS","m3u8","","true","true","","IT","https://a2itv.com/","COMMUNITY","iptv-org public index, publicly listed free stream (verify broadcaster-official before promote)","iptv-org; categories=general; quality=1080p","medium","983"
"Live TV","General","A7TV (A7TV)","https://a7tvlive.ro/A7TV/A7TV/playlist.m3u8","VIDEO","HLS","m3u8","","true","true","","RO","https://www.a7tv.ro/","COMMUNITY","iptv-org public index, publicly listed free stream (verify broadcaster-official before promote)","iptv-org; categories=general; quality=1080p","medium","984"
"Live TV","General","Abajo e' La Linea TV (Abajo e' La Linea TV)","https://5ff3d9babae13.streamlock.net/ynfpncxxjg/ynfpncxxjg/playlist.m3u8","VIDEO","HLS","m3u8","","true","true","","CL","https://www.abajoelalinea.cl/","COMMUNITY","iptv-org public index, publicly listed free stream (verify broadcaster-official before promote)","iptv-org; categories=general; quality=","medium",""
"Live TV","General","Abaza TV (АБАЗА-ТВ)","https://public.apsny.camera/tv_abaza_tv_to_site/index.m3u8","VIDEO","HLS","m3u8","","true","true","","RU","https://abaza.tv/","COMMUNITY","iptv-org public index, publicly listed free stream (verify broadcaster-official before promote)","iptv-org; categories=general; quality=1080p","medium","985"
"Live TV","General","ABC Teleshow (ABC Teleshow)","https://live-evg10.tv360.bitel.com.pe/bitel/abctv/playlist.m3u8","VIDEO","HLS","m3u8","","true","true","","PE","","COMMUNITY","iptv-org public index, publicly listed free stream (verify broadcaster-official before promote)","iptv-org; categories=general; quality=720p","medium",""
"Live TV","General","ABTelevision (ABTelevision)","https://live-evg8.tv360.bitel.com.pe/bitel/abctelevisionSRT/playlist.m3u8","VIDEO","HLS","m3u8","","true","true","","PE","","COMMUNITY","iptv-org public index, publicly listed free stream (verify broadcaster-official before promote)","iptv-org; categories=general; quality=720p","medium",""
"Live TV","General","Access Nashua (Access Nashua)","https://livestream.telvue.com/nashuanh1/f7b44cfafd5c52223d5498196c8a2e7b.sdp/playlist.m3u8","VIDEO","HLS","m3u8","","true","true","","US","https://www.nashuanh.gov/825/Access-Nashua-Live-Stream","COMMUNITY","iptv-org public index, publicly listed free stream (verify broadcaster-official before promote)","iptv-org; categories=general; quality=720p","medium","986"
"Live TV","General","AccessVision Channel 16 (AccessVision Channel 16)","https://livestream.telvue.com/accvision1/f7b44cfafd5c52223d5498196c8a2e7b.sdp/playlist.m3u8","VIDEO","HLS","m3u8","","true","true","","US","https://www.accessvision.tv/live-16","COMMUNITY","iptv-org public index, publicly listed free stream (verify broadcaster-official before promote)","iptv-org; categories=general; quality=720p","medium","987"
"Live TV","General","Acheloos TV (Acheloos TV)","https://acheloostv.streamings.gr/live/stream/index.m3u8","VIDEO","HLS","m3u8","","true","true","","GR","https://www.acheloostv.gr/news/","COMMUNITY","iptv-org public index, publicly listed free stream (verify broadcaster-official before promote)","iptv-org; categories=general; quality=576p","medium","988"
"Live TV","General","Ada TV (Ada TV)","https://yayin1.canlitv.fun/live/kibrisadatv.stream/playlist.m3u8","VIDEO","HLS","m3u8","","true","true","","CY","http://adatv.tv/","COMMUNITY","iptv-org public index, publicly listed free stream (verify broadcaster-official before promote)","iptv-org; categories=general; quality=","medium",""
"Live TV","General","Aeolos TV (Aeolos TV)","https://cdn.istoikona.com/aeolostv/live/playlist.m3u8","VIDEO","HLS","m3u8","","true","true","","GR","https://aeolos.tv/","COMMUNITY","iptv-org public index, publicly listed free stream (verify broadcaster-official before promote)","iptv-org; categories=general; quality=1080p","medium","989"
"Live TV","General","AFTV (AFTV)","https://livestream.telvue.com/accframingham1/f7b44cfafd5c52223d5498196c8a2e7b.sdp/playlist.m3u8","VIDEO","HLS","m3u8","","true","true","","US","https://www.accessfram.tv/aftv-live-stream","COMMUNITY","iptv-org public index, publicly listed free stream (verify broadcaster-official before promote)","iptv-org; categories=general; quality=1080p","medium","990"
"Live TV","General","Agape TV (Agape TV)","https://5fc584f3f19c9.streamlock.net/agape/smil:agape.smil/playlist.m3u8","VIDEO","HLS","m3u8","","true","true","","SV","https://www.agapetv8.com/","COMMUNITY","iptv-org public index, publicly listed free stream (verify broadcaster-official before promote)","iptv-org; categories=general; quality=720p","medium","991"
"Live TV","General","Aguila TV (Aguila TV)","https://fox.hostlagarto.com:8081/aguilatv/playlist.m3u8","VIDEO","HLS","m3u8","","true","true","","DO","https://www.vivalivetv.com/channel/aguila-tv","COMMUNITY","iptv-org public index, publicly listed free stream (verify broadcaster-official before promote)","iptv-org; categories=general; quality=1080p","medium","992"
"Live TV","General","Ahora TV (Ahora TV)","https://stream.haislin.com/ahoratv/index.m3u8","VIDEO","HLS","m3u8","","true","true","","DO","https://www.ahoratv.com/","COMMUNITY","iptv-org public index, publicly listed free stream (verify broadcaster-official before promote)","iptv-org; categories=general; quality=1080p","medium","993"
"Live TV","General","Aigaio TV (Aigaio TV)","https://fr.crystalweb.net:1936/aigaiotv/aigaiotv/playlist.m3u8","VIDEO","HLS","m3u8","","true","true","","GR","http://www.aigaiotv.gr/","COMMUNITY","iptv-org public index, publicly listed free stream (verify broadcaster-official before promote)","iptv-org; categories=general; quality=720p","medium","994"
"Live TV","General","AION TV (AION TV)","https://edge.essastream.com/aiontelevision/playlist.m3u8","VIDEO","HLS","m3u8","","true","true","","DO","https://aiontelevision.com/","COMMUNITY","iptv-org public index, publicly listed free stream (verify broadcaster-official before promote)","iptv-org; categories=general; quality=1080p","medium",""
"Live TV","General","AIST TV (Аист ТВ)","http://live2-aisttv.cdnvideo.ru/aisttv2/aisttv.sdp/playlist.m3u8","VIDEO","HLS","m3u8","","true","false","","RU","https://aisttv.ru/","COMMUNITY","iptv-org public index, publicly listed free stream (verify broadcaster-official before promote)","iptv-org; categories=general; quality=1080p","medium","995"
"Live TV","General","Ajman TV (Ajman TV)","https://cdn1.logichost.in/ajmantv/live/playlist.m3u8","VIDEO","HLS","m3u8","","true","true","","AE","https://www.ajmantv.com/","COMMUNITY","iptv-org public index, publicly listed free stream (verify broadcaster-official before promote)","iptv-org; categories=general; quality=1080p","medium","996"
"Live TV","General","Ajyal TV (Ajyal TV)","http://htvajyal.mada.ps:8888/ajyal/index.m3u8","VIDEO","HLS","m3u8","","true","false","","PS","https://arn.ps/arn-tv","COMMUNITY","iptv-org public index, publicly listed free stream (verify broadcaster-official before promote)","iptv-org; categories=general; quality=720p","medium","997"
"Live TV","General","Akaku 53 (Akaku 53 (Hawaii))","https://castus-vod-dev.s3.amazonaws.com/vod_clients/akaku/live/ch1/video.m3u8","VIDEO","HLS","m3u8","","true","true","","US","https://www.akaku.org/watch/","COMMUNITY","iptv-org public index, publicly listed free stream (verify broadcaster-official before promote)","iptv-org; categories=general; quality=1080p","medium","998"
"Live TV","General","Akaku 54 (Akaku 54 (Hawaii))","https://castus-vod-dev.s3.amazonaws.com/vod_clients/akaku/live/ch2/video.m3u8","VIDEO","HLS","m3u8","","true","true","","US","https://www.akaku.org/watch/","COMMUNITY","iptv-org public index, publicly listed free stream (verify broadcaster-official before promote)","iptv-org; categories=general; quality=1080p","medium","999"
"Live TV","General","Akaku 55 (Akaku 55 (Hawaii))","https://castus-vod-dev.s3.amazonaws.com/vod_clients/akaku/live/ch3/video.m3u8","VIDEO","HLS","m3u8","","true","true","","US","https://www.akaku.org/watch/","COMMUNITY","iptv-org public index, publicly listed free stream (verify broadcaster-official before promote)","iptv-org; categories=general; quality=1080p","medium","1000"
"Live TV","General","Al Aoula (Al Aoula)","https://stream-lb.livemediama.com/alaoula-tnt/hls/master.m3u8","VIDEO","HLS","m3u8","","true","true","","MA","http://www.snrt.ma/","COMMUNITY","iptv-org public index, publicly listed free stream (verify broadcaster-official before promote)","iptv-org; categories=general; quality=1080p","medium","1001"
"Live TV","General","Al Iraqia (Al Iraqia)","https://imn-live.esite-lab.com/hls/iraqia-general.m3u8","VIDEO","HLS","m3u8","","true","true","","IQ","http://imn.iq/","COMMUNITY","iptv-org public index, publicly listed free stream (verify broadcaster-official before promote)","iptv-org; categories=general; quality=1080p","medium","1002"
"Live TV","General","Al Ittihad TV (Al Ittihad)","http://185.105.4.151:8080/_defapp_/ittihad/index.m3u8","VIDEO","HLS","m3u8","","true","false","","LB","http://www.alittihad.tv/","COMMUNITY","iptv-org public index, publicly listed free stream (verify broadcaster-official before promote)","iptv-org; categories=general; quality=552p","medium","1003"
"Live TV","General","Al Jadeed (Al Jadeed)","http://185.9.2.18/chid_391/mono.m3u8","VIDEO","HLS","m3u8","","true","false","","LB","https://www.aljadeed.tv/","COMMUNITY","iptv-org public index, publicly listed free stream (verify broadcaster-official before promote)","iptv-org; categories=general; quality=1080p","medium","1004"
"Live TV","General","Al Maghribia (Al Maghribia)","https://snrtworker.kharazbelaid.workers.dev/?id=almaghribia.m3u8","VIDEO","HLS","m3u8","","true","true","","MA","https://www.snrt.ma/","COMMUNITY","iptv-org public index, publicly listed free stream (verify broadcaster-official before promote)","iptv-org; categories=general; quality=480p","medium","1005"
"Live TV","General","Al Rasheed TV (Al Rasheed TV)","https://media1.livaat.com/static/AL-RASHEED-HD/playlist.m3u8","VIDEO","HLS","m3u8","","true","true","","IQ","https://www.alrasheedmedia.com/","COMMUNITY","iptv-org public index, publicly listed free stream (verify broadcaster-official before promote)","iptv-org; categories=general; quality=1080p","medium","1006"
"Live TV","General","Al Rayyan Old TV (Al Rayyan Al Qadeem)","https://alrayyancdn.vidgyor.com/pub-nooldraybinbdh/liveabr/playlist_dvr.m3u8","VIDEO","HLS","m3u8","","true","true","","QA","https://www.alrayyan.tv/","COMMUNITY","iptv-org public index, publicly listed free stream (verify broadcaster-official before promote)","iptv-org; categories=general; quality=1080p","medium",""
"Live TV","General","Al Rayyan TV (Al Rayyan)","https://alrayyancdn.vidgyor.com/pub-noalrayy3pwz0l/liveabr/playlist_dvr.m3u8","VIDEO","HLS","m3u8","","true","true","","QA","https://www.alrayyan.tv/","COMMUNITY","iptv-org public index, publicly listed free stream (verify broadcaster-official before promote)","iptv-org; categories=general; quality=1080p","medium",""
"Live TV","General","Al Shallal TV (Al Shallal TV)","https://amg01480-alshallalfze-alshallal-ono-q0hfg.amagi.tv/playlist.m3u8","VIDEO","HLS","m3u8","","true","true","","AE","https://www.alshallalchannel.com/","COMMUNITY","iptv-org public index, publicly listed free stream (verify broadcaster-official before promote)","iptv-org; categories=general; quality=1080p","medium","1007"
"Live TV","General","Al Sharqiya (Al-Sharqiya)","https://5d94523502c2d.streamlock.net/home/mystream/playlist.m3u8","VIDEO","HLS","m3u8","","true","true","","IQ","http://www.alsharqiya.com/","COMMUNITY","iptv-org public index, publicly listed free stream (verify broadcaster-official before promote)","iptv-org; categories=general; quality=1080p","medium","1008"
"Live TV","General","Al Sharqiya Min Kabla (Al Sharqiya Min Kabla)","https://svs.itworkscdn.net/kablatvlive/kabtv1.smil/playlist.m3u8","VIDEO","HLS","m3u8","","true","true","","AE","","COMMUNITY","iptv-org public index, publicly listed free stream (verify broadcaster-official before promote)","iptv-org; categories=general; quality=1080p","medium",""
"Live TV","General","Al Wousta TV (Al Wousta TV)","https://svs.itworkscdn.net/alwoustalive/alwoustatv.smil/playlist.m3u8","VIDEO","HLS","m3u8","","true","true","","AE","https://sba.net.ae/ar/tv/channel/38","COMMUNITY","iptv-org public index, publicly listed free stream (verify broadcaster-official before promote)","iptv-org; categories=general; quality=1080p","medium","1009"
"Live TV","General","Alacanti TV (Alacantí TV)","https://streaming01.gestec-video.com/hls/artequatreAlacanti.m3u8","VIDEO","HLS","m3u8","","true","true","","ES","https://alacantitv.com/","COMMUNITY","iptv-org public index, publicly listed free stream (verify broadcaster-official before promote)","iptv-org; categories=general; quality=576p","medium","1010"
"Live TV","General","Alb UK TV (AlbUK TV)","http://albuk.dyndns.tv:1935/albuk/albuk.stream/playlist.m3u8","VIDEO","HLS","m3u8","","true","false","","UK","https://albuk.tv/","COMMUNITY","iptv-org public index, publicly listed free stream (verify broadcaster-official before promote)","iptv-org; categories=general; quality=1080p","medium","1011"
"Live TV","General","Albdreams TV (AlbDreams TV)","http://live.albavision.net:1123/live/albdreams.m3u8","VIDEO","HLS","m3u8","","true","false","","US","https://studio-trimi.zyrosite.com/","COMMUNITY","iptv-org public index, publicly listed free stream (verify broadcaster-official before promote)","iptv-org; categories=general; quality=720p","medium",""
"Live TV","General","Albricias TV (Albricias TV)","https://live-evg10.tv360.bitel.com.pe/bitel/albriciastv/playlist.m3u8","VIDEO","HLS","m3u8","","true","true","","PE","","COMMUNITY","iptv-org public index, publicly listed free stream (verify broadcaster-official before promote)","iptv-org; categories=general; quality=720p","medium",""
"Live TV","General","Alcarria TV (Alcarria TV)","http://217.182.77.27/live/alcarriatv-livestream.m3u8","VIDEO","HLS","m3u8","","true","false","","ES","https://www.alcarria.tv/","COMMUNITY","iptv-org public index, publicly listed free stream (verify broadcaster-official before promote)","iptv-org; categories=general; quality=576p","medium","1012"
"Live TV","General","Alcarrizos TV (Alcarrizos TV)","https://5790d294af2dc.streamlock.net/alcarrizostv/alcarrizostv/playlist.m3u8","VIDEO","HLS","m3u8","","true","true","","DO","https://alcarrizostv.com/","COMMUNITY","iptv-org public index, publicly listed free stream (verify broadcaster-official before promote)","iptv-org; categories=general; quality=720p","medium",""
"Live TV","General","Allgau TV (Allgäu TV)","https://stream01.welocal.stream/stream/fhd-allgaeutv_25679/ngrp:stream_all/playlist.m3u8","VIDEO","HLS","m3u8","","true","true","","DE","https://www.xn--allgu-jra.tv/","COMMUNITY","iptv-org public index, publicly listed free stream (verify broadcaster-official before promote)","iptv-org; categories=general; quality=1080p","medium","1013"
"Live TV","General","Almaya TV (Almaya TV)","https://video.hostingcaaguazu.com:19360/almayatv/almayatv.m3u8","VIDEO","HLS","m3u8","","true","true","","PY","https://almaya.com.py/","COMMUNITY","iptv-org public index, publicly listed free stream (verify broadcaster-official before promote)","iptv-org; categories=general; quality=720p","medium","1014"
"Live TV","General","Alpe d'Huez TV (Alpe d’Huez TV)","https://edge13.vedge.infomaniak.com/livecast/ik:adhtv/manifest.m3u8","VIDEO","HLS","m3u8","","true","true","","FR","https://www.alpe.tv/a-propos","COMMUNITY","iptv-org public index, publicly listed free stream (verify broadcaster-official before promote)","iptv-org; categories=general; quality=720p","medium","1015"
"Live TV","General","Alpha TV (Alpha TV)","https://alphatvlive2.siliconweb.com/alphatvlive/live_abr/playlist.m3u8","VIDEO","HLS","m3u8","","true","true","","GR","https://www.alphatv.gr/","COMMUNITY","iptv-org public index, publicly listed free stream (verify broadcaster-official before promote)","iptv-org; categories=general; quality=1080p","medium","1016"
"Live TV","General","Alpo TV (Alpo TV)","https://vs.sednastream.com:1936/alportv/alportv/playlist.m3u8","VIDEO","HLS","m3u8","","true","true","","AL","https://alpomedia.com/","COMMUNITY","iptv-org public index, publicly listed free stream (verify broadcaster-official before promote)","iptv-org; categories=general; quality=","medium","1017"
"Live TV","General","Alsacias Television (Alsacias Televisión (ATV | Canal 28))","https://s.emisoras.tv:8081/atv/index.m3u8","VIDEO","HLS","m3u8","","true","true","","HN","https://www.atv.hn/","COMMUNITY","iptv-org public index, publicly listed free stream (verify broadcaster-official before promote)","iptv-org; categories=general; quality=720p","medium","1018"
"Live TV","General","Altanto TV (Altanto TV)","https://stream.haislin.com/ls_j3BOKxBbUJ/index.m3u8","VIDEO","HLS","m3u8","","true","true","","DO","https://altanto.com.do/","COMMUNITY","iptv-org public index, publicly listed free stream (verify broadcaster-official before promote)","iptv-org; categories=general; quality=1080p","medium","1019"
"Live TV","General","Althania (Althania)","https://live.kwikmotion.com/syriatv02live/syriatv02.smil/playlist.m3u8","VIDEO","HLS","m3u8","","true","true","","SY","https://www.althania.tv/","COMMUNITY","iptv-org public index, publicly listed free stream (verify broadcaster-official before promote)","iptv-org; categories=general; quality=1080p","medium","1020"
"Live TV","General","AltoAdige TV (Alto Adige TV)","https://5f204aff97bee.streamlock.net/AltoAdigeTV/livestream/playlist.m3u8","VIDEO","HLS","m3u8","","true","true","","IT","https://www.altoadigetv.it/","COMMUNITY","iptv-org public index, publicly listed free stream (verify broadcaster-official before promote)","iptv-org; categories=general; quality=720p","medium","1021"
"Live TV","General","Altura TV (Altura TV)","https://live-evg10.tv360.bitel.com.pe/bitel/urbanatv/playlist.m3u8","VIDEO","HLS","m3u8","","true","true","","PE","https://grupoaltura.pe/","COMMUNITY","iptv-org public index, publicly listed free stream (verify broadcaster-official before promote)","iptv-org; categories=general; quality=720p","medium","1022"
"Live TV","General","Altyn Asyr (Altyn Asyr)","https://alpha.tv.online.tm/hls/ch001.m3u8","VIDEO","HLS","m3u8","","true","true","","TM","http://turkmentv.gov.tm/","COMMUNITY","iptv-org public index, publicly listed free stream (verify broadcaster-official before promote)","iptv-org; categories=general; quality=406p","medium",""
"Live TV","General","Amaga Television (Amaga Television)","https://viewhn.com/amagatelevision/sdfUYWKegHKRPpSirG/playlist.m3u8","VIDEO","HLS","m3u8","","true","true","","CO","https://amagatelevision.com/","COMMUNITY","iptv-org public index, publicly listed free stream (verify broadcaster-official before promote)","iptv-org; categories=general; quality=720p","medium","1023"
"Live TV","General","Amazonica TV (Amazonica TV)","https://live-evg8.tv360.bitel.com.pe/bitel/amazonicatvSRT/playlist.m3u8","VIDEO","HLS","m3u8","","true","true","","PE","","COMMUNITY","iptv-org public index, publicly listed free stream (verify broadcaster-official before promote)","iptv-org; categories=general; quality=720p","medium",""
"Live TV","General","Ame 47 (Ame 47)","https://ss2.tvrdomi.com:1936/ame47/ame47/playlist.m3u8","VIDEO","HLS","m3u8","","true","true","","DO","https://www.rdmusica.com/","COMMUNITY","iptv-org public index, publicly listed free stream (verify broadcaster-official before promote)","iptv-org; categories=general; quality=576p","medium","1024"
"Live TV","General","America Estereo Guayaquil (América Estéreo Guayaquil)","https://video.makrodigital.com/americaestereoguayaquil/americaestereoguayaquil/playlist.m3u8","VIDEO","HLS","m3u8","","true","true","","EC","https://www.americaestereo.com/","COMMUNITY","iptv-org public index, publicly listed free stream (verify broadcaster-official before promote)","iptv-org; categories=general; quality=360p","medium","1025"
"Live TV","General","America Estereo Ibarra (América Estéreo Ibarra)","https://video.makrodigital.com/americaestereoibarra/americaestereoibarra/playlist.m3u8","VIDEO","HLS","m3u8","","true","true","","EC","https://www.americaestereo.com/","COMMUNITY","iptv-org public index, publicly listed free stream (verify broadcaster-official before promote)","iptv-org; categories=general; quality=720p","medium","1026"
"Live TV","General","America Estereo Quito (América Estéreo Quito)","https://video.makrodigital.com/americaestereoquito/americaestereoquito/playlist.m3u8","VIDEO","HLS","m3u8","","true","true","","EC","https://www.americaestereo.com/","COMMUNITY","iptv-org public index, publicly listed free stream (verify broadcaster-official before promote)","iptv-org; categories=general; quality=1080p","medium","1027"
"Live TV","General","America Estereo Tulcan (América Estéreo Tulcán)","https://video.makrodigital.com/americaestereotulcan/americaestereotulcan/playlist.m3u8","VIDEO","HLS","m3u8","","true","true","","EC","https://www.americaestereo.com/","COMMUNITY","iptv-org public index, publicly listed free stream (verify broadcaster-official before promote)","iptv-org; categories=general; quality=614p","medium","1028"
"Live TV","General","America Television (America Television)","https://live-bd1.tv360.bitel.com.pe/manifest/america/master_clean_source.m3u8","VIDEO","HLS","m3u8","","true","true","","PE","https://tvgo.americatv.com.pe/","COMMUNITY","iptv-org public index, publicly listed free stream (verify broadcaster-official before promote)","iptv-org; categories=general; quality=1080p","medium",""
"Live TV","General","America TeVe (América TeVé)","https://live.gideo.video/americateve2/master.m3u8","VIDEO","HLS","m3u8","","true","true","","PR","https://www.americatevepr.com/","COMMUNITY","iptv-org public index, publicly listed free stream (verify broadcaster-official before promote)","iptv-org; categories=general|entertainment; quality=1080p","medium","1029"
"Live TV","General","Amman TV (Amman TV)","https://ammantv-live.ercdn.net/ammantvhd/ammantvhd.m3u8","VIDEO","HLS","m3u8","","true","true","","JO","https://ammantv.net/","COMMUNITY","iptv-org public index, publicly listed free stream (verify broadcaster-official before promote)","iptv-org; categories=general; quality=720p","medium","1030"
"Live TV","General","An Giang TV 1 (An Giang TV1)","https://tv.angiangtv.vn/live/kgtv/kgtv.m3u8","VIDEO","HLS","m3u8","","true","true","","VN","https://angiangtv.vn/","COMMUNITY","iptv-org public index, publicly listed free stream (verify broadcaster-official before promote)","iptv-org; categories=general; quality=1080p","medium","1031"
"Live TV","General","Anand TV (Anand TV)","https://live-anandtv.anandmedia.net/anandtvapp/anandtv/index.m3u8","VIDEO","HLS","m3u8","","true","true","","UK","https://anandmedia.net/livetv","COMMUNITY","iptv-org public index, publicly listed free stream (verify broadcaster-official before promote)","iptv-org; categories=general; quality=720p","medium","1032"
"Live TV","General","Andijon MTRK (Andijon MTRK)","https://stream8.cinerama.uz/1457/tracks-v1a1/mono.m3u8","VIDEO","HLS","m3u8","","true","true","","UZ","","COMMUNITY","iptv-org public index, publicly listed free stream (verify broadcaster-official before promote)","iptv-org; categories=general; quality=576i","medium",""
"Live TV","General","Antena 1 (Antena 1)","https://live-evg8.tv360.bitel.com.pe/bitel/aunoSRT/playlist.m3u8","VIDEO","HLS","m3u8","","true","true","","PE","https://canala1.com","COMMUNITY","iptv-org public index, publicly listed free stream (verify broadcaster-official before promote)","iptv-org; categories=general; quality=720p","medium","1033"
"Live TV","General","Antena 1 (Antena 1)","https://hls.rundletv.eu.org/LIVE$Antena1/6.m3u8/Level/300720051?end=END&start=LIVE","VIDEO","ICECAST","","","true","true","","RO","http://a1.ro/","COMMUNITY","iptv-org public index, publicly listed free stream (verify broadcaster-official before promote)","iptv-org; categories=general; quality=1080p","medium","1034"
"Live TV","General","Antena 3 Internacional (Antena 3 Internacional)","http://177.10.184.193:8000/play/a06a/index.m3u8","VIDEO","HLS","m3u8","","true","false","","ES","https://www.antena3internacional.com/","COMMUNITY","iptv-org public index, publicly listed free stream (verify broadcaster-official before promote)","iptv-org; categories=general; quality=","medium","1035"
"Live TV","General","Antena Seis TV (Antena Seis TV)","https://video1.azulstream.com:8081/antenaseistv/index.m3u8","VIDEO","HLS","m3u8","","true","true","","CR","http://www.antenaseis.com/","COMMUNITY","iptv-org public index, publicly listed free stream (verify broadcaster-official before promote)","iptv-org; categories=general; quality=720p","medium","1036"
"Live TV","General","Antena SUR (Antena SUR)","https://cloudpro.servidoresdestream.com:8081/8010/index.m3u8","VIDEO","HLS","m3u8","","true","true","","PE","","COMMUNITY","iptv-org public index, publicly listed free stream (verify broadcaster-official before promote)","iptv-org; categories=general; quality=720p","medium",""
"Live TV","General","Antenna 2 TV (Antenna 2 TV)","https://58f12ffd2447a.streamlock.net/Antenna2/livestream/playlist.m3u8","VIDEO","HLS","m3u8","","true","true","","IT","https://players.fluidstream.it/Antenna2TV/","COMMUNITY","iptv-org public index, publicly listed free stream (verify broadcaster-official before promote)","iptv-org; categories=general; quality=720p","medium","1037"
"Live TV","General","Antenne Reunion (Antenne Réunion)","https://live-antenne-reunion.zeop.tv/live/c3eds/antreunihd/hls_fta/antreunihd.m3u8?location=ZEOP01","VIDEO","HLS","m3u8","","true","true","","FR","https://www.antennereunion.fr/","COMMUNITY","iptv-org public index, publicly listed free stream (verify broadcaster-official before promote)","iptv-org; categories=general; quality=720p","medium",""
"Live TV","General","Antofagasta TV (Antofagasta TV (ATV))","https://unlimited6-cl.dps.live/atv/atv.smil/playlist.m3u8","VIDEO","HLS","m3u8","","true","true","","CL","https://www.antofagasta.tv/","COMMUNITY","iptv-org public index, publicly listed free stream (verify broadcaster-official before promote)","iptv-org; categories=general; quality=1080p","medium",""
"Live TV","General","Anzoategui TV (Anzoátegui TV)","https://vcp2.myplaytv.com/anzoateguitv/anzoateguitv/playlist.m3u8","VIDEO","HLS","m3u8","","true","true","","VE","https://anzoategui.tv/","COMMUNITY","iptv-org public index, publicly listed free stream (verify broadcaster-official before promote)","iptv-org; categories=general; quality=360p","medium",""
"Live TV","General","Apsara TV11 (Apsara TV11)","https://live.ams.com.kh/app/stream/playlist.m3u8","VIDEO","HLS","m3u8","","true","true","","KH","https://ams.com.kh/","COMMUNITY","iptv-org public index, publicly listed free stream (verify broadcaster-official before promote)","iptv-org; categories=general; quality=720p","medium","1038"
"Live TV","General","Ara TV (Ara)","https://ncdn.telewebion.ir/ara/live/playlist.m3u8","VIDEO","HLS","m3u8","","true","true","","IR","https://www.aratv.ir/","COMMUNITY","iptv-org public index, publicly listed free stream (verify broadcaster-official before promote)","iptv-org; categories=general; quality=","medium",""
"Live TV","General","Arabi TV (Arabí TV)","https://streamtv2.elitecomunicacion.cloud:3628/live/arabitv2025live.m3u8","VIDEO","HLS","m3u8","","true","true","","ES","https://www.arabitv.es/","COMMUNITY","iptv-org public index, publicly listed free stream (verify broadcaster-official before promote)","iptv-org; categories=general; quality=1080p","medium","1039"
"Live TV","General","Aragon TV Internacional (Aragon TV Internacional)","https://cartv.streaming.aranova.es/hls/live/aragontv_canal1.m3u8","VIDEO","HLS","m3u8","","true","true","","ES","http://www.aragontelevision.es/","COMMUNITY","iptv-org public index, publicly listed free stream (verify broadcaster-official before promote)","iptv-org; categories=general|public; quality=720p","medium","1040"
"Live TV","General","ARB (ARB)","https://raw.githubusercontent.com/UzunMuhalefet/streams/main/myvideo-az/arb.m3u8","VIDEO","HLS","m3u8","","true","true","","AZ","https://www.arbtv.az/","COMMUNITY","iptv-org public index, publicly listed free stream (verify broadcaster-official before promote)","iptv-org; categories=general; quality=","medium","1041"
"Live TV","General","Arges TV (Arges TV)","https://btutzctahuf0wjoq.cdn.streamingserver.io/hls/yjvam8hlp2g3u08z02tv0yz66rq3cy.m3u8","VIDEO","HLS","m3u8","","true","true","","RO","https://argestv.ro/","COMMUNITY","iptv-org public index, publicly listed free stream (verify broadcaster-official before promote)","iptv-org; categories=general; quality=720p","medium",""
"Live TV","General","Aris 24 (Арис 24)","http://serv25.vintera.tv:8081/test/aris/playlist.m3u8","VIDEO","HLS","m3u8","","true","false","","RU","http://aris-tv.ru/aris-24","COMMUNITY","iptv-org public index, publicly listed free stream (verify broadcaster-official before promote)","iptv-org; categories=general; quality=720p","medium","1042"
"Live TV","General","Arkadag TV (Arkadag TV)","https://alpha.tv.online.tm/hls/ch000.m3u8","VIDEO","HLS","m3u8","","true","true","","TM","http://turkmentv.gov.tm/","COMMUNITY","iptv-org public index, publicly listed free stream (verify broadcaster-official before promote)","iptv-org; categories=general; quality=406p","medium",""
"Live TV","General","Arktika 24 (Арктика 24 (Архангельск))","https://vgtrkregion-reg.cdnvideo.ru/vgtrk/arhangelsk/arktika24-hd/index.m3u8","VIDEO","HLS","m3u8","","true","true","","RU","","COMMUNITY","iptv-org public index, publicly listed free stream (verify broadcaster-official before promote)","iptv-org; categories=general; quality=1080p","medium",""
"Live TV","General","Armenia 1 (Armenia 1)","https://amtv.tulixcdn.com/amtv2/am2abr/index.m3u8","VIDEO","HLS","m3u8","","true","true","","AM","https://www.1tv.am/","COMMUNITY","iptv-org public index, publicly listed free stream (verify broadcaster-official before promote)","iptv-org; categories=general; quality=1080p","medium","1043"
"Live TV","General","Armenia 2 (Armenia 2)","https://amtv.tulixcdn.com/amtv3/am3abr/index.m3u8","VIDEO","HLS","m3u8","","true","true","","AM","http://www.tv.am/","COMMUNITY","iptv-org public index, publicly listed free stream (verify broadcaster-official before promote)","iptv-org; categories=general; quality=1080p","medium","1044"
"Live TV","General","Arpegio TV (Arpegio TV)","https://live-evg8.tv360.bitel.com.pe/bitel/arpegioSRT/playlist.m3u8","VIDEO","HLS","m3u8","","true","true","","PE","https://arpegio.com.pe/tv/","COMMUNITY","iptv-org public index, publicly listed free stream (verify broadcaster-official before promote)","iptv-org; categories=general; quality=720p","medium","1045"
"Live TV","General","ART Television (ART Television)","https://mini.allinonereborn.fun/tata.php?id=11585","VIDEO","ICECAST","","","true","true","","LK","http://iwsholdings.com/","COMMUNITY","iptv-org public index, publicly listed free stream (verify broadcaster-official before promote)","iptv-org; categories=general; quality=720p","medium","1046"
"Live TV","General","Asgabat (Aşgabat)","https://alpha.tv.online.tm/hls/ch006.m3u8","VIDEO","HLS","m3u8","","true","true","","TM","http://turkmentv.gov.tm/","COMMUNITY","iptv-org public index, publicly listed free stream (verify broadcaster-official before promote)","iptv-org; categories=general; quality=406p","medium",""
"Live TV","General","Asian Culture TV (Asian Culture TV)","https://cdn.vegasplus.us/vegas/actv/playlist.m3u8","VIDEO","HLS","m3u8","","true","true","","US","https://www.actvus.com","COMMUNITY","iptv-org public index, publicly listed free stream (verify broadcaster-official before promote)","iptv-org; categories=general; quality=1080p","medium","1047"
"Live TV","General","Assen TV (Assen TV)","https://takeoff.jetstre.am/?account=OmroepAssen&file=OmroepAssenTV/playlist.m3u8&output=playlist.m3u8&protocol=https&service=webdav&type=live","VIDEO","ICECAST","","","true","true","","NL","","COMMUNITY","iptv-org public index, publicly listed free stream (verify broadcaster-official before promote)","iptv-org; categories=general; quality=720p","medium",""
"Live TV","General","AT5 (AT5)","https://takeoff.jetstre.am/?account=atvijf&file=live&output=playlist.m3u8&protocol=https&service=wowza&type=live","VIDEO","ICECAST","","","true","true","","NL","http://www.at5.nl/","COMMUNITY","iptv-org public index, publicly listed free stream (verify broadcaster-official before promote)","iptv-org; categories=general; quality=","medium","1048"
"Live TV","General","ATB La Paz (ATB La Paz)","http://186.121.206.197/live/daniel/index.m3u8","VIDEO","HLS","m3u8","","true","false","","BO","https://www.atb.com.bo/","COMMUNITY","iptv-org public index, publicly listed free stream (verify broadcaster-official before promote)","iptv-org; categories=general; quality=614p","medium","1049"
"Live TV","General","Atlanta Channel (Atlanta Channel)","http://media4.tripsmarter.com:1935/LiveTV/ACVBHD/playlist.m3u8","VIDEO","HLS","m3u8","","true","false","","US","https://wthc.atlantachannel.tv/","COMMUNITY","iptv-org public index, publicly listed free stream (verify broadcaster-official before promote)","iptv-org; categories=general; quality=720p","medium",""
"Live TV","General","Atlantis Radio TV (Atlantis Radio TV)","https://live-evg8.tv360.bitel.com.pe/bitel/atlantisSRT/playlist.m3u8","VIDEO","HLS","m3u8","","true","true","","PE","https://atlantisradiotv.com/","COMMUNITY","iptv-org public index, publicly listed free stream (verify broadcaster-official before promote)","iptv-org; categories=general; quality=720p","medium","1050"
"Live TV","General","ATN Bangla UK (ATN Bangla UK)","https://app.ncare.live/c3VydmVyX8RpbEU9Mi8xNy8yMDE0GIDU6RgzQ6NTAgdEoaeFzbF92YWxIZTO0U0ezN1IzMyfvcGVMZEJCTEFWeVN3PTOmdFsaWRtaW51aiPhnPTI2/atnbanglauk-off.stream/playlist.m3u8","VIDEO","HLS","m3u8","","true","true","","UK","http://atnbanglauk.tv/","COMMUNITY","iptv-org public index, publicly listed free stream (verify broadcaster-official before promote)","iptv-org; categories=general; quality=576p","medium","1051"
"Live TV","General","ATV (ATV HD)","http://212.186.45.34:9981/stream/channelid/692531719?profile=pass","VIDEO","ICECAST","","","true","false","","AT","https://www.atv.at/","COMMUNITY","iptv-org public index, publicly listed free stream (verify broadcaster-official before promote)","iptv-org; categories=general; quality=1080p","medium",""
"Live TV","General","ATV (ATV)","https://live.zendzend.com/mpegts/29375_107244/media_mpegts_0.m3u8","VIDEO","HLS","m3u8","","true","true","","BE","https://atv.be/","COMMUNITY","iptv-org public index, publicly listed free stream (verify broadcaster-official before promote)","iptv-org; categories=general; quality=1080p","medium","1052"
"Live TV","General","ATV Sur (ATV Sur)","https://alba-pe-atv-atvsur.stream.mediatiquestream.com/index.m3u8","VIDEO","HLS","m3u8","","true","true","","PE","https://www.atv.pe/","COMMUNITY","iptv-org public index, publicly listed free stream (verify broadcaster-official before promote)","iptv-org; categories=general; quality=720p","medium","1053"
"Live TV","General","ATXN3 (ATXN3)","https://cdn-atxn-01.vos360.video/Content/HLS/Live/channel(c55d1594-ad62-7434-aa17-4d71adb80f99)/index.m3u8","VIDEO","HLS","m3u8","","true","true","","US","https://www.austintexas.gov/watch-atxn-live","COMMUNITY","iptv-org public index, publicly listed free stream (verify broadcaster-official before promote)","iptv-org; categories=general|culture; quality=1080p","medium","1054"
"Live TV","General","Augsburg TV (Augsburg TV)","https://stream02.welocal.stream/stream/fhd-augsburgtv_104951/ngrp:stream_all/playlist.m3u8","VIDEO","HLS","m3u8","","true","true","","DE","https://www.augsburg.tv/","COMMUNITY","iptv-org public index, publicly listed free stream (verify broadcaster-official before promote)","iptv-org; categories=general; quality=1080p","medium","1055"
"Live TV","General","Aupur Television (Aupur Television)","https://canal.aupurtv.co/live/stream/index.m3u8","VIDEO","HLS","m3u8","","true","true","","CO","https://aupur.co/","COMMUNITY","iptv-org public index, publicly listed free stream (verify broadcaster-official before promote)","iptv-org; categories=general; quality=1080p","medium",""
"Live TV","General","aurLife HD (aurLife HD)","http://124.109.47.101/hls/stream1.m3u8","VIDEO","HLS","m3u8","","true","false","","PK","https://aurlife.tv/","COMMUNITY","iptv-org public index, publicly listed free stream (verify broadcaster-official before promote)","iptv-org; categories=general; quality=614p","medium","1056"
"Live TV","General","Autentica Television (Auténtica Televisión)","https://live.obslivestream.com/autenticatvmux/index.m3u8","VIDEO","HLS","m3u8","","true","true","","PE","https://autenticatv.pe/","COMMUNITY","iptv-org public index, publicly listed free stream (verify broadcaster-official before promote)","iptv-org; categories=general; quality=720p","medium","1057"
"Live TV","General","Avers (Avers)","https://avers.pp.ua/hls/efir.m3u8","VIDEO","HLS","m3u8","","true","true","","UA","https://www.volynnews.com/avers/","COMMUNITY","iptv-org public index, publicly listed free stream (verify broadcaster-official before promote)","iptv-org; categories=general; quality=480p","medium","1058"
"Live TV","General","AWE (AWE)","https://a-cdn.klowdtv.com/live1/awe_720p/playlist.m3u8","VIDEO","HLS","m3u8","","true","true","","US","https://www.awetv.com/","COMMUNITY","iptv-org public index, publicly listed free stream (verify broadcaster-official before promote)","iptv-org; categories=general; quality=720p","medium","1059"
"Live TV","General","AWE Encore (AWE Encore)","https://a-cdn.herringnetwork.com/affiliate/awee/playlist.m3u8","VIDEO","HLS","m3u8","","true","true","","US","https://www.awetv.com/","COMMUNITY","iptv-org public index, publicly listed free stream (verify broadcaster-official before promote)","iptv-org; categories=general; quality=720p","medium","1060"
"Live TV","General","AWE International (AWE International)","https://a-cdn.klowdtv.com/live1/aweint/playlist.m3u8","VIDEO","HLS","m3u8","","true","true","","US","https://www.awetv.com/","COMMUNITY","iptv-org public index, publicly listed free stream (verify broadcaster-official before promote)","iptv-org; categories=general; quality=720p","medium","1061"
"Live TV","General","AYNI TV (AYNI TV)","https://59d39900ebfb8.streamlock.net/Aynitv/Aynitv/playlist.m3u8","VIDEO","HLS","m3u8","","true","true","","BO","https://aynitv.com.bo/","COMMUNITY","iptv-org public index, publicly listed free stream (verify broadcaster-official before promote)","iptv-org; categories=general; quality=","medium",""
"Live TV","General","Aysen TV (Aysen TV)","https://v1.tustreaming.cl/aysentv/index.m3u8","VIDEO","HLS","m3u8","","true","true","","CL","https://www.aysen.tv/","COMMUNITY","iptv-org public index, publicly listed free stream (verify broadcaster-official before promote)","iptv-org; categories=general; quality=720p","medium","1062"
"Live TV","General","Az Star TV (Azstar TV HD)","https://live.livestreamtv.ca/azstar/amlst:azstar/playlist.m3u8","VIDEO","HLS","m3u8","","true","true","","CA","https://www.azstartv.com/","COMMUNITY","iptv-org public index, publicly listed free stream (verify broadcaster-official before promote)","iptv-org; categories=general; quality=1080p","medium","1063"
"Live TV","General","Az TV (Az TV)","https://stream8.cinerama.uz/1455/tracks-v1a1/mono.m3u8","VIDEO","HLS","m3u8","","true","true","","AZ","http://www.aztv.az/","COMMUNITY","iptv-org public index, publicly listed free stream (verify broadcaster-official before promote)","iptv-org; categories=general; quality=","medium","1064"
"Live TV","General","Azteca Honduras (Azteca Honduras)","https://mdstrm.com/live-stream-playlist/65a1d2fd7e7f14355550d570.m3u8","VIDEO","HLS","m3u8","","true","true","","HN","http://azteca.com.hn/","COMMUNITY","iptv-org public index, publicly listed free stream (verify broadcaster-official before promote)","iptv-org; categories=general; quality=720p","medium","1065"
"Live TV","General","Azzurra TV (Azzurra TV)","https://ed05.top-ix.org/avtvlive/azzurra/streaming/playlist.m3u8","VIDEO","HLS","m3u8","","true","true","","IT","","COMMUNITY","iptv-org public index, publicly listed free stream (verify broadcaster-official before promote)","iptv-org; categories=general; quality=576p","medium",""
"Live TV","General","Badakhshon (Badakhshon)","https://live.teleradiocom.tj/11/3m.m3u8","VIDEO","HLS","m3u8","","true","true","","TJ","","COMMUNITY","iptv-org public index, publicly listed free stream (verify broadcaster-official before promote)","iptv-org; categories=general; quality=576p","medium",""
"Live TV","General","Baden TV (Baden TV)","http://badentv-stream2.siebnich.info/rtplive/btv.stream/live.m3u8","VIDEO","HLS","m3u8","","true","false","","DE","https://baden-tv.com/","COMMUNITY","iptv-org public index, publicly listed free stream (verify broadcaster-official before promote)","iptv-org; categories=general; quality=1080p","medium","1066"
"Live TV","General","Baden TV Sud (Baden TV Süd)","https://cdn.icu.de/rtplive/smil:btvsued.smil/playlist.m3u8","VIDEO","HLS","m3u8","","true","true","","DE","https://www.baden-tv-sued.com/","COMMUNITY","iptv-org public index, publicly listed free stream (verify broadcaster-official before promote)","iptv-org; categories=general; quality=480p","medium","1067"
"Live TV","General","Bahrain International (Bahrain International)","https://5c7b683162943.streamlock.net/live/ngrp:bahraininternational_all/playlist.m3u8","VIDEO","HLS","m3u8","","true","true","","BH","https://www.mia.gov.bh/media-center/live-tv-and-radio/?lang=en","COMMUNITY","iptv-org public index, publicly listed free stream (verify broadcaster-official before promote)","iptv-org; categories=general; quality=720p","medium",""
"Live TV","General","Bahrain TV (Bahrain TV)","https://5c7b683162943.streamlock.net/live/ngrp:bahraintvmain_all/playlist.m3u8","VIDEO","HLS","m3u8","","true","true","","BH","https://www.mia.gov.bh/media-center/live-tv-and-radio/?lang=en","COMMUNITY","iptv-org public index, publicly listed free stream (verify broadcaster-official before promote)","iptv-org; categories=general; quality=720p","medium",""
"Live TV","General","Baicheng TV (白城新闻综合)","https://stream2.jlntv.cn/baicheng1/sd/live.m3u8","VIDEO","HLS","m3u8","","true","true","","CN","https://www.jlntv.cn/newpc/wlt/dszb/folder3130/folder3140/","COMMUNITY","iptv-org public index, publicly listed free stream (verify broadcaster-official before promote)","iptv-org; categories=general; quality=","medium",""
"Live TV","General","Bajai TV (Bajai TV)","https://cloudfront41.lexanetwork.com:1344/relay01/livestream002.sdp/playlist.m3u8","VIDEO","HLS","m3u8","","true","true","","HU","http://www.bajaitelevizio.hu/","COMMUNITY","iptv-org public index, publicly listed free stream (verify broadcaster-official before promote)","iptv-org; categories=general; quality=720p","medium","1068"
"Live TV","General","Balta TV (Балта ТВ)","http://194.50.51.34/playlist.m3u8","VIDEO","HLS","m3u8","","true","false","","UA","http://balta.tv/","COMMUNITY","iptv-org public index, publicly listed free stream (verify broadcaster-official before promote)","iptv-org; categories=general; quality=768p","medium","1069"
"Live TV","General","Banat TV (Banat TV)","https://www.btv.ro/hls/banat-tv.m3u8","VIDEO","HLS","m3u8","","true","true","","RO","https://www.btv.ro/","COMMUNITY","iptv-org public index, publicly listed free stream (verify broadcaster-official before promote)","iptv-org; categories=general; quality=720p","medium","1070"
"Live TV","General","Bani Vision (Bani Vision)","https://videostream.shockmedia.com.ar/hls/banivision/banivision.m3u8","VIDEO","HLS","m3u8","","true","true","","DO","https://www.banivision.com/","COMMUNITY","iptv-org public index, publicly listed free stream (verify broadcaster-official before promote)","iptv-org; categories=general; quality=720p","medium","1071"
"Live TV","General","Barbe TV (Canal 9 Barbe TV)","https://cdn.streamhispanatv.net:3549/live/barbetvlive.m3u8","VIDEO","HLS","m3u8","","true","true","","GT","https://barbetv.com/","COMMUNITY","iptv-org public index, publicly listed free stream (verify broadcaster-official before promote)","iptv-org; categories=general; quality=720p","medium",""
"Live TV","General","Barrandov Krimi (Barrandov Krimi)","https://dash4.antik.sk/live/test_barrandov_plus_atk_1200/playlist.m3u8","VIDEO","HLS","m3u8","","true","true","","CZ","https://www.barrandov.tv/","COMMUNITY","iptv-org public index, publicly listed free stream (verify broadcaster-official before promote)","iptv-org; categories=general; quality=1080p","medium","1072"
"Live TV","General","Bashkortostan 24 (Башкортостан 24)","https://vgtrkregion-reg.cdnvideo.ru/vgtrk/ufa/bashkortostan24-hd/index.m3u8","VIDEO","HLS","m3u8","","true","true","","RU","https://gtrk.tv/b24","COMMUNITY","iptv-org public index, publicly listed free stream (verify broadcaster-official before promote)","iptv-org; categories=general; quality=1080p","medium",""
"Live TV","General","BCN Gospel TV (BCN Gospel TV HD)","https://live1.ovalcast.com:3916/live/bcngospeltvlive.m3u8","VIDEO","HLS","m3u8","","true","true","","ES","https://bcngospelchannel.com/","COMMUNITY","iptv-org public index, publicly listed free stream (verify broadcaster-official before promote)","iptv-org; categories=general; quality=720p","medium","1073"
"Live TV","General","Beijing Satellite TV (BRTV 北京卫视)","http://go.bkpcp.top/mg/bjws","VIDEO","ICECAST","","","true","false","","CN","https://www.brtn.cn/btv/","COMMUNITY","iptv-org public index, publicly listed free stream (verify broadcaster-official before promote)","iptv-org; categories=general; quality=1080p","medium","1074"
"Live TV","General","Belarus-1 (Belarus-1)","https://edge51.dc.beltelecom.by/ngtrk/_definst_/smil:belarus1.smil/chunklist_w1701491008_b5160000_sleng.m3u8","VIDEO","HLS","m3u8","","true","true","","BY","http://www.tvr.by/","COMMUNITY","iptv-org public index, publicly listed free stream (verify broadcaster-official before promote)","iptv-org; categories=general; quality=1080p","medium","1075"
"Live TV","General","Belarus-4 (Belarus-4 Gomel)","http://46.56.85.151:8080/0.m3u8","VIDEO","HLS","m3u8","","true","false","","BY","http://www.tvr.by/","COMMUNITY","iptv-org public index, publicly listed free stream (verify broadcaster-official before promote)","iptv-org; categories=general; quality=720p","medium","1076"
"Live TV","General","Belgorod 24 (Белгород 24)","https://belnovosti.cdn.easyhoster.ru:8443/stream.m3u8","VIDEO","HLS","m3u8","","true","true","","RU","https://www.belnovosti.ru/telekanal-belgorod-24/","COMMUNITY","iptv-org public index, publicly listed free stream (verify broadcaster-official before promote)","iptv-org; categories=general; quality=1080p","medium","1077"
"Live TV","General","Belle Amie (TV Belle Amie)","http://92.60.238.10:1935/live/belleamie/playlist.m3u8","VIDEO","HLS","m3u8","","true","false","","RS","http://www.belami.rs/","COMMUNITY","iptv-org public index, publicly listed free stream (verify broadcaster-official before promote)","iptv-org; categories=general; quality=540p","medium","1078"
"Live TV","General","BelRos (BelRos)","https://souzny.mediacdn.ru/cdn/souzny/playlist.m3u8","VIDEO","HLS","m3u8","","true","true","","RU","https://belros.tv/","COMMUNITY","iptv-org public index, publicly listed free stream (verify broadcaster-official before promote)","iptv-org; categories=general; quality=720p","medium","1079"
"Live TV","General","Bergamo TV (Bergamo TV)","https://db142859fd5541b09de25d6507f1f2d3.msvdn.net/live/S17501676/oIxAsgEEA46M/playlist_dvr.m3u8","VIDEO","HLS","m3u8","","true","true","","IT","https://bergamotv.it/","COMMUNITY","iptv-org public index, publicly listed free stream (verify broadcaster-official before promote)","iptv-org; categories=general; quality=1080p","medium",""
"Live TV","General","Berks Community TV (Berks Community TV)","https://livestream.telvue.com/berkscmttv2/f7b44cfafd5c52223d5498196c8a2e7b.sdp/playlist.m3u8","VIDEO","HLS","m3u8","","true","true","","US","https://www.bctv.org/","COMMUNITY","iptv-org public index, publicly listed free stream (verify broadcaster-official before promote)","iptv-org; categories=general; quality=1080p","medium","1080"
"Live TV","General","BHTV (BHTV)","https://sc1.wasidata.com/Bhtv/index.fmp4.m3u8","VIDEO","HLS","m3u8","","true","true","","PE","https://bhtv.pe/","COMMUNITY","iptv-org public index, publicly listed free stream (verify broadcaster-official before promote)","iptv-org; categories=general; quality=1080p","medium",""
"Live TV","General","BIG Civic Channel (BIG Civic Channel)","https://reflect-brookline-interactive-group.cablecast.tv/live-5/live/stream-2/live.m3u8","VIDEO","HLS","m3u8","","true","true","","US","http://brookline-interactive-group.cablecast.tv:8080/CablecastPublicSite/watch/2?channel=2","COMMUNITY","iptv-org public index, publicly listed free stream (verify broadcaster-official before promote)","iptv-org; categories=general; quality=","medium",""
"Live TV","General","BIG Community Channel (BIG Community Channel)","https://reflect-brookline-interactive-group.cablecast.tv/live-4/live/stream-1/live.m3u8","VIDEO","HLS","m3u8","","true","true","","US","https://brooklineinteractive.org/live/","COMMUNITY","iptv-org public index, publicly listed free stream (verify broadcaster-official before promote)","iptv-org; categories=general; quality=","medium","1081"
"Live TV","General","Binge (Binge)","https://videostack1.cdnstream1.com:1936/binge-tv/binge-tv/playlist.m3u8","VIDEO","HLS","m3u8","","true","true","","US","https://ibinge.tv","COMMUNITY","iptv-org public index, publicly listed free stream (verify broadcaster-official before promote)","iptv-org; categories=general; quality=","medium",""
"Live TV","General","Blu Radio (Blu Radio)","https://mdstrm.com/live-stream-playlist/58d1921a72e2b22e2905e493.m3u8","VIDEO","HLS","m3u8","","true","true","","CO","https://www.bluradio.com/","COMMUNITY","iptv-org public index, publicly listed free stream (verify broadcaster-official before promote)","iptv-org; categories=general; quality=720p","medium","1082"
"Live TV","General","BMC-HD TV (BMC-HD TV)","https://livestream.telvue.com/belmontmedia4/f7b44cfafd5c52223d5498196c8a2e7b.sdp/playlist.m3u8","VIDEO","HLS","m3u8","","true","true","","US","https://www.belmontmedia.org/watch/bmchd","COMMUNITY","iptv-org public index, publicly listed free stream (verify broadcaster-official before promote)","iptv-org; categories=general; quality=720p","medium","1083"
"Live TV","General","BNB Digital (BNB Digital)","https://live-evg8.tv360.bitel.com.pe/bitel/bnbSRT/playlist.m3u8","VIDEO","HLS","m3u8","","true","true","","PE","https://www.bnbdigitaltv.com/","COMMUNITY","iptv-org public index, publicly listed free stream (verify broadcaster-official before promote)","iptv-org; categories=general; quality=720p","medium",""
"Live TV","General","Boca Chica TV (Boca Chica TV)","https://fox.hostlagarto.com:8081/bocachicatv/tracks-v1a1/mono.m3u8","VIDEO","HLS","m3u8","","true","true","","DO","https://dominicanchannels.com/boca-chica-tv/","COMMUNITY","iptv-org public index, publicly listed free stream (verify broadcaster-official before promote)","iptv-org; categories=general; quality=720p","medium","1084"
"Live TV","General","Bom Channel (Bom Channel)","https://5f22d76e220e1.streamlock.net/canale6/canale6/playlist.m3u8","VIDEO","HLS","m3u8","","true","true","","IT","https://bomchannel.it/","COMMUNITY","iptv-org public index, publicly listed free stream (verify broadcaster-official before promote)","iptv-org; categories=general; quality=720p","medium","1085"
"Live TV","General","Bon Dia TV (Bon Dia TV)","https://directes-tv-int.3catdirectes.cat/live-content/bondia-hls/master.m3u8","VIDEO","HLS","m3u8","","true","true","","ES","https://www.bondiatv.org/","COMMUNITY","iptv-org public index, publicly listed free stream (verify broadcaster-official before promote)","iptv-org; categories=general|public; quality=1080p","medium","1086"
"Live TV","General","Bonao TV (Bonao TV)","https://tele-stream.telecasa.net/live/st2/bonaotv-hd/index.m3u8","VIDEO","HLS","m3u8","","true","true","","DO","https://www.bonaotv.com/","COMMUNITY","iptv-org public index, publicly listed free stream (verify broadcaster-official before promote)","iptv-org; categories=general; quality=720p","medium",""
"Live TV","General","Brionnais TV (Brionnais TV)","https://stream2.mandarine.media/brionnaistv/brionnaistv/playlist.m3u8","VIDEO","HLS","m3u8","","true","true","","FR","https://brionnais.tv/","COMMUNITY","iptv-org public index, publicly listed free stream (verify broadcaster-official before promote)","iptv-org; categories=general; quality=720p","medium","1087"
"Live TV","General","Bruno Masi TV (Bruno Masi TV)","https://rds3.desdeparaguay.net/brunomasitv/brunomasitv/playlist.m3u8","VIDEO","HLS","m3u8","","true","true","","PY","http://www.brunomasi.tv/","COMMUNITY","iptv-org public index, publicly listed free stream (verify broadcaster-official before promote)","iptv-org; categories=general; quality=720p","medium","1088"
"Live TV","General","BTV (Bábolnai TV)","https://cloudfront44.lexanetwork.com:1344/freerelay/babolnatv.sdp/playlist.m3u8","VIDEO","HLS","m3u8","","true","true","","HU","http://www.btv.hu/","COMMUNITY","iptv-org public index, publicly listed free stream (verify broadcaster-official before promote)","iptv-org; categories=general; quality=360p","medium","1089"
"Live TV","General","Budapest Europa Televizio (Budapest Európa Televízió)","https://cloudfront44.lexanetwork.com:1344/freerelay/bpetv.sdp/playlist.m3u8","VIDEO","HLS","m3u8","","true","true","","HU","https://www.bpetv.org/","COMMUNITY","iptv-org public index, publicly listed free stream (verify broadcaster-official before promote)","iptv-org; categories=general; quality=576p","medium",""
"Live TV","General","Bukedde TV 1 (Bukedde TV 1)","https://stream.hydeinnovations.com/bukedde1flussonic/index.m3u8","VIDEO","HLS","m3u8","","true","true","","UG","https://www.bukedde.co.ug/","COMMUNITY","iptv-org public index, publicly listed free stream (verify broadcaster-official before promote)","iptv-org; categories=general; quality=576p","medium","1090"
"Live TV","General","Bukedde TV 2 (Bukedde TV 2)","https://stream.hydeinnovations.com/bukedde2flussonic/index.m3u8","VIDEO","HLS","m3u8","","true","true","","UG","https://www.bukedde.co.ug/","COMMUNITY","iptv-org public index, publicly listed free stream (verify broadcaster-official before promote)","iptv-org; categories=general; quality=576p","medium","1091"
"Live TV","General","BUM Television (BUM Televisión)","https://movil.ejeserver.com/live/visiondorada.m3u8","VIDEO","HLS","m3u8","","true","true","","CO","https://www.bumtelevision.com.co/","COMMUNITY","iptv-org public index, publicly listed free stream (verify broadcaster-official before promote)","iptv-org; categories=general; quality=720p","medium","1092"
"Live TV","General","Buxoro MTRK (Buxoro MTRK)","https://stream8.cinerama.uz/1459/tracks-v1a1/mono.m3u8","VIDEO","HLS","m3u8","","true","true","","UZ","https://buxorotv.uz/","COMMUNITY","iptv-org public index, publicly listed free stream (verify broadcaster-official before promote)","iptv-org; categories=general; quality=720p","medium","1093"
"Live TV","General","BX Inform (BX Inform)","https://reflect-stream-bronxnet.cablecast.tv/live-8/live/stream-4/live.m3u8","VIDEO","HLS","m3u8","","true","true","","US","https://www.bronxnet.org/watch/","COMMUNITY","iptv-org public index, publicly listed free stream (verify broadcaster-official before promote)","iptv-org; categories=general|news; quality=1080p","medium","1094"
"Live TV","General","BX Omni (BX Omni)","https://reflect-stream-bronxnet.cablecast.tv/live-16/live/stream-1/live.m3u8","VIDEO","HLS","m3u8","","true","true","","US","https://www.bronxnet.org/watch/","COMMUNITY","iptv-org public index, publicly listed free stream (verify broadcaster-official before promote)","iptv-org; categories=general; quality=720p","medium","1095"
"Live TV","General","C31 Melbourne (C31 Melbourne)","https://d1k6kax80wecy5.cloudfront.net/RLnAKY/index.m3u8","VIDEO","HLS","m3u8","","true","true","","AU","","COMMUNITY","iptv-org public index, publicly listed free stream (verify broadcaster-official before promote)","iptv-org; categories=general; quality=240p","medium",""
"Live TV","General","Cable Sur TV (Cable Sur TV)","https://tvlatina.live:1936/8025/8025/playlist.m3u8","VIDEO","HLS","m3u8","","true","true","","CO","https://www.cablesur.com.co/","COMMUNITY","iptv-org public index, publicly listed free stream (verify broadcaster-official before promote)","iptv-org; categories=general; quality=","medium","1096"
"Live TV","General","Cajamarca TV (Cajamarca TV)","https://live-evg8.tv360.bitel.com.pe/bitel/cajamarcatvSRT/playlist.m3u8","VIDEO","HLS","m3u8","","true","true","","PE","https://cajamarcatv.pe/","COMMUNITY","iptv-org public index, publicly listed free stream (verify broadcaster-official before promote)","iptv-org; categories=general; quality=720p","medium",""
"Live TV","General","Calabria TV (Calabria TV)","https://64b16f23efbee.streamlock.net/calabriatv/calabriatv/playlist.m3u8","VIDEO","HLS","m3u8","","true","true","","IT","https://calabriatv.it/","COMMUNITY","iptv-org public index, publicly listed free stream (verify broadcaster-official before promote)","iptv-org; categories=general; quality=","medium","1097"
"Live TV","General","CaliTV (Cali TV)","https://5ab772334c39c.streamlock.net/live-calitv/calitv1/playlist.m3u8","VIDEO","HLS","m3u8","","true","true","","CO","https://www.canalcalitv.com/","COMMUNITY","iptv-org public index, publicly listed free stream (verify broadcaster-official before promote)","iptv-org; categories=general; quality=540p","medium","1098"
"Live TV","General","CAM 10 TV (CAM 10 TV)","https://stream.it-innov.com/cam10tv/index.m3u8","VIDEO","HLS","m3u8","","true","true","","CM","https://cam10tv.com/","COMMUNITY","iptv-org public index, publicly listed free stream (verify broadcaster-official before promote)","iptv-org; categories=general; quality=720p","medium","1099"
"Live TV","General","Can Tho TV (Cần Thơ TV1)","https://live.canthotv.vn/live/tv/chunklist.m3u8","VIDEO","HLS","m3u8","","true","true","","VN","https://canthotv.vn/can-tho-1/","COMMUNITY","iptv-org public index, publicly listed free stream (verify broadcaster-official before promote)","iptv-org; categories=general; quality=1080p","medium",""
"Live TV","General","Cana TV Digital (Cana TV Digital)","https://stream.hostuis.com:19360/canatvdigital/canatvdigital.m3u8","VIDEO","HLS","m3u8","","true","true","","DO","https://canatvdigital.com/","COMMUNITY","iptv-org public index, publicly listed free stream (verify broadcaster-official before promote)","iptv-org; categories=general; quality=720p","medium",""
"Live TV","General","Canaf54 TV (Canaf54 TV)","https://5caf24a595d94.streamlock.net:1937/pvyugfkzkc/pvyugfkzkc/playlist.m3u8","VIDEO","HLS","m3u8","","true","true","","UK","https://canaf54.tv/","COMMUNITY","iptv-org public index, publicly listed free stream (verify broadcaster-official before promote)","iptv-org; categories=general; quality=","medium",""
"Live TV","General","Canal 1 (Canal 1)","https://vid.canal1cr.com:3424/multi_live/play_720.m3u8","VIDEO","HLS","m3u8","","true","true","","CR","https://canal1cr.com/","COMMUNITY","iptv-org public index, publicly listed free stream (verify broadcaster-official before promote)","iptv-org; categories=general; quality=720p","medium","1100"
"Live TV","General","Canal 1 Mar Menor Torre Pacheco (Canal 1 Mar Menor-Torre Pacheco)","https://directo.tuwebtv.es/canal1.m3u8","VIDEO","HLS","m3u8","","true","true","","ES","https://www.tuwebtv.es/","COMMUNITY","iptv-org public index, publicly listed free stream (verify broadcaster-official before promote)","iptv-org; categories=general|news; quality=1080p","medium","1101"
"Live TV","General","Canal 1 Nuble (Canal 1 Nuble)","https://tls-cl.cdnz.cl/canal21tv/live/playlist.m3u8","VIDEO","HLS","m3u8","","true","true","","CL","https://www.canal1.cl/","COMMUNITY","iptv-org public index, publicly listed free stream (verify broadcaster-official before promote)","iptv-org; categories=general; quality=","medium","1102"
"Live TV","General","Canal 10 (Canal 10)","https://www.canal10.com.ni/envivo/","VIDEO","ICECAST","","","true","true","","NI","http://www.canal10.com.ni/","COMMUNITY","iptv-org public index, publicly listed free stream (verify broadcaster-official before promote)","iptv-org; categories=general; quality=360p","medium","1103"
"Live TV","General","Canal 10 (Canal 10)","https://5ca3e84a76d30.streamlock.net/tves/videotves/playlist.m3u8","VIDEO","HLS","m3u8","","true","true","","SV","https://noticiero.sv/","COMMUNITY","iptv-org public index, publicly listed free stream (verify broadcaster-official before promote)","iptv-org; categories=general; quality=720p","medium",""
"Live TV","General","Canal 11 (Canal 11)","https://redirector.rudo.video/hls-video/c54ac2799874375c81c1672abb700870537c5223/canal11hn/canal11hn.smil/playlist.m3u8","VIDEO","HLS","m3u8","","true","true","","HN","https://canal11.hn/","COMMUNITY","iptv-org public index, publicly listed free stream (verify broadcaster-official before promote)","iptv-org; categories=general; quality=1080p","medium","1104"
"Live TV","General","Canal 11 TuTV (Canal 11 TuTV)","https://stream.giostreaming.app/canal11/canal11.m3u8","VIDEO","HLS","m3u8","","true","true","","SV","http://www.canal11.com.sv/","COMMUNITY","iptv-org public index, publicly listed free stream (verify broadcaster-official before promote)","iptv-org; categories=general; quality=349p","medium","1105"
"Live TV","General","Canal 2 Alpavision Neiva (Canal 2 Alpavisión Neiva)","https://stmv1.voxtvhd.com.br/alpavision/alpavision/playlist.m3u8","VIDEO","HLS","m3u8","","true","true","","CO","https://alpavision.com.co/canal-2-senal-en-vivo/","COMMUNITY","iptv-org public index, publicly listed free stream (verify broadcaster-official before promote)","iptv-org; categories=general; quality=720p","medium","1106"
"Live TV","General","Canal 2 International (Canal 2 International)","http://69.64.57.208/canal2international/playlist.m3u8","VIDEO","HLS","m3u8","","true","false","","CM","http://www.canal2international.net/","COMMUNITY","iptv-org public index, publicly listed free stream (verify broadcaster-official before promote)","iptv-org; categories=general; quality=720p","medium","1107"
"Live TV","General","Canal 21 Huancayo (Canal 21 Huancayo)","https://play.agenciastreaming.com:8081/tvwanka/tracks-v1/index.fmp4.m3u8","VIDEO","HLS","m3u8","","true","true","","PE","https://canal21huancayo.com","COMMUNITY","iptv-org public index, publicly listed free stream (verify broadcaster-official before promote)","iptv-org; categories=general; quality=720p","medium","1108"
"Live TV","General","Canal 21 Tachira (Canal 21 Táchira)","https://stmv2.voxtvhd.com.br/canal21/canal21/playlist.m3u8","VIDEO","HLS","m3u8","","true","true","","VE","https://canal21tachira.com/","COMMUNITY","iptv-org public index, publicly listed free stream (verify broadcaster-official before promote)","iptv-org; categories=general; quality=360p","medium","1109"
"Live TV","General","Canal 25 Ayacucho (Canal 25 Ayacucho)","https://live-evg10.tv360.bitel.com.pe/bitel/canal25ayacucho/playlist.m3u8","VIDEO","HLS","m3u8","","true","true","","PE","","COMMUNITY","iptv-org public index, publicly listed free stream (verify broadcaster-official before promote)","iptv-org; categories=general; quality=720p","medium",""
"Live TV","General","Canal 3 Impresionante (Canal 3 Impresionante)","https://cloud2.streaminglivehd.com:2020/hls/8036/8036.m3u8","VIDEO","HLS","m3u8","","true","true","","SV","https://canal3impresionante.com/","COMMUNITY","iptv-org public index, publicly listed free stream (verify broadcaster-official before promote)","iptv-org; categories=general; quality=480p","medium","1110"
"Live TV","General","Canal 32 (Canal 32)","https://event.vedge.infomaniak.com/livecast/ik:canal32_4/manifest.m3u8","VIDEO","HLS","m3u8","","true","true","","FR","https://www.canal32.fr/","COMMUNITY","iptv-org public index, publicly listed free stream (verify broadcaster-official before promote)","iptv-org; categories=general; quality=1080p","medium","1111"
"Live TV","General","Canal 4 (Canal 4)","https://alba-cr-repretel-c4.stream.mediatiquestream.com/index.m3u8","VIDEO","HLS","m3u8","","true","true","","CR","http://www.repretel.com/","COMMUNITY","iptv-org public index, publicly listed free stream (verify broadcaster-official before promote)","iptv-org; categories=general; quality=720p","medium","1112"
"Live TV","General","Canal 4 RD (Canal 4 RD)","https://protvradiostream.com:1936/canal4rd-1/ngrp:canal4rd-1_all/playlist.m3u8","VIDEO","HLS","m3u8","","true","true","","DO","https://rtvd.gob.do/","COMMUNITY","iptv-org public index, publicly listed free stream (verify broadcaster-official before promote)","iptv-org; categories=general; quality=1080p","medium",""
"Live TV","General","Canal 5 El Lider (Canal 5 El Líder)","https://mdstrm.com/live-stream-playlist/6287fda8ea3b8b397d1ca2ed.m3u8","VIDEO","HLS","m3u8","","true","true","","HN","https://www.televicentro.hn/","COMMUNITY","iptv-org public index, publicly listed free stream (verify broadcaster-official before promote)","iptv-org; categories=general; quality=720p","medium","1113"
"Live TV","General","Canal 5 Puerto Montt (Canal 5 Puerto Montt)","https://5ff3d9babae13.streamlock.net/aufymdjpjf/aufymdjpjf/playlist.m3u8","VIDEO","HLS","m3u8","","true","true","","CL","https://canal5.cl/wp/","COMMUNITY","iptv-org public index, publicly listed free stream (verify broadcaster-official before promote)","iptv-org; categories=general; quality=","medium","1114"
"Live TV","General","Canal 51 (Canal 51)","https://live.cn51hn.com/live/cn51.m3u8","VIDEO","HLS","m3u8","","true","true","","HN","https://cn51hn.com/","COMMUNITY","iptv-org public index, publicly listed free stream (verify broadcaster-official before promote)","iptv-org; categories=general; quality=","medium",""
"Live TV","General","Canal 55 Telemorisco TV (Canal 55 Telemorisco TV)","http://canal.mediaserver.com.co/live/telemorisco.m3u8","VIDEO","HLS","m3u8","","true","false","","CO","https://55telemoriscotv.com/","COMMUNITY","iptv-org public index, publicly listed free stream (verify broadcaster-official before promote)","iptv-org; categories=general; quality=720p","medium","1115"
"Live TV","General","Canal 56 (Canal 56)","https://vdopanel.jlahozconsulting.com/p/3124/hybrid/play.m3u8","VIDEO","HLS","m3u8","","true","true","","DO","https://www.canal56rd.net/","COMMUNITY","iptv-org public index, publicly listed free stream (verify broadcaster-official before promote)","iptv-org; categories=general; quality=720p","medium",""
"Live TV","General","Canal 6 (Canal 6)","https://alba-cr-repretel-c6.stream.mediatiquestream.com/index.m3u8","VIDEO","HLS","m3u8","","true","true","","CR","http://www.repretel.com/","COMMUNITY","iptv-org public index, publicly listed free stream (verify broadcaster-official before promote)","iptv-org; categories=general; quality=720p","medium","1116"
"Live TV","General","Canal 6 Panadish (Canal 6 Panadish)","https://stream.meteorito.cloud:1947/canal6/smil:canal6.smil/playlist.m3u8","VIDEO","HLS","m3u8","","true","true","","GT","https://www.panadish.com/canal6.html","COMMUNITY","iptv-org public index, publicly listed free stream (verify broadcaster-official before promote)","iptv-org; categories=general; quality=720p","medium","1117"
"Live TV","General","Canal 7 TeleValencia (7 TeleValencia)","https://play.cdn.enetres.net/9E9557EFCEBB43A89CEC8FBD3C500247022/028/playlist.m3u8","VIDEO","HLS","m3u8","","true","true","","ES","https://7televalencia.com/","COMMUNITY","iptv-org public index, publicly listed free stream (verify broadcaster-official before promote)","iptv-org; categories=general; quality=576p","medium","1118"
"Live TV","General","Canal 8 (Canal 8)","https://mdstrm.com/live-stream-playlist/5a7b1e63a8da282c34d65445.m3u8","VIDEO","HLS","m3u8","","true","true","","CR","https://www.telediario.cr/television","COMMUNITY","iptv-org public index, publicly listed free stream (verify broadcaster-official before promote)","iptv-org; categories=general; quality=720p","medium","1119"
"Live TV","General","Canal 8 C&C Producciones (Canal 8 C&C Producciones)","https://video.hostingcaaguazu.com:19360/canal8cvs/canal8cvs.m3u8","VIDEO","HLS","m3u8","","true","true","","PY","","COMMUNITY","iptv-org public index, publicly listed free stream (verify broadcaster-official before promote)","iptv-org; categories=general; quality=","medium",""
"Live TV","General","Canal 8 Catacaos (Canal 8 Catacaos)","https://live.obslivestream.com/canal8/index.m3u8","VIDEO","HLS","m3u8","","true","true","","PE","https://www.canal8catacaos.com/","COMMUNITY","iptv-org public index, publicly listed free stream (verify broadcaster-official before promote)","iptv-org; categories=general; quality=720p","medium",""
"Live TV","General","Canal 8 TV+ (Canal 8 TV+)","https://movil.ejeserver.com/live/canal8tv.m3u8","VIDEO","HLS","m3u8","","true","true","","CO","https://canalocho.com.co/","COMMUNITY","iptv-org public index, publicly listed free stream (verify broadcaster-official before promote)","iptv-org; categories=general; quality=720p","medium","1120"
"Live TV","General","Canal 9 Cosespu (Canal 9 Cosespu)","https://video2.lhdserver.es/canal9cosespu/live.m3u8","VIDEO","HLS","m3u8","","true","true","","CO","https://canal9.cosespu.com/","COMMUNITY","iptv-org public index, publicly listed free stream (verify broadcaster-official before promote)","iptv-org; categories=general; quality=","medium","1121"
"Live TV","General","Canal Calima TV (Canal Calima TV)","https://movil.ejeserver.com/live/calimatv.m3u8","VIDEO","HLS","m3u8","","true","true","","CO","","COMMUNITY","iptv-org public index, publicly listed free stream (verify broadcaster-official before promote)","iptv-org; categories=general; quality=720p","medium",""
"Live TV","General","Canal Catorce (Canal Catorce)","https://stream.haislin.com/14tv/index.m3u8","VIDEO","HLS","m3u8","","true","true","","DO","http://14tv.live/","COMMUNITY","iptv-org public index, publicly listed free stream (verify broadcaster-official before promote)","iptv-org; categories=general; quality=1080p","medium","1122"
"Live TV","General","Canal CHD (Canal CHD)","https://vs20.live.opencaster.com/canalchd2025_8d99626c/index.m3u8","VIDEO","HLS","m3u8","","true","true","","CO","https://canalchd.com/","COMMUNITY","iptv-org public index, publicly listed free stream (verify broadcaster-official before promote)","iptv-org; categories=general; quality=","medium","1123"
"Live TV","General","Canal Coin TV (Canal Coín)","https://canalcoin.garjim.es/hls/directo.m3u8","VIDEO","HLS","m3u8","","true","true","","ES","https://canalcoin.com/tv-directo/","COMMUNITY","iptv-org public index, publicly listed free stream (verify broadcaster-official before promote)","iptv-org; categories=general; quality=1080p","medium","1124"
"Live TV","General","Canal del Sol (Canal del Sol)","https://stream.canaldelsol.com/sol26/live_1080.m3u8","VIDEO","HLS","m3u8","","true","true","","DO","https://www.canaldelsol.com/","COMMUNITY","iptv-org public index, publicly listed free stream (verify broadcaster-official before promote)","iptv-org; categories=general; quality=1080p","medium","1125"
"Live TV","General","Canal Dos (Canal Dos Yopal)","http://131.221.41.94/hls/canal2.m3u8","VIDEO","HLS","m3u8","","true","false","","CO","https://www.micanal2.tv/","COMMUNITY","iptv-org public index, publicly listed free stream (verify broadcaster-official before promote)","iptv-org; categories=general; quality=720p","medium","1126"
"Live TV","General","Canal DTV (Canal DTV)","https://s.emisoras.tv:8081/dtv/index.m3u8","VIDEO","HLS","m3u8","","true","true","","DO","https://dominiodtv.blogspot.com/","COMMUNITY","iptv-org public index, publicly listed free stream (verify broadcaster-official before promote)","iptv-org; categories=general; quality=720p","medium","1127"
"Live TV","General","Canal Habana (Canal Habana)","https://tv.picta.cu/infantil/infantil_0.m3u8","VIDEO","HLS","m3u8","","true","true","","CU","https://www.canalhabana.icrt.cu/","COMMUNITY","iptv-org public index, publicly listed free stream (verify broadcaster-official before promote)","iptv-org; categories=general; quality=480p","medium","1128"
"Live TV","General","Canal Local (Canal Local)","https://v2.tustreaming.cl/canallocalcl/index.m3u8","VIDEO","HLS","m3u8","","true","true","","CL","https://www.canallocal.cl/","COMMUNITY","iptv-org public index, publicly listed free stream (verify broadcaster-official before promote)","iptv-org; categories=general; quality=720p","medium","1129"
"Live TV","General","CANAL M Television (CANAL M Television)","https://live-evg10.tv360.bitel.com.pe/bitel/anqaratv/playlist.m3u8","VIDEO","HLS","m3u8","","true","true","","PE","","COMMUNITY","iptv-org public index, publicly listed free stream (verify broadcaster-official before promote)","iptv-org; categories=general; quality=720p","medium",""
"Live TV","General","Canal Malaga RTV (Canal Málaga RTV)","https://canalmalaga-tv-live.flumotion.com/playlist.m3u8","VIDEO","HLS","m3u8","","true","true","","ES","","COMMUNITY","iptv-org public index, publicly listed free stream (verify broadcaster-official before promote)","iptv-org; categories=general; quality=720p","medium",""
"Live TV","General","Canal Mas Television (Canal Más Televisión)","https://movil.ejeserver.com/live/teledoradahd.m3u8","VIDEO","HLS","m3u8","","true","true","","CO","http://www.canalmastelevision.com.co/","COMMUNITY","iptv-org public index, publicly listed free stream (verify broadcaster-official before promote)","iptv-org; categories=general; quality=720p","medium",""
"Live TV","General","Canal Mas TV (Canal Mas TV)","https://live-evg11.tv360.bitel.com.pe/bitel/mastvSRT/playlist.m3u8","VIDEO","HLS","m3u8","","true","true","","PE","","COMMUNITY","iptv-org public index, publicly listed free stream (verify broadcaster-official before promote)","iptv-org; categories=general; quality=720p","medium",""
"Live TV","General","Canal Multivision (Canal Multivision)","https://live20.bozztv.com/akamaissh101/ssh101/canalmulti24/playlist.m3u8","VIDEO","HLS","m3u8","","true","true","","DO","https://canalmultivision.com/","COMMUNITY","iptv-org public index, publicly listed free stream (verify broadcaster-official before promote)","iptv-org; categories=general; quality=720p","medium","1130"
"Live TV","General","Canal Mundo Vision (Canal Mundo Visión)","https://movil.ejeserver.com/live/mundovisiontv.m3u8","VIDEO","HLS","m3u8","","true","true","","CO","https://www.canalmundovision.com/","COMMUNITY","iptv-org public index, publicly listed free stream (verify broadcaster-official before promote)","iptv-org; categories=general; quality=720p","medium",""
"Live TV","General","Canal RCN (Canal RCN)","http://138.121.15.230:9002/RCN/index.m3u8","VIDEO","HLS","m3u8","","true","false","","CO","https://www.canalrcn.com/","COMMUNITY","iptv-org public index, publicly listed free stream (verify broadcaster-official before promote)","iptv-org; categories=general; quality=1080p","medium","1131"
"Live TV","General","Canal San Roque (Canal San Roque)","https://cdnlivevlc.codev8.net/aytosanroquelive/smil:channel1.smil/playlist.m3u8","VIDEO","HLS","m3u8","","true","true","","ES","https://multimediasanroque.com/","COMMUNITY","iptv-org public index, publicly listed free stream (verify broadcaster-official before promote)","iptv-org; categories=general; quality=1080p","medium","1132"
"Live TV","General","Canal Sierra de Cadiz (Canal Sierra de Cádiz)","https://s.emisoras.tv:8081/sierradecadiz/index.m3u8","VIDEO","HLS","m3u8","","true","true","","ES","https://www.canalsierradecadiz.com/","COMMUNITY","iptv-org public index, publicly listed free stream (verify broadcaster-official before promote)","iptv-org; categories=general; quality=1080p","medium","1133"
"Live TV","General","Canal Sur 2 (Canal Sur Andalucía 2)","https://cdnlive.codev8.net/rtvalive/smil:channel22.smil/playlist.m3u8","VIDEO","HLS","m3u8","","true","true","","ES","http://canalsur.es/television","COMMUNITY","iptv-org public index, publicly listed free stream (verify broadcaster-official before promote)","iptv-org; categories=general|public; quality=720p","medium",""
"Live TV","General","Canal Sur Andalucia (Canal Sur Andalucia)","https://dfk2a268yviz9.cloudfront.net/v1/master/3722c60a815c199d9c0ef36c5b73da68a62b09d1/cc-ddiii1m6jt6of/CanalSurAndaluciaES.m3u8","VIDEO","HLS","m3u8","","true","true","","ES","http://www.canalsur.es/television-544.html","COMMUNITY","iptv-org public index, publicly listed free stream (verify broadcaster-official before promote)","iptv-org; categories=general|public; quality=1080p","medium",""
"Live TV","General","Canal TV3 (Canal TV3)","https://streaming.telenetdigital.net.co:8086/canal3tv/stream.m3u8","VIDEO","HLS","m3u8","","true","true","","CO","https://www.canaltv3.com/","COMMUNITY","iptv-org public index, publicly listed free stream (verify broadcaster-official before promote)","iptv-org; categories=general; quality=720p","medium","1134"
"Live TV","General","Canalda 26 HD (Canalda 26 HD)","https://canalda.rgradio.net:3084/live/canaldalive.m3u8","VIDEO","HLS","m3u8","","true","true","","DO","https://canaldahd.com/","COMMUNITY","iptv-org public index, publicly listed free stream (verify broadcaster-official before promote)","iptv-org; categories=general; quality=","medium",""
"Live TV","General","Canale 2 Altamura (Canale 2 Altamura)","https://59d7d6f47d7fc.streamlock.net/canale2/canale2/playlist.m3u8","VIDEO","HLS","m3u8","","true","true","","IT","","COMMUNITY","iptv-org public index, publicly listed free stream (verify broadcaster-official before promote)","iptv-org; categories=general; quality=576p","medium",""
"Live TV","General","Canale 21 Extra (Canale 21 Extra)","https://0ff9dd7fe9b64bc08a5fc4ed525454c3.msvdn.net/live/S42170132/sT6C3LFaD1iA/playlist.m3u8","VIDEO","HLS","m3u8","","true","true","","IT","http://www.canale21.it/","COMMUNITY","iptv-org public index, publicly listed free stream (verify broadcaster-official before promote)","iptv-org; categories=general; quality=576p","medium","1135"
"Live TV","General","Canale 7 (Canale 7)","http://wms.shared.streamshow.it/canale7/canale7/playlist.m3u8","VIDEO","HLS","m3u8","","true","false","","IT","https://www.canale7.tv/contatti.html","COMMUNITY","iptv-org public index, publicly listed free stream (verify broadcaster-official before promote)","iptv-org; categories=general; quality=480p","medium","1136"
"Live TV","General","Cananga TV (Cananga TV)","https://cdn.streamingcpanel.com:3545/live/canangatlive.m3u8","VIDEO","HLS","m3u8","","true","true","","DO","https://canangatv.com/","COMMUNITY","iptv-org public index, publicly listed free stream (verify broadcaster-official before promote)","iptv-org; categories=general; quality=720p","medium",""
"Live TV","General","Cannes Lerins TV (Cannes Lérins TV)","https://vdo2.pro-fhi.net:3628/live/uppodsfqlive.m3u8","VIDEO","HLS","m3u8","","true","true","","FR","https://lerins-radio.fr/","COMMUNITY","iptv-org public index, publicly listed free stream (verify broadcaster-official before promote)","iptv-org; categories=general; quality=1080p","medium","1137"
"Live TV","General","Cao Bang TV (Cao Bằng TV)","https://stream.thingnet.vn/live/smil:CRTV.smil/chunklist.m3u8","VIDEO","HLS","m3u8","","true","true","","VN","http://caobangtv.vn/","COMMUNITY","iptv-org public index, publicly listed free stream (verify broadcaster-official before promote)","iptv-org; categories=general; quality=720p","medium","1138"
"Live TV","General","Caoba TV Radio (Caoba TV Radio)","https://host.streamingnation.live:3940/live/caobatvlive.m3u8","VIDEO","HLS","m3u8","","true","true","","DO","https://caobatvradio.com/","COMMUNITY","iptv-org public index, publicly listed free stream (verify broadcaster-official before promote)","iptv-org; categories=general; quality=720p","medium","1139"
"Live TV","General","Capricho TV (Capricho TV)","https://video.compuwebecuador.com:3783/live/caprichotvlive.m3u8","VIDEO","HLS","m3u8","","true","true","","EC","https://www.caprichotvradio.com/","COMMUNITY","iptv-org public index, publicly listed free stream (verify broadcaster-official before promote)","iptv-org; categories=general; quality=720p","medium","1140"
"Live TV","General","Caracol TV (Caracol TV)","http://138.121.15.230:9002/CARACOL/index.m3u8","VIDEO","HLS","m3u8","","true","false","","CO","https://www.caracoltv.com/","COMMUNITY","iptv-org public index, publicly listed free stream (verify broadcaster-official before promote)","iptv-org; categories=general; quality=1080p","medium","1141"
"Live TV","General","Caracola TV (Caracola TV)","https://wifispeed.trapemn.tv:1936/comunales/caracola-tv/chunks.m3u8","VIDEO","HLS","m3u8","","true","true","","CL","https://www.caracolatv.cl/","COMMUNITY","iptv-org public index, publicly listed free stream (verify broadcaster-official before promote)","iptv-org; categories=general; quality=","medium","1142"
"Live TV","General","Cartago Medios TV (Cartago Medios TV)","https://acceso.mediosdecostarica.com:3511/stream/play.m3u8","VIDEO","HLS","m3u8","","true","true","","CR","https://cartagomedios.com/","COMMUNITY","iptv-org public index, publicly listed free stream (verify broadcaster-official before promote)","iptv-org; categories=general; quality=720p","medium","1143"
"Live TV","General","Cascara TV (Cascara TV)","https://ss2.tvrdomi.com:1936/cascaratv/cascaratv/playlist.m3u8","VIDEO","HLS","m3u8","","true","true","","DO","https://cascaratv.com/","COMMUNITY","iptv-org public index, publicly listed free stream (verify broadcaster-official before promote)","iptv-org; categories=general; quality=720p","medium","1144"
"Live TV","General","Casma TV (Casma TV)","https://live-evg7.tv360.bitel.com.pe/bitel/casmatvSRT-TRA/playlist.m3u8","VIDEO","HLS","m3u8","","true","true","","PE","https://www.casmanoticias.com/","COMMUNITY","iptv-org public index, publicly listed free stream (verify broadcaster-official before promote)","iptv-org; categories=general; quality=720p","medium","1145"
"Live TV","General","Catatumbo TV (Catatumbo TV)","https://cloud.fastchannel.es/manifiest/hls/prog9/catatumbotv.m3u8","VIDEO","HLS","m3u8","","true","true","","VE","https://catatumbo.tv/","COMMUNITY","iptv-org public index, publicly listed free stream (verify broadcaster-official before promote)","iptv-org; categories=general; quality=406p","medium","1146"
"Live TV","General","CAtv (Caribbean Advantage TV)","https://video2.getstreamhosting.com:19360/8216/8216.m3u8","VIDEO","HLS","m3u8","","true","true","","PR","http://caribbeanadvantage.com","COMMUNITY","iptv-org public index, publicly listed free stream (verify broadcaster-official before promote)","iptv-org; categories=general; quality=1080p","medium","1147"
"Live TV","General","CBC TV8 (CBC TV8)","https://1740288887.rsc.cdn77.org/1740288887/index.m3u8","VIDEO","HLS","m3u8","","true","true","","BB","https://www.cbc.bb/","COMMUNITY","iptv-org public index, publicly listed free stream (verify broadcaster-official before promote)","iptv-org; categories=general; quality=1080p","medium","1148"
"Live TV","General","CBN TV (CBN TV)","https://5790d294af2dc.streamlock.net/CBNVI/CBNVI/playlist.m3u8","VIDEO","HLS","m3u8","","true","true","","VG","https://www.cbnvirginislands.com/","COMMUNITY","iptv-org public index, publicly listed free stream (verify broadcaster-official before promote)","iptv-org; categories=general; quality=720p","medium","1149"
"Live TV","General","CCTV-1 (CCTV-1)","http://69.30.245.50/live/cctv1.m3u8","VIDEO","HLS","m3u8","","true","false","","CN","http://tv.cctv.com/cctv1/","COMMUNITY","iptv-org public index, publicly listed free stream (verify broadcaster-official before promote)","iptv-org; categories=general; quality=1080p","medium","1150"
"Live TV","General","CCTV-4 America (CCTV-4 America)","https://global.cgtn.cicc.media.caton.cloud/master/cgtn-america.m3u8","VIDEO","HLS","m3u8","","true","true","","CN","http://tv.cctv.com/cctv4america/","COMMUNITY","iptv-org public index, publicly listed free stream (verify broadcaster-official before promote)","iptv-org; categories=general; quality=1080p","medium","1151"
"Live TV","General","CCTV-4 Europe (CCTV-4 Europe)","https://dash2.antik.sk/live/test_cctv_tizen/playlist.m3u8","VIDEO","HLS","m3u8","","true","true","","CN","http://tv.cctv.com/cctv4europe/","COMMUNITY","iptv-org public index, publicly listed free stream (verify broadcaster-official before promote)","iptv-org; categories=general; quality=","medium","1152"
"Live TV","General","CCTV-4K (CCTV-4K)","http://198.204.240.250:82/live/cctv4k.m3u8","VIDEO","HLS","m3u8","","true","false","","CN","http://tv.cctv.com/","COMMUNITY","iptv-org public index, publicly listed free stream (verify broadcaster-official before promote)","iptv-org; categories=general; quality=1080p","medium","1153"
"Live TV","General","CCX1 (CCX1)","http://reflect-ccx.cablecast.tv/live-9/live/stream-1/live.m3u8","VIDEO","HLS","m3u8","","true","false","","US","http://ccxmedia.org/ccx-tv-schedule/","COMMUNITY","iptv-org public index, publicly listed free stream (verify broadcaster-official before promote)","iptv-org; categories=general; quality=1080p","medium","1154"
"Live TV","General","Center TV (Center TV)","https://eu1.streams.gr:8081/centertv/index.m3u8","VIDEO","HLS","m3u8","","true","true","","GR","https://centertv.gr/","COMMUNITY","iptv-org public index, publicly listed free stream (verify broadcaster-official before promote)","iptv-org; categories=general; quality=1080p","medium","1155"
"Live TV","General","Cerritos TV3 (Cerritos TV3)","https://cdn3.wowza.com/5/UWpORHhLSEs5SkJs/cerritos/G0010_002/playlist.m3u8","VIDEO","HLS","m3u8","","true","true","","US","http://www.cerritos.us/RESIDENTS/tv3.php","COMMUNITY","iptv-org public index, publicly listed free stream (verify broadcaster-official before promote)","iptv-org; categories=general; quality=360p","medium","1156"
"Live TV","General","CFHD-DT (ICI Montreal)","https://amdici.akamaized.net/hls/live/873426/ICI-Live-Stream/master.m3u8","VIDEO","HLS","m3u8","","true","true","","CA","http://icitelevision.ca/","COMMUNITY","iptv-org public index, publicly listed free stream (verify broadcaster-official before promote)","iptv-org; categories=general; quality=720p","medium","1157"
"Live TV","General","Channel 10 (Channel 10)","https://bl.rutube.ru/livestream/c9e26bf5c003fd8d477200065ca1a05f/index.m3u8?e=2072611029&s=eqlTXebDP9wSWTZgre6BwQ&scheme=https","VIDEO","HLS","m3u8","","true","true","","RU","https://www.10kanal.ru/","COMMUNITY","iptv-org public index, publicly listed free stream (verify broadcaster-official before promote)","iptv-org; categories=general; quality=576i","medium","1158"
"Live TV","General","Channel 12 (12 канал)","https://12channel.bonus-tv.ru/cdn/12channel/playlist.m3u8","VIDEO","HLS","m3u8","","true","true","","RU","https://12-kanal.ru/","COMMUNITY","iptv-org public index, publicly listed free stream (verify broadcaster-official before promote)","iptv-org; categories=general; quality=1080p","medium","1159"
"Live TV","General","Channel 13 (Reshet 13)","https://d2xg1g9o5vns8m.cloudfront.net/out/v1/0855d703f7d5436fae6a9c7ce8ca5075/index.m3u8","VIDEO","HLS","m3u8","","true","true","","IL","https://13tv.co.il/","COMMUNITY","iptv-org public index, publicly listed free stream (verify broadcaster-official before promote)","iptv-org; categories=general; quality=720p","medium","1160"
"Live TV","General","Channel 44 (Channel 44)","https://d1k6kax80wecy5.cloudfront.net/WFqZJc/index.m3u8","VIDEO","HLS","m3u8","","true","true","","AU","https://c44.com.au/","COMMUNITY","iptv-org public index, publicly listed free stream (verify broadcaster-official before promote)","iptv-org; categories=general; quality=480p","medium","1161"
"Live TV","General","Channel 5 (Channel 5)","http://94.230.128.107:8080/5_kanal/index.m3u8","VIDEO","HLS","m3u8","","true","false","","RU","https://www.5-tv.ru/","COMMUNITY","iptv-org public index, publicly listed free stream (verify broadcaster-official before promote)","iptv-org; categories=general; quality=576p","medium","1162"
"Live TV","General","Channel 8 International (Channel 8 International)","https://v4.proofix.ru/8tv-europe/index.m3u8","VIDEO","HLS","m3u8","","true","true","","RU","http://8tv.ru/europe/","COMMUNITY","iptv-org public index, publicly listed free stream (verify broadcaster-official before promote)","iptv-org; categories=general; quality=576p","medium","1163"
"Live TV","General","Channel 9 (Channel 9 Adelaide)","https://9now-livestreams-fhd-t.akamaized.net/u/prod/simulcast/adl/ch9/hls/r1/index.m3u8","VIDEO","HLS","m3u8","","true","true","","AU","https://www.nine.com.au/","COMMUNITY","iptv-org public index, publicly listed free stream (verify broadcaster-official before promote)","iptv-org; categories=general; quality=720p","medium","1164"
"Live TV","General","Channel One (Channel One)","https://mini.allinonereborn.fun/tata.php?id=11589","VIDEO","ICECAST","","","true","true","","LK","https://www.dialog.lk/television-channel-one-tv/","COMMUNITY","iptv-org public index, publicly listed free stream (verify broadcaster-official before promote)","iptv-org; categories=general; quality=720p","medium","1165"
"Live TV","General","Channel One (Первый канал Европа)","https://streaming.thestream.cyou/live/210.m3u8","VIDEO","HLS","m3u8","","true","true","","RU","https://www.1tv.ru/","COMMUNITY","iptv-org public index, publicly listed free stream (verify broadcaster-official before promote)","iptv-org; categories=general; quality=","medium","1166"
"Live TV","General","Channel-16 (К16 (Саров))","http://serv25.vintera.tv:8081/test/k16/playlist.m3u8","VIDEO","HLS","m3u8","","true","false","","RU","https://sarov24.ru/programma-peredach-kanal-16/","COMMUNITY","iptv-org public index, publicly listed free stream (verify broadcaster-official before promote)","iptv-org; categories=general; quality=406p","medium","1167"
"Live TV","General","Charapa TV (Charapa TV)","https://live-evg10.tv360.bitel.com.pe/bitel/charapatvSRT/playlist.m3u8","VIDEO","HLS","m3u8","","true","true","","PE","https://charapatv.net/","COMMUNITY","iptv-org public index, publicly listed free stream (verify broadcaster-official before promote)","iptv-org; categories=general; quality=720p","medium",""
"Live TV","General","CHCO-TV (CHCO-TV)","https://temp4.isilive.ca/live/CHCOTV/live/index.m3u8","VIDEO","HLS","m3u8","","true","true","","CA","http://www.chco.tv/","COMMUNITY","iptv-org public index, publicly listed free stream (verify broadcaster-official before promote)","iptv-org; categories=general; quality=720p","medium","1168"
"Live TV","General","Cherifla TV (Cherifla TV)","http://69.64.57.208/cherifla/playlist.m3u8","VIDEO","HLS","m3u8","","true","false","","ML","","COMMUNITY","iptv-org public index, publicly listed free stream (verify broadcaster-official before promote)","iptv-org; categories=general; quality=360p","medium",""
"Live TV","General","CHTV (CHTV)","https://viewhn.com/chtv/live/playlist.m3u8","VIDEO","HLS","m3u8","","true","true","","HN","http://chtv.hn/","COMMUNITY","iptv-org public index, publicly listed free stream (verify broadcaster-official before promote)","iptv-org; categories=general; quality=1080p","medium","1169"
"Live TV","General","Cinevision Canal 19 (Cinevision Canal 19)","https://5790d294af2dc.streamlock.net/tvhdlive/tvhdlive/playlist.m3u8","VIDEO","HLS","m3u8","","true","true","","DO","http://www.canal19.do/","COMMUNITY","iptv-org public index, publicly listed free stream (verify broadcaster-official before promote)","iptv-org; categories=general; quality=1080p","medium",""
"Live TV","General","City Eden TV (Сити Эдем ТВ Христианский)","https://cityeden.catcast.tv/content/34246/index.m3u8","VIDEO","HLS","m3u8","","true","true","","RU","https://www.cityeden.info/","COMMUNITY","iptv-org public index, publicly listed free stream (verify broadcaster-official before promote)","iptv-org; categories=general|religious; quality=","medium","1170"
"Live TV","General","City TV Carlsbad (Carlsbad City TV Channel (Carlsbad CA))","https://edge-f.swagit.com/live/carlsbadca/live-3-a-1/playlist.m3u8","VIDEO","HLS","m3u8","","true","true","","US","https://www.carlsbadca.gov/residents/communication/city-tv-channel","COMMUNITY","iptv-org public index, publicly listed free stream (verify broadcaster-official before promote)","iptv-org; categories=general; quality=720p","medium","1171"
"Live TV","General","CJON-DT (Newfoundland Television)","https://2-fss-1.streamhoster.com/pl_122/201748-1431018-1/playlist.m3u8","VIDEO","HLS","m3u8","","true","true","","CA","https://ntv.ca/","COMMUNITY","iptv-org public index, publicly listed free stream (verify broadcaster-official before promote)","iptv-org; categories=general; quality=480p","medium","1172"
"Live TV","General","Claro Television Dominicana (Claro Televisión Dominicana)","https://streamunoapp.com:3960/live/claroteledomlive.m3u8","VIDEO","HLS","m3u8","","true","true","","DO","https://www.vivalivetv.com/channel/claro-tv-dominicana","COMMUNITY","iptv-org public index, publicly listed free stream (verify broadcaster-official before promote)","iptv-org; categories=general; quality=360p","medium","1173"
"Live TV","General","CMAC 1 (Fresno CMAC 1 Public Channel)","https://reflect-vod-cmac.cablecast.tv/live-11/live/stream-1/live.m3u8","VIDEO","HLS","m3u8","","true","true","","US","https://cmac.tv/public/","COMMUNITY","iptv-org public index, publicly listed free stream (verify broadcaster-official before promote)","iptv-org; categories=general; quality=720p","medium","1174"
"Live TV","General","CMAP Channel 18 (Gilroy CMAP TV Channel 18)","https://livestream.telvue.com/cmap3/f7b44cfafd5c52223d5498196c8a2e7b.sdp/playlist.m3u8","VIDEO","HLS","m3u8","","true","true","","US","https://cmaptv.com/","COMMUNITY","iptv-org public index, publicly listed free stream (verify broadcaster-official before promote)","iptv-org; categories=general; quality=720p","medium","1175"
"Live TV","General","CMAP Channel 20 (Gilroy CMAP TV Channel 20)","https://livestream.telvue.com/cmap5/f7b44cfafd5c52223d5498196c8a2e7b.sdp/playlist.m3u8","VIDEO","HLS","m3u8","","true","true","","US","https://cmaptv.com/","COMMUNITY","iptv-org public index, publicly listed free stream (verify broadcaster-official before promote)","iptv-org; categories=general; quality=720p","medium","1176"
"Live TV","General","CMM TV (CMM TV HD)","https://cdnapisec.kaltura.com/p/2288691/sp/228869100/playManifest/entryId/1_gnz6ity9/protocol/https/format/applehttp/flavorIds/1_a9gxgxzy,1_v71ryg4b,1_vbfvtjw6,1_obo1bqsx,1_3shk3s5d/a.m3u8","VIDEO","HLS","m3u8","","true","true","","ES","https://www.cmmedia.es/","COMMUNITY","iptv-org public index, publicly listed free stream (verify broadcaster-official before promote)","iptv-org; categories=general|public; quality=1080p","medium","1177"
"Live TV","General","CNC Bugavision (CNC Bugavisión)","https://movil.ejeserver.com/live/cncbuga.m3u8","VIDEO","HLS","m3u8","","true","true","","CO","https://bugavision.com/","COMMUNITY","iptv-org public index, publicly listed free stream (verify broadcaster-official before promote)","iptv-org; categories=general; quality=720p","medium","1178"
"Live TV","General","CNC La Union (CNC La Union)","https://live.amelbatv.co:81/cnclaunion/index.fmp4.m3u8","VIDEO","HLS","m3u8","","true","true","","CO","https://www.cnclaunion.com.co","COMMUNITY","iptv-org public index, publicly listed free stream (verify broadcaster-official before promote)","iptv-org; categories=general; quality=720p","medium",""
"Live TV","General","CNC Pereira (CNC Pereira)","https://cloudvideo.servers10.com:8081/latinchaneltv/index.m3u8","VIDEO","HLS","m3u8","","true","true","","CO","https://www.canalcncpereira.com","COMMUNITY","iptv-org public index, publicly listed free stream (verify broadcaster-official before promote)","iptv-org; categories=general; quality=720p","medium",""
"Live TV","General","CNC Santander de Quilichao (CNC Santander de Quilichao)","https://movil.ejeserver.com/live/cncsantander.m3u8","VIDEO","HLS","m3u8","","true","true","","CO","https://canalcnccali.com.co/","COMMUNITY","iptv-org public index, publicly listed free stream (verify broadcaster-official before promote)","iptv-org; categories=general; quality=480p","medium",""
"Live TV","General","CNC Tulua (CNC Tulua)","https://live.amelbatv.co:81/cnctulualive/index.fmp4.m3u8","VIDEO","HLS","m3u8","","true","true","","CO","https://cnctulua.tv/","COMMUNITY","iptv-org public index, publicly listed free stream (verify broadcaster-official before promote)","iptv-org; categories=general; quality=1080p","medium","1179"
"Live TV","General","CNT Mas TV (CNT Mas TV)","https://edge.essastream.com/cntmas/tracks-v1a1/mono.m3u8","VIDEO","HLS","m3u8","","true","true","","DO","https://dominicanchannels.com/ctnmas/","COMMUNITY","iptv-org public index, publicly listed free stream (verify broadcaster-official before promote)","iptv-org; categories=general; quality=720p","medium","1180"
"Live TV","General","Codigo TV (Codigo TV)","https://edge.essastream.com/codigotv/playlist.m3u8","VIDEO","HLS","m3u8","","true","true","","DO","https://codigotv.net/en-vivo/","COMMUNITY","iptv-org public index, publicly listed free stream (verify broadcaster-official before promote)","iptv-org; categories=general; quality=1080p","medium","1181"
"Live TV","General","Colome TV (Colome TV)","https://ss2.tvrdomi.com:1936/colometv/colometv/playlist.m3u8","VIDEO","HLS","m3u8","","true","true","","DO","https://colometv.com/#/other/vivo","COMMUNITY","iptv-org public index, publicly listed free stream (verify broadcaster-official before promote)","iptv-org; categories=general; quality=","medium","1182"
"Live TV","General","Color Vision (Color Vision)","http://190.122.104.210:5080/LiveApp/streams/cvision1.m3u8","VIDEO","HLS","m3u8","","true","false","","DO","https://colorvision.com.do/","COMMUNITY","iptv-org public index, publicly listed free stream (verify broadcaster-official before promote)","iptv-org; categories=general; quality=1080p","medium","1183"
"Live TV","General","CommunityTV Channel 189 (Traverse Area Community Media CommunityTV Channel 189 (Traverse City MI))","https://reflect-tacm.cablecast.tv/live-3/live/live.m3u8","VIDEO","HLS","m3u8","","true","true","","US","https://www.tacm.tv/communitytvnow.asp","COMMUNITY","iptv-org public index, publicly listed free stream (verify broadcaster-official before promote)","iptv-org; categories=general; quality=1080p","medium","1184"
"Live TV","General","Concord TV (Concord TV (Concord CA))","https://concordca.cablecast.tv/live/stream-2/live.m3u8","VIDEO","HLS","m3u8","","true","true","","US","https://www.cityofconcord.org/623/Videos-TV","COMMUNITY","iptv-org public index, publicly listed free stream (verify broadcaster-official before promote)","iptv-org; categories=general; quality=720p","medium","1185"
"Live TV","General","Cool TV (Cool TV)","https://stream.nasatv.com.mk/cooltv/hls/cooltv_live.m3u8","VIDEO","HLS","m3u8","","true","true","","MK","https://stream.nasatv.com.mk/cooltv/","COMMUNITY","iptv-org public index, publicly listed free stream (verify broadcaster-official before promote)","iptv-org; categories=general; quality=1080p","medium","1186"
"Live TV","General","Coral TV (Coral TV)","https://tv.mediacp.eu:8081/coraltv/index.m3u8","VIDEO","HLS","m3u8","","true","true","","BO","https://alfasistemas.com/coraltv/","COMMUNITY","iptv-org public index, publicly listed free stream (verify broadcaster-official before promote)","iptv-org; categories=general; quality=720p","medium","1187"
"Live TV","General","Coto Brus TV (Coto Brus TV)","https://cloudvideo.servers10.com:8081/8030/index.m3u8","VIDEO","HLS","m3u8","","true","true","","CR","","COMMUNITY","iptv-org public index, publicly listed free stream (verify broadcaster-official before promote)","iptv-org; categories=general; quality=720p","medium",""
"Live TV","General","Cotubanama TV (Cotubanama TV)","https://host.streamingnation.live/p/3588/hybrid/play.m3u8","VIDEO","HLS","m3u8","","true","true","","DO","https://cotubanamadigital.net/","COMMUNITY","iptv-org public index, publicly listed free stream (verify broadcaster-official before promote)","iptv-org; categories=general; quality=1080p","medium",""
"Live TV","General","CR Television (CR Televisión Moyobamba)","https://live.obslivestream.com/crtvmux/index.m3u8","VIDEO","HLS","m3u8","","true","true","","PE","https://crtv.pe/","COMMUNITY","iptv-org public index, publicly listed free stream (verify broadcaster-official before promote)","iptv-org; categories=general; quality=720p","medium","1188"
"Live TV","General","CromTV (CromTV)","https://fox.hostlagarto.com:8081/cromtv/tracks-v1a1/mono.m3u8","VIDEO","HLS","m3u8","","true","true","","DO","https://www.cromtv.com/","COMMUNITY","iptv-org public index, publicly listed free stream (verify broadcaster-official before promote)","iptv-org; categories=general; quality=1080p","medium","1189"
"Live TV","General","CRTV (CRTV)","http://69.64.57.208/crtv/playlist.m3u8","VIDEO","HLS","m3u8","","true","false","","CM","https://www.crtv.cm/","COMMUNITY","iptv-org public index, publicly listed free stream (verify broadcaster-official before promote)","iptv-org; categories=general; quality=360p","medium","1190"
"Live TV","General","CT1 (ČT 1)","http://88.212.15.19/live/test_ct1_25p/playlist.m3u8","VIDEO","HLS","m3u8","","true","false","","CZ","http://www.ceskatelevize.cz/vysilani/","COMMUNITY","iptv-org public index, publicly listed free stream (verify broadcaster-official before promote)","iptv-org; categories=general; quality=","medium","1191"
"Live TV","General","CTV (CTV)","https://live.ctvbolivia.com/hls/ctv.m3u8","VIDEO","HLS","m3u8","","true","true","","BO","https://ctvbolivia.com/","COMMUNITY","iptv-org public index, publicly listed free stream (verify broadcaster-official before promote)","iptv-org; categories=general; quality=","medium","1192"
"Live TV","General","Cubavision (Cubavision)","https://tv.picta.cu/cubavision/cubavision_0.m3u8","VIDEO","HLS","m3u8","","true","true","","CU","https://www.tvcubana.icrt.cu/cartelera-de-la-tv-cubana/cubavision","COMMUNITY","iptv-org public index, publicly listed free stream (verify broadcaster-official before promote)","iptv-org; categories=general; quality=480p","medium","1193"
"Live TV","General","Cubavision Internacional (Cubavision Internacional)","https://tv.picta.cu/cvi/cvi_0.m3u8","VIDEO","HLS","m3u8","","true","true","","CU","https://www.cvi.icrt.cu/","COMMUNITY","iptv-org public index, publicly listed free stream (verify broadcaster-official before promote)","iptv-org; categories=general; quality=480p","medium","1194"
"Live TV","General","Curiquingue TV (Curiquingue TV)","https://video2.lhdserver.es/pjtv/live.m3u8","VIDEO","HLS","m3u8","","true","true","","EC","https://curiquinguetv.com/","COMMUNITY","iptv-org public index, publicly listed free stream (verify broadcaster-official before promote)","iptv-org; categories=general; quality=720p","medium","1195"
"Live TV","General","CV Vision TV (CV Vision TV)","https://eu1.servers10.com:8081/8128/index.m3u8","VIDEO","HLS","m3u8","","true","true","","DO","https://www.ccvdigital.com/","COMMUNITY","iptv-org public index, publicly listed free stream (verify broadcaster-official before promote)","iptv-org; categories=general; quality=288p","medium","1196"
"Live TV","General","CVTV Channel 192 (CVTV Channel 192)","https://livestream.telvue.com/cvtv2/f7b44cfafd5c52223d5498196c8a2e7b.sdp/playlist.m3u8","VIDEO","HLS","m3u8","","true","true","","US","http://cvtv723.org/","COMMUNITY","iptv-org public index, publicly listed free stream (verify broadcaster-official before promote)","iptv-org; categories=general; quality=1080p","medium",""
"Live TV","General","CVTV Channel 194 (CVTV Channel 194)","https://livestream.telvue.com/cvtv1/f7b44cfafd5c52223d5498196c8a2e7b.sdp/playlist.m3u8","VIDEO","HLS","m3u8","","true","true","","US","http://cvtv723.org/","COMMUNITY","iptv-org public index, publicly listed free stream (verify broadcaster-official before promote)","iptv-org; categories=general; quality=1080p","medium",""
"Live TV","General","Da Nang TV 1 (Đà Nẵng TV1)","https://live.mediatech.vn/live/285b59a111d76974225a8e3004bfc31a509/chunklist.m3u8","VIDEO","HLS","m3u8","","true","true","","VN","http://www.drt.danang.vn/","COMMUNITY","iptv-org public index, publicly listed free stream (verify broadcaster-official before promote)","iptv-org; categories=general; quality=1080p","medium","1197"
"Live TV","General","Da Nang TV2 (Đà Nẵng TV2)","https://live.mediatech.vn/live/2859145290d0d7947ef88b6240123b62474/chunklist.m3u8","VIDEO","HLS","m3u8","","true","true","","VN","","COMMUNITY","iptv-org public index, publicly listed free stream (verify broadcaster-official before promote)","iptv-org; categories=general; quality=1080p","medium",""
"Live TV","General","Dac TV (Dac TV)","https://live-evg8.tv360.bitel.com.pe/bitel/dactvSRT/playlist.m3u8","VIDEO","HLS","m3u8","","true","true","","PE","","COMMUNITY","iptv-org public index, publicly listed free stream (verify broadcaster-official before promote)","iptv-org; categories=general; quality=720p","medium",""
"Live TV","General","Dao Lane Xang TV (Dao Lane Xang)","https://livefta.malimarcdn.com/ftaedge00/khaomwungmai.sdp/playlist.m3u8","VIDEO","HLS","m3u8","","true","true","","LA","","COMMUNITY","iptv-org public index, publicly listed free stream (verify broadcaster-official before promote)","iptv-org; categories=general; quality=720p","medium",""
"Live TV","General","Das Erste (Das Erste HD)","https://daserste-live.ard-mcdn.de/daserste/live/hls/int/master.m3u8","VIDEO","HLS","m3u8","","true","true","","DE","https://www.daserste.de/","COMMUNITY","iptv-org public index, publicly listed free stream (verify broadcaster-official before promote)","iptv-org; categories=general; quality=1080p","medium",""
"Live TV","General","Dasturxon TV (Dasturxon TV)","https://stream8.cinerama.uz/1206/tracks-v1a1/playlist.m3u8","VIDEO","HLS","m3u8","","true","true","","UZ","","COMMUNITY","iptv-org public index, publicly listed free stream (verify broadcaster-official before promote)","iptv-org; categories=general; quality=576p","medium",""
"Live TV","General","DCH TV (DCH TV)","https://v2.tustreaming.cl/dchtv/index.m3u8","VIDEO","HLS","m3u8","","true","true","","CL","https://www.dch.tv/","COMMUNITY","iptv-org public index, publicly listed free stream (verify broadcaster-official before promote)","iptv-org; categories=general; quality=1080p","medium","1198"
"Live TV","General","Decima TV (Décima TV (Ancud))","https://unlimited2-cl-isp.dps.live/decimatv/decimatv.smil/playlist.m3u8","VIDEO","HLS","m3u8","","true","true","","CL","https://www.decimatv.cl/","COMMUNITY","iptv-org public index, publicly listed free stream (verify broadcaster-official before promote)","iptv-org; categories=general; quality=720p","medium",""
"Live TV","General","Deejay TV (Deejay TV)","https://4c4b867c89244861ac216426883d1ad0.msvdn.net/live/S85984808/sMO0tz9Sr2Rk/playlist.m3u8","VIDEO","HLS","m3u8","","true","true","","IT","https://www.deejay.it/","COMMUNITY","iptv-org public index, publicly listed free stream (verify broadcaster-official before promote)","iptv-org; categories=general; quality=1080p","medium","1199"
"Live TV","General","Del Pueblo TV (Del Pueblo TV)","https://vdopanel.jlahozconsulting.com:3869/hybrid/play.m3u8","VIDEO","HLS","m3u8","","true","true","","DO","https://www.tvdominicana.net/livetv/watch/delpueblotv/49","COMMUNITY","iptv-org public index, publicly listed free stream (verify broadcaster-official before promote)","iptv-org; categories=general; quality=","medium",""
"Live TV","General","Delfi TV (Delfi TV)","https://s1.dcdn.lt/live/televizija/playlist.m3u8","VIDEO","HLS","m3u8","","true","true","","LT","https://www.delfi.lt/video/puslapis/tv","COMMUNITY","iptv-org public index, publicly listed free stream (verify broadcaster-official before promote)","iptv-org; categories=general; quality=","medium","1200"
"Live TV","General","DellaTV (DellaTV)","https://live20.bozztv.com/giatvplayout7/giatv-211474/playlist.m3u8","VIDEO","HLS","m3u8","","true","true","","IT","https://gia.tv/watchssh101.php?psid=1033","COMMUNITY","iptv-org public index, publicly listed free stream (verify broadcaster-official before promote)","iptv-org; categories=general; quality=720p","medium","1201"
"Live TV","General","DELTA TV (DELTA TV)","http://81.171.10.42:554/liveD/DStream.sdp/playlist.m3u8","VIDEO","HLS","m3u8","","true","false","","GR","https://deltatv.gr/","COMMUNITY","iptv-org public index, publicly listed free stream (verify broadcaster-official before promote)","iptv-org; categories=general; quality=720p","medium","1202"
"Live TV","General","Delta TV (Delta TV)","https://st.deltaboliviainstitucion.org:3778/hybrid/play.m3u8","VIDEO","HLS","m3u8","","true","true","","BO","https://institutodeltabolivia.org/delta-tv/","COMMUNITY","iptv-org public index, publicly listed free stream (verify broadcaster-official before promote)","iptv-org; categories=general; quality=","medium",""
"Live TV","General","Delta TV Canal 50 (Delta TV Canal 50)","https://fox.hostlagarto.com:8081/deltatv50/tracks-v1a1/mono.m3u8","VIDEO","HLS","m3u8","","true","true","","DO","https://dominicanchannels.com/delta-tv-canal-50/","COMMUNITY","iptv-org public index, publicly listed free stream (verify broadcaster-official before promote)","iptv-org; categories=general; quality=720p","medium","1203"
"Live TV","General","DerryTV 23 (DerryTV 23)","https://livestream.telvue.com/derrynh2/f7b44cfafd5c52223d5498196c8a2e7b.sdp/playlist.m3u8","VIDEO","HLS","m3u8","","true","true","","US","https://derrycam.org/dtv23/","COMMUNITY","iptv-org public index, publicly listed free stream (verify broadcaster-official before promote)","iptv-org; categories=general|education; quality=720p","medium","1204"
"Live TV","General","Deshi TV (Deshi TV)","https://deshitv.deshitv24.net/live/myStream/playlist.m3u8","VIDEO","HLS","m3u8","","true","true","","CA","https://www.deshitv.com/","COMMUNITY","iptv-org public index, publicly listed free stream (verify broadcaster-official before promote)","iptv-org; categories=general; quality=720p","medium",""
"Live TV","General","DI.TV 80 (DI.TV 80)","https://5f22d76e220e1.streamlock.net/ditv80/ditv80/playlist.m3u8","VIDEO","HLS","m3u8","","true","true","","IT","http://www.di-tv.net/diretta-streaming/ditv-80/","COMMUNITY","iptv-org public index, publicly listed free stream (verify broadcaster-official before promote)","iptv-org; categories=general; quality=720p","medium","1205"
"Live TV","General","Diadora TV (Diadora TV)","https://diadoratv.stream/live/diadora/playlist.m3u8","VIDEO","HLS","m3u8","","true","true","","HR","https://diadora.tv/","COMMUNITY","iptv-org public index, publicly listed free stream (verify broadcaster-official before promote)","iptv-org; categories=general; quality=","medium","1206"
"Live TV","General","Diez TV Las Villas (Diez TV Las Villas)","https://streaming.cloud.innovasur.es/mmj2/index.m3u8","VIDEO","HLS","m3u8","","true","true","","ES","https://dieztv.es/","COMMUNITY","iptv-org public index, publicly listed free stream (verify broadcaster-official before promote)","iptv-org; categories=general; quality=1080p","medium",""
"Live TV","General","Diez TV Ubeda (Diez TV Úbeda)","https://streaming.cloud.innovasur.es/mmj/index.m3u8","VIDEO","HLS","m3u8","","true","true","","ES","https://www.dieztv.es/","COMMUNITY","iptv-org public index, publicly listed free stream (verify broadcaster-official before promote)","iptv-org; categories=general; quality=1080p","medium",""
"Live TV","General","Digital 15 (Digital 15)","http://190.122.104.210:5080/LiveApp/streams/Di15.m3u8","VIDEO","HLS","m3u8","","true","false","","DO","https://telemicro.com.do/","COMMUNITY","iptv-org public index, publicly listed free stream (verify broadcaster-official before promote)","iptv-org; categories=general; quality=1080p","medium","1207"
"Live TV","General","Digital Vision 63 (Digital Vision 63)","https://ss2.tvrdomi.com:1936/digitalvision/digitalvision/playlist.m3u8","VIDEO","HLS","m3u8","","true","true","","DO","","COMMUNITY","iptv-org public index, publicly listed free stream (verify broadcaster-official before promote)","iptv-org; categories=general; quality=720p","medium",""
"Live TV","General","Digital809 TV (Digital809 TV)","https://stream.inliveserver.com:19360/8146/8146.m3u8","VIDEO","HLS","m3u8","","true","true","","DO","https://digital809tv.com/","COMMUNITY","iptv-org public index, publicly listed free stream (verify broadcaster-official before promote)","iptv-org; categories=general; quality=720p","medium","1208"
"Live TV","General","Distrito TV (Distrito TV)","https://nlb2-live.emitstream.com/hls/3mn7wpcv7hbmxmdzaxap/master.m3u8","VIDEO","HLS","m3u8","","true","true","","ES","","COMMUNITY","iptv-org public index, publicly listed free stream (verify broadcaster-official before promote)","iptv-org; categories=general; quality=1080p","medium",""
"Live TV","General","Dit is Helmond (Dit is Helmond)","http://ms2.mx-cd.net/tv/Omroep_Helmond.smil/chunklist.m3u8","VIDEO","HLS","m3u8","","true","false","","NL","https://ditishelmond.nl/","COMMUNITY","iptv-org public index, publicly listed free stream (verify broadcaster-official before promote)","iptv-org; categories=general; quality=480p","medium","1209"
"Live TV","General","Dnipro TV (DniproTV)","http://vcdn1.produck.company:1935/out/dtv/playlist.m3u8","VIDEO","HLS","m3u8","","true","false","","UA","https://dnipro.tv/","COMMUNITY","iptv-org public index, publicly listed free stream (verify broadcaster-official before promote)","iptv-org; categories=general; quality=1080p","medium","1210"
"Live TV","General","Doble C Television (Doble C Television)","https://live20.bozztv.com/giatv/giatv-doblec1/doblec1/playlist.m3u8","VIDEO","HLS","m3u8","","true","true","","PE","https://doblectelevision.com/","COMMUNITY","iptv-org public index, publicly listed free stream (verify broadcaster-official before promote)","iptv-org; categories=general; quality=720p","medium",""
"Live TV","General","DR1 (DR1)","https://drlivedr1hls.akamaized.net/hls/live/2113625/drlivedr1/master.m3u8","VIDEO","HLS","m3u8","","true","true","","DK","http://www.dr.dk/dr1/","COMMUNITY","iptv-org public index, publicly listed free stream (verify broadcaster-official before promote)","iptv-org; categories=general; quality=1080p","medium","1211"
"Live TV","General","DRTV (DRTV)","https://drlivedrtvahls.akamaized.net/hls/live/2113613/drlivedrtva/master.m3u8","VIDEO","HLS","m3u8","","true","true","","DK","https://www.dr.dk/drtv/","COMMUNITY","iptv-org public index, publicly listed free stream (verify broadcaster-official before promote)","iptv-org; categories=general; quality=1080p","medium","1212"
"Live TV","General","DTV (DTV)","https://live-evg7.tv360.bitel.com.pe/bitel/sabormixtvSRT/playlist.m3u8","VIDEO","HLS","m3u8","","true","true","","PE","http://www.dtvtelevision.com/","COMMUNITY","iptv-org public index, publicly listed free stream (verify broadcaster-official before promote)","iptv-org; categories=general; quality=720p","medium",""
"Live TV","General","DTV Den Bosch (DTV Den Bosch)","https://rrr.sz.xlcdn.com/?account=dtvmaasland&file=dtv2&output=playlist.m3u8&protocol=https&service=wowza&type=live","VIDEO","ICECAST","","","true","true","","NL","https://dtvnieuws.nl/denbosch","COMMUNITY","iptv-org public index, publicly listed free stream (verify broadcaster-official before promote)","iptv-org; categories=general; quality=1080p","medium","1213"
"Live TV","General","DTV Maashorst (DTV Maashorst)","https://rrr.sz.xlcdn.com/?account=dtvmaasland&file=dtv3&output=playlist.m3u8&protocol=https&service=wowza&type=live","VIDEO","ICECAST","","","true","true","","NL","https://dtvnieuws.nl/televisie-livestream","COMMUNITY","iptv-org public index, publicly listed free stream (verify broadcaster-official before promote)","iptv-org; categories=general; quality=1080p","medium","1214"
"Live TV","General","DTV Oss & Bernheze (DTV Oss & Bernheze)","https://rrr.sz.xlcdn.com/?account=dtvmaasland&file=dtv1&output=playlist.m3u8&protocol=https&service=wowza&type=live","VIDEO","ICECAST","","","true","true","","NL","https://dtvnieuws.nl/nieuws","COMMUNITY","iptv-org public index, publicly listed free stream (verify broadcaster-official before promote)","iptv-org; categories=general; quality=1080p","medium","1215"
"Live TV","General","Dudelange TV (Dudelange TV)","https://streamer20.multimedia.blue/Eltrona/DudelangeTV/playlist.m3u8","VIDEO","HLS","m3u8","","true","true","","LU","https://www.dudelange.lu/","COMMUNITY","iptv-org public index, publicly listed free stream (verify broadcaster-official before promote)","iptv-org; categories=general; quality=720p","medium","1216"
"Live TV","General","Dunya TV (Dunya TV)","https://raw.githubusercontent.com/UzunMuhalefet/streams/refs/heads/main/myvideo-az/dunya-tv.m3u8","VIDEO","HLS","m3u8","","true","true","","AZ","https://dunyatv.az/","COMMUNITY","iptv-org public index, publicly listed free stream (verify broadcaster-official before promote)","iptv-org; categories=general; quality=","medium",""
"Live TV","General","Dunyo bo'ylab (Dunyo bo'ylab)","https://stream8.cinerama.uz/1006/tracks-v1a1/playlist.m3u8","VIDEO","HLS","m3u8","","true","true","","UZ","https://www.mtrk.uz/uz/tv/dunyo/","COMMUNITY","iptv-org public index, publicly listed free stream (verify broadcaster-official before promote)","iptv-org; categories=general; quality=1080p","medium","1217"
"Live TV","General","Durangaldeko Telebista (Durangaldeko Telebista)","https://nlb2-live.emitstream.com/hls/5f9asjsehd7gmyxsdpzu/master.m3u8","VIDEO","HLS","m3u8","","true","true","","ES","https://dotb.eus/","COMMUNITY","iptv-org public index, publicly listed free stream (verify broadcaster-official before promote)","iptv-org; categories=general; quality=576p","medium","1218"
"Live TV","General","Dushanbe HD (Dushanbe HD)","https://live.teleradiocom.tj/7/3m.m3u8","VIDEO","HLS","m3u8","","true","true","","TJ","","COMMUNITY","iptv-org public index, publicly listed free stream (verify broadcaster-official before promote)","iptv-org; categories=general; quality=1080p","medium",""
"Live TV","General","ECO Television (ECO Television)","https://stream.ecoperu.tv/ECOTV/tracks-v1a1/mono.m3u8","VIDEO","HLS","m3u8","","true","true","","PE","https://ecoperu.tv/","COMMUNITY","iptv-org public index, publicly listed free stream (verify broadcaster-official before promote)","iptv-org; categories=general; quality=","medium","1219"
"Live TV","General","Ecuador TV (Ecuador TV)","https://samson.streamerr.co:8081/shogun/index.m3u8","VIDEO","HLS","m3u8","","true","true","","EC","https://ecuadortv.ec/","COMMUNITY","iptv-org public index, publicly listed free stream (verify broadcaster-official before promote)","iptv-org; categories=general; quality=720p","medium","1220"
"Live TV","General","Ecuavisa (Ecuavisa Guayaquil)","https://dai.google.com/linear/hls/event/GyPkTVDZSXGhpOvxPK7m2g/master.m3u8","VIDEO","HLS","m3u8","","true","true","","EC","https://www.ecuavisa.com/","COMMUNITY","iptv-org public index, publicly listed free stream (verify broadcaster-official before promote)","iptv-org; categories=general; quality=1080p","medium","1221"
"Live TV","General","Eden TV (Eden TV)","https://rtmp.edentv.bj/hls/stream.m3u8","VIDEO","HLS","m3u8","","true","true","","BJ","http://benin-eden.tv/","COMMUNITY","iptv-org public index, publicly listed free stream (verify broadcaster-official before promote)","iptv-org; categories=general; quality=540p","medium","1222"
"Live TV","General","El 3 de Conce (El 3 de Conce)","https://5ff3d9babae13.streamlock.net/xedkektnqj/xedkektnqj/playlist.m3u8","VIDEO","HLS","m3u8","","true","true","","CL","https://el3deconce.cl/","COMMUNITY","iptv-org public index, publicly listed free stream (verify broadcaster-official before promote)","iptv-org; categories=general; quality=","medium",""
"Live TV","General","El Seis 6 (El Seis 6)","https://stream.elseis.do/canal6/live_1080.m3u8","VIDEO","HLS","m3u8","","true","true","","DO","https://elseis.do/","COMMUNITY","iptv-org public index, publicly listed free stream (verify broadcaster-official before promote)","iptv-org; categories=general; quality=1080p","medium","1223"
"Live TV","General","El Toro TV (El Toro TV)","https://streaming-1.eltorotv.com/lb0/eltorotv-streaming-web/index.m3u8","VIDEO","HLS","m3u8","","true","true","","ES","https://eltorotv.com/","COMMUNITY","iptv-org public index, publicly listed free stream (verify broadcaster-official before promote)","iptv-org; categories=general; quality=720p","medium","1224"
"Live TV","General","EL TV (EL TV)","http://85.132.53.162:1935/live/eltv/playlist.m3u8","VIDEO","HLS","m3u8","","true","false","","AZ","","COMMUNITY","iptv-org public index, publicly listed free stream (verify broadcaster-official before promote)","iptv-org; categories=general; quality=260p","medium",""
"Live TV","General","El Watania 1 (El Watania 1)","https://sw1.tanitweb.net/TunisiaTV/_definst_/watania1/chunklist.m3u8","VIDEO","HLS","m3u8","","true","true","","TN","http://www.watania1.tn/","COMMUNITY","iptv-org public index, publicly listed free stream (verify broadcaster-official before promote)","iptv-org; categories=general; quality=1080i","medium",""
"Live TV","General","El Watania 2 (El Watania 2)","https://sw1.tanitweb.net/TunisiaTV/_definst_/watania2/playlist.m3u8?DVR","VIDEO","HLS","m3u8","","true","true","","TN","http://www.watania2.tn/","COMMUNITY","iptv-org public index, publicly listed free stream (verify broadcaster-official before promote)","iptv-org; categories=general; quality=1080p","medium",""
"Live TV","General","Elias Pina TV (Elias Pina TV)","https://cloud2.streaminglivehd.com:1936/8078/8078/playlist.m3u8","VIDEO","HLS","m3u8","","true","true","","DO","https://eliaspinatv.net/","COMMUNITY","iptv-org public index, publicly listed free stream (verify broadcaster-official before promote)","iptv-org; categories=general; quality=720p","medium","1225"
"Live TV","General","Elive TV Brescia (Elive TV Brescia)","https://59d7d6f47d7fc.streamlock.net/elivebresciatv/elivebresciatv/playlist.m3u8","VIDEO","HLS","m3u8","","true","true","","IT","https://www.elivebrescia.tv/","COMMUNITY","iptv-org public index, publicly listed free stream (verify broadcaster-official before promote)","iptv-org; categories=general; quality=720p","medium","1226"
"Live TV","General","Elwatania TV (Elwatania TV)","https://livesstream.work.gd:5443/WebRTCApp/streams/stream.m3u8","VIDEO","HLS","m3u8","","true","true","","DZ","https://elwataniatv.dz/","COMMUNITY","iptv-org public index, publicly listed free stream (verify broadcaster-official before promote)","iptv-org; categories=general; quality=1080i","medium","1227"
"Live TV","General","Emisora Comunitaria 104.1 FM (Emisora Comunitaria 104.1 FM)","https://104florencia.co/wp-admin/admin-ajax.php?action=frp_hls_proxy&url=https%3A%2F%2Fstreamyes.alsolnet.com%2Fcomunitariafm%2Flive%2Fplaylist.m3u8","VIDEO","HLS","m3u8","","true","true","","CO","https://104florencia.co/","COMMUNITY","iptv-org public index, publicly listed free stream (verify broadcaster-official before promote)","iptv-org; categories=general; quality=","medium","1228"
"Live TV","General","Emporda TV (Empordà TV)","https://video3.lhdserver.es/empordatv2/live.m3u8","VIDEO","HLS","m3u8","","true","true","","ES","https://www.empordadigital.cat/","COMMUNITY","iptv-org public index, publicly listed free stream (verify broadcaster-official before promote)","iptv-org; categories=general; quality=1080p","medium",""
"Live TV","General","ems TV Lingen (ems TV Lingen)","https://h058.video-stream-hosting.de/ev1tv-live/_definst_/mp4:stream1.stream/playlist.m3u8","VIDEO","HLS","m3u8","","true","true","","DE","https://emstv.de/","COMMUNITY","iptv-org public index, publicly listed free stream (verify broadcaster-official before promote)","iptv-org; categories=general; quality=720p","medium","1229"
"Live TV","General","Energia TV (Energia TV)","https://sincerecloud.stream/loadbalancer/public/actMdyoE.m3u8","VIDEO","HLS","m3u8","","true","true","","BQ","https://energiabonaire.com/","COMMUNITY","iptv-org public index, publicly listed free stream (verify broadcaster-official before promote)","iptv-org; categories=general; quality=720p","medium","1230"
"Live TV","General","Enfoque Digital TV (Enfoque Digital TV)","https://5eaccbab48461.streamlock.net:1936/8074/8074/playlist.m3u8","VIDEO","HLS","m3u8","","true","true","","CL","https://enfoquedigital.cl/","COMMUNITY","iptv-org public index, publicly listed free stream (verify broadcaster-official before promote)","iptv-org; categories=general; quality=","medium",""
"Live TV","General","Enisey (Енисей)","https://hls-eniseytv.cdnvideo.ru/eniseytv/stream1/playlist.m3u8","VIDEO","HLS","m3u8","","true","true","","RU","https://www.enisey.tv/","COMMUNITY","iptv-org public index, publicly listed free stream (verify broadcaster-official before promote)","iptv-org; categories=general; quality=1080p","medium","1231"
"Live TV","General","entelevision (entelevision)","https://stream.haislin.com/entelevision/index.m3u8","VIDEO","HLS","m3u8","","true","true","","DO","https://entelevision.com/","COMMUNITY","iptv-org public index, publicly listed free stream (verify broadcaster-official before promote)","iptv-org; categories=general; quality=1080p","medium","1232"
"Live TV","General","Entella TV (Entella TV)","https://5f22d76e220e1.streamlock.net/EntellaTV/EntellaTV/playlist.m3u8","VIDEO","HLS","m3u8","","true","true","","IT","https://www.entellatv.net/","COMMUNITY","iptv-org public index, publicly listed free stream (verify broadcaster-official before promote)","iptv-org; categories=general; quality=720p","medium",""
"Live TV","General","Enterate RD (Enterate RD)","https://5790d294af2dc.streamlock.net/enteraterd/enteraterd/playlist.m3u8","VIDEO","HLS","m3u8","","true","true","","DO","https://www.vivalivetv.com/channel/enterate-rd","COMMUNITY","iptv-org public index, publicly listed free stream (verify broadcaster-official before promote)","iptv-org; categories=general; quality=","medium","1233"
"Live TV","General","ERi-TV 1 (ERi-TV 1)","https://jmc-live.ercdn.net/eritreatv/eritreatv.m3u8","VIDEO","HLS","m3u8","","true","true","","ER","https://www.dendenmedia.com/","COMMUNITY","iptv-org public index, publicly listed free stream (verify broadcaster-official before promote)","iptv-org; categories=general; quality=576p","medium","1234"
"Live TV","General","ERT Cosmos (ERT Cosmos)","https://ert-ucdn.broadpeak-aas.com/bpk-tv/ERTCosmos/default/index.m3u8","VIDEO","HLS","m3u8","","true","true","","GR","https://www.ert.gr/tv/program/ert-cosmos/","COMMUNITY","iptv-org public index, publicly listed free stream (verify broadcaster-official before promote)","iptv-org; categories=general; quality=1080p","medium","1235"
"Live TV","General","Esperia TV (Esperia TV)","https://59d7d6f47d7fc.streamlock.net/esperiatv/esperiatv/playlist.m3u8","VIDEO","HLS","m3u8","","true","true","","IT","https://esperia.tv/","COMMUNITY","iptv-org public index, publicly listed free stream (verify broadcaster-official before promote)","iptv-org; categories=general; quality=480p","medium","1236"
"Live TV","General","ETB 1 (ETB 1)","https://cdn1.etbon.eus/etb1/index.m3u8","VIDEO","HLS","m3u8","","true","true","","ES","https://www.eitb.eus/es/television/","COMMUNITY","iptv-org public index, publicly listed free stream (verify broadcaster-official before promote)","iptv-org; categories=general|public; quality=1080p","medium","1237"
"Live TV","General","ETB 2 (ETB 2)","https://cdn1.etbon.eus/etb2/index.m3u8","VIDEO","HLS","m3u8","","true","true","","ES","https://www.eitb.eus/es/television/","COMMUNITY","iptv-org public index, publicly listed free stream (verify broadcaster-official before promote)","iptv-org; categories=general|public; quality=1080p","medium","1238"
"Live TV","General","ETB Events 1 (ETB Events 1)","https://cdn1.etbon.eus/oc1/index.m3u8","VIDEO","HLS","m3u8","","true","true","","ES","https://www.eitb.eus/es/television/","COMMUNITY","iptv-org public index, publicly listed free stream (verify broadcaster-official before promote)","iptv-org; categories=general|public; quality=1080p","medium","1239"
"Live TV","Kids","3ABN Kids (3ABN Kids Network)","https://3abn.bozztv.com/3abn2/Kids_live/smil:Kids_live.smil/playlist.m3u8","VIDEO","HLS","m3u8","","true","true","","US","https://3abnkids.tv/","COMMUNITY","iptv-org public index, publicly listed free stream (verify broadcaster-official before promote)","iptv-org; categories=kids|religious|animation; quality=","medium","1240"
"Live TV","Kids","ADO TV (ADO TV)","https://strhls.streamakaci.tv/ortb/ortb2-multi/playlist.m3u8","VIDEO","HLS","m3u8","","true","true","","BJ","https://srtb.bj/directbenintvjuniors/","COMMUNITY","iptv-org public index, publicly listed free stream (verify broadcaster-official before promote)","iptv-org; categories=kids|sports; quality=720p","medium","1241"
"Live TV","Kids","Afarin Baxcha (Afarin Baxcha)","https://5dcabf026b188.streamlock.net/afarinTV/livestream/playlist.m3u8","VIDEO","HLS","m3u8","","true","true","","IQ","https://afarin.tv/","COMMUNITY","iptv-org public index, publicly listed free stream (verify broadcaster-official before promote)","iptv-org; categories=kids; quality=1080p","medium","1242"
"Live TV","Kids","Afarin TV (Afarin TV)","https://65f16f0fdfc51.streamlock.net/afarinTV/livestream/playlist.m3u8","VIDEO","HLS","m3u8","","true","true","","IQ","https://afarin.tv/","COMMUNITY","iptv-org public index, publicly listed free stream (verify broadcaster-official before promote)","iptv-org; categories=kids; quality=720p","medium","1243"
"Live TV","Kids","Aghapy Kids (Aghapy Kids)","https://5b622f07944df.streamlock.net/aghapykids.tv/aghapykids2/playlist.m3u8","VIDEO","HLS","m3u8","","true","true","","US","https://www.aghapykids.com/","COMMUNITY","iptv-org public index, publicly listed free stream (verify broadcaster-official before promote)","iptv-org; categories=kids; quality=1080p","medium",""
"Live TV","Kids","Amou Yazid TV (Amou Yazid TV)","http://mkstream.servehttp.com:1940/AmouYazid/ay1/playlist.m3u8","VIDEO","HLS","m3u8","","true","false","","DZ","http://tv.amouyazid.com/","COMMUNITY","iptv-org public index, publicly listed free stream (verify broadcaster-official before promote)","iptv-org; categories=kids; quality=576p","medium",""
"Live TV","Kids","Ani (Ani)","http://31.148.48.15/Ani/index.m3u8","VIDEO","HLS","m3u8","","true","false","","RU","https://ani.tlum.ru/","COMMUNITY","iptv-org public index, publicly listed free stream (verify broadcaster-official before promote)","iptv-org; categories=kids; quality=576p","medium","1244"
"Live TV","Kids","Aqlvoy (Aqlvoy)","https://stream8.cinerama.uz/1205/tracks-v1a1/mono.m3u8","VIDEO","HLS","m3u8","","true","true","","UZ","https://aqlvoy.uz/","COMMUNITY","iptv-org public index, publicly listed free stream (verify broadcaster-official before promote)","iptv-org; categories=kids; quality=","medium","1245"
"Live TV","Kids","ARB Gunes (ARB Gunes)","https://raw.githubusercontent.com/UzunMuhalefet/streams/main/myvideo-az/arb-gunes.m3u8","VIDEO","HLS","m3u8","","true","true","","AZ","https://www.arbgunesh.az/","COMMUNITY","iptv-org public index, publicly listed free stream (verify broadcaster-official before promote)","iptv-org; categories=kids; quality=","medium","1246"
"Live TV","Kids","Baby Shark TV (Baby Shark TV)","https://c0c65b821b3542c3a4dca92702f59944.mediatailor.us-east-1.amazonaws.com/v1/master/04fd913bb278d8775298c26fdca9d9841f37601f/RakutenTV-eu_BabySharkTV/playlist.m3u8","VIDEO","HLS","m3u8","","true","true","","US","https://pluto.tv/en/live-tv/baby-shark-tv","COMMUNITY","iptv-org public index, publicly listed free stream (verify broadcaster-official before promote)","iptv-org; categories=kids; quality=","medium",""
"Live TV","Kids","Baby Time (Baby Time)","http://89.218.32.179:18000/play/a028","VIDEO","ICECAST","","","true","false","","RU","https://bridgetv.ru/brands/baby_time/","COMMUNITY","iptv-org public index, publicly listed free stream (verify broadcaster-official before promote)","iptv-org; categories=kids|music; quality=","medium","1247"
"Live TV","Kids","BabyTV (BabyTV France HD)","http://41.223.30.230/BABYTV/index.m3u8","VIDEO","HLS","m3u8","","true","false","","UK","http://www.babytv.com/","COMMUNITY","iptv-org public index, publicly listed free stream (verify broadcaster-official before promote)","iptv-org; categories=kids; quality=720p","medium","1248"
"Live TV","Kids","Balapan (Balapan TV)","https://balapantv-stream.qazcdn.com/balapantv/balapantv/playlist.m3u8","VIDEO","HLS","m3u8","","true","true","","KZ","https://balapan.kaztrk.kz/","COMMUNITY","iptv-org public index, publicly listed free stream (verify broadcaster-official before promote)","iptv-org; categories=kids; quality=1080p","medium",""
"Live TV","Kids","BeJoy.kids (BeJoy.kids)","https://64b16f23efbee.streamlock.net/bejoy/bejoy/playlist.m3u8","VIDEO","HLS","m3u8","","true","true","","IT","https://www.bejoy.kids","COMMUNITY","iptv-org public index, publicly listed free stream (verify broadcaster-official before promote)","iptv-org; categories=kids; quality=1080p","medium","1249"
"Live TV","Kids","Bolajon (Bolajon)","https://stream8.cinerama.uz/1007/playlist.m3u8","VIDEO","HLS","m3u8","","true","true","","UZ","https://www.mtrk.uz/uz/tv/bolajon/","COMMUNITY","iptv-org public index, publicly listed free stream (verify broadcaster-official before promote)","iptv-org; categories=kids; quality=576p","medium","1250"
"Live TV","Kids","Brat TV (Brat TV)","https://streams2.sofast.tv/v1/master/611d79b11b77e2f571934fd80ca1413453772ac7/04072b68-dc6a-4d5e-98af-f356ba8d5063/playlist.m3u8","VIDEO","HLS","m3u8","","true","true","","US","","COMMUNITY","iptv-org public index, publicly listed free stream (verify broadcaster-official before promote)","iptv-org; categories=kids; quality=1080p","medium",""
"Live TV","Kids","Camp Spoopy (Camp Spoopy)","https://stream.ads.ottera.tv/playlist.m3u8?network_id=269","VIDEO","HLS","m3u8","","true","true","","US","","COMMUNITY","iptv-org public index, publicly listed free stream (verify broadcaster-official before promote)","iptv-org; categories=kids; quality=576p","medium",""
"Live TV","Kids","Chinola TV (Chinola TV)","https://tv.wracanal10.com:3300/live/chinolatvlive.m3u8","VIDEO","HLS","m3u8","","true","true","","DO","","COMMUNITY","iptv-org public index, publicly listed free stream (verify broadcaster-official before promote)","iptv-org; categories=kids; quality=480p","medium",""
"Live TV","Kids","CT Decko (ČT:D/ČT art)","http://88.212.15.19/live/ct_art_avc_25p/playlist.m3u8","VIDEO","HLS","m3u8","","true","false","","CZ","http://decko.cz/","COMMUNITY","iptv-org public index, publicly listed free stream (verify broadcaster-official before promote)","iptv-org; categories=kids; quality=1080p","medium","1251"
"Live TV","Kids","Disney Channel (Disney Channel)","http://151.80.18.177:86/Disney_Channel_HD/index.m3u8","VIDEO","HLS","m3u8","","true","false","","PT","http://tv.disney.pt/","COMMUNITY","iptv-org public index, publicly listed free stream (verify broadcaster-official before promote)","iptv-org; categories=kids; quality=1080p","medium","1252"
"Live TV","Kids","Disney Junior (Disney Junior)","http://23.237.104.106:8080/USA_DISNEY_JUNIOR/index.m3u8","VIDEO","HLS","m3u8","","true","false","","US","http://disney.go.com/disneyjunior/","COMMUNITY","iptv-org public index, publicly listed free stream (verify broadcaster-official before promote)","iptv-org; categories=kids; quality=1080i","medium","1253"
"Live TV","Kids","Disney Junior MENA (Disney Junior MENA)","http://116.90.120.157:8000/play/a0qo/index.m3u8","VIDEO","HLS","m3u8","","true","false","","UK","http://www.disneyme.com/","COMMUNITY","iptv-org public index, publicly listed free stream (verify broadcaster-official before promote)","iptv-org; categories=kids; quality=576p","medium","1254"
"Live TV","Kids","Disney XD (Disney XD)","http://23.237.104.106:8080/USA_DISNEY_XD/index.m3u8","VIDEO","HLS","m3u8","","true","false","","US","https://disneynow.com/all-shows/disney-xd","COMMUNITY","iptv-org public index, publicly listed free stream (verify broadcaster-official before promote)","iptv-org; categories=kids; quality=720p","medium","1255"
"Live TV","Kids","ducktv (ducktv)","https://jmp2.uk/stvp-ESBC4700001GR","VIDEO","ICECAST","","","true","true","","SK","https://www.ducktv.tv/","COMMUNITY","iptv-org public index, publicly listed free stream (verify broadcaster-official before promote)","iptv-org; categories=kids; quality=720p","medium","1256"
"Live TV","Kids","ETV 2 (ETV2)","https://sb.err.ee/live/etv2.m3u8","VIDEO","HLS","m3u8","","true","true","","EE","http://etv2.err.ee/","COMMUNITY","iptv-org public index, publicly listed free stream (verify broadcaster-official before promote)","iptv-org; categories=kids|culture; quality=720p","medium",""
"Live TV","Legislative","ATXN2 (ATXN2)","https://cdn-atxn-01.vos360.video/Content/HLS/Live/channel(f97b5ddc-b7e4-dff8-9f10-8c16d0833639)/index.m3u8","VIDEO","HLS","m3u8","","true","true","","US","https://www.austintexas.gov/watch-atxn-live","COMMUNITY","iptv-org public index, publicly listed free stream (verify broadcaster-official before promote)","iptv-org; categories=legislative|general; quality=1080p","medium","1257"
"Live TV","Movie","24 Hour Free Movies (24 Hour Free Movies)","https://d1j2u714xk898n.cloudfront.net/scheduler/scheduleMaster/145.m3u8","VIDEO","HLS","m3u8","","true","true","","US","https://channelstore.roku.com/en-ca/details/9901df514a904063a91fd54fb1f2971c/24-hour-movie-channel","COMMUNITY","iptv-org public index, publicly listed free stream (verify broadcaster-official before promote)","iptv-org; categories=movies; quality=720p","medium","1258"
"Live TV","Movie","30A TV Classic Movies (30A TV Classic Movies)","https://30a-tv.com/feeds/pzaz/30atvmovies.m3u8","VIDEO","HLS","m3u8","","true","true","","US","https://30a-tv.com/m3u8-channels/","COMMUNITY","iptv-org public index, publicly listed free stream (verify broadcaster-official before promote)","iptv-org; categories=movies; quality=720p","medium","1259"
"Live TV","Movie","312 Kino (312 Кино)","http://176.126.166.43:1935/live/312kino/playlist.m3u8","VIDEO","HLS","m3u8","","true","false","","KG","http://312tv.kg","COMMUNITY","iptv-org public index, publicly listed free stream (verify broadcaster-official before promote)","iptv-org; categories=movies; quality=406p","medium","1260"
"Live TV","Movie","Action 24 (Action 24)","http://actionlive.siliconweb.com/actionabr/actiontv/playlist.m3u8","VIDEO","HLS","m3u8","","true","false","","GR","https://action24.gr/","COMMUNITY","iptv-org public index, publicly listed free stream (verify broadcaster-official before promote)","iptv-org; categories=movies; quality=1080p","medium","1261"
"Live TV","Movie","Afra Film (Afra Film)","https://afrafhls.wns.live/hls/stream.m3u8","VIDEO","HLS","m3u8","","true","true","","IR","","COMMUNITY","iptv-org public index, publicly listed free stream (verify broadcaster-official before promote)","iptv-org; categories=movies; quality=","medium",""
"Live TV","Movie","AMC (AMC)","http://23.239.31.26:8989/amc/index.m3u8","VIDEO","HLS","m3u8","","true","false","","US","https://www.amc.com/","COMMUNITY","iptv-org public index, publicly listed free stream (verify broadcaster-official before promote)","iptv-org; categories=movies; quality=720p","medium","1262"
"Live TV","Movie","Amedia Hit (Amedia Hit)","http://31.148.48.15/Amedia_HIT_HD/index.m3u8","VIDEO","HLS","m3u8","","true","false","","RU","http://amediatv.ru/amedia-hit/","COMMUNITY","iptv-org public index, publicly listed free stream (verify broadcaster-official before promote)","iptv-org; categories=movies|series; quality=720p","medium",""
"Live TV","Movie","Amedia Premium (Amedia Premium)","http://31.148.48.15/Amedia_Premium_HD/index.m3u8","VIDEO","HLS","m3u8","","true","false","","RU","http://amediatv.ru/amedia-premium/","COMMUNITY","iptv-org public index, publicly listed free stream (verify broadcaster-official before promote)","iptv-org; categories=movies|series; quality=720p","medium",""
"Live TV","Movie","American Horrors (American Horrors)","http://107.167.7.162:8081/playlist/amhor/playlist.m3u8","VIDEO","HLS","m3u8","","true","false","","US","","COMMUNITY","iptv-org public index, publicly listed free stream (verify broadcaster-official before promote)","iptv-org; categories=movies; quality=480p","medium",""
"Live TV","Movie","ARTFLIX Movie Classics (Artflix Movie Classics)","https://amogonetworx-artflix-1-nl.samsung.wurl.tv/playlist.m3u8","VIDEO","HLS","m3u8","","true","true","","US","https://watch.plex.tv/live-tv/channel/artflix-movie-classics","COMMUNITY","iptv-org public index, publicly listed free stream (verify broadcaster-official before promote)","iptv-org; categories=movies|classic; quality=720p","medium","1263"
"Live TV","Movie","Aurora Media Films (Aurora Media Films)","https://cdn.streamhispanatv.net:3417/live/auroramflive.m3u8","VIDEO","HLS","m3u8","","true","true","","GT","https://www.playgt.net/auroramediafilms","COMMUNITY","iptv-org public index, publicly listed free stream (verify broadcaster-official before promote)","iptv-org; categories=movies; quality=720p","medium","1264"
"Live TV","Movie","BIZ Cinema (BIZ Cinema)","https://fl.biztv.media/cinema_720_EMfSyXgoRdiIHgldXTZICucKTIeCKO/index.m3u8","VIDEO","HLS","m3u8","","true","true","","UZ","https://biztv.uz/","COMMUNITY","iptv-org public index, publicly listed free stream (verify broadcaster-official before promote)","iptv-org; categories=movies; quality=1080p","medium","1265"
"Live TV","Movie","Bollywood HD (Bollywood HD Russia)","https://xykt-fix.github.io/cinerama_edge01/hls/BOLLYWOOD_RU/Movie009.m3u8","VIDEO","HLS","m3u8","","true","true","","RO","https://www.isgmedia.com/channels.php?channel=bollywood-hd","COMMUNITY","iptv-org public index, publicly listed free stream (verify broadcaster-official before promote)","iptv-org; categories=movies; quality=576p","medium","1266"
"Live TV","Movie","Bolt (Bolt)","http://hls127.freeott.top:8080/Bolt/video.m3u8","VIDEO","HLS","m3u8","","true","false","","RU","http://bolt.starmediatv.ru/","COMMUNITY","iptv-org public index, publicly listed free stream (verify broadcaster-official before promote)","iptv-org; categories=movies|series; quality=576p","medium",""
"Live TV","Movie","Boreal (Boreal)","https://edge.essastream.com/borealtelevision/tracks-v1a1/mono.m3u8","VIDEO","HLS","m3u8","","true","true","","DO","https://borealtelevision.com/","COMMUNITY","iptv-org public index, publicly listed free stream (verify broadcaster-official before promote)","iptv-org; categories=movies; quality=720p","medium","1267"
"Live TV","Movie","Canal Cine Dios (Canal Cine Dios)","https://canal.mediaserver.com.co/live/cinedios.m3u8","VIDEO","HLS","m3u8","","true","true","","CO","https://mediaserver.com.co/canal-cine-dios/","COMMUNITY","iptv-org public index, publicly listed free stream (verify broadcaster-official before promote)","iptv-org; categories=movies; quality=","medium",""
"Live TV","Movie","Canal+ Cinemas (Canal+ Cinemas)","http://151.80.18.177:86/Canal+_cinema_HD/index.m3u8","VIDEO","HLS","m3u8","","true","false","","FR","http://www.canalplus.fr/pid1748-c-cinema.html","COMMUNITY","iptv-org public index, publicly listed free stream (verify broadcaster-official before promote)","iptv-org; categories=movies; quality=720p","medium","1268"
"Live TV","Movie","CCTV-6 (CCTV-6)","http://69.30.245.50/live/cctv6.m3u8","VIDEO","HLS","m3u8","","true","false","","CN","http://tv.cctv.com/cctv6/","COMMUNITY","iptv-org public index, publicly listed free stream (verify broadcaster-official before promote)","iptv-org; categories=movies; quality=1080p","medium","1269"
"Live TV","Movie","Charge! (Charge!)","https://fast-channels.sinclairstoryline.com/CHARGE/index.m3u8","VIDEO","HLS","m3u8","","true","true","","US","https://watchcharge.com/","COMMUNITY","iptv-org public index, publicly listed free stream (verify broadcaster-official before promote)","iptv-org; categories=movies; quality=1080p","medium",""
"Live TV","Movie","Cine Friki (Zylo Cine Friki)","https://d2mr4fu91mjx9m.cloudfront.net/v1/master/3722c60a815c199d9c0ef36c5b73da68a62b09d1/cc-rb0tx75ojbc5u/CineFriki_ES.m3u8","VIDEO","HLS","m3u8","","true","true","","ES","https://www.cinefriki.es/","COMMUNITY","iptv-org public index, publicly listed free stream (verify broadcaster-official before promote)","iptv-org; categories=movies; quality=1080p","medium",""
"Live TV","Movie","Cine Nanar (Zylo Ciné Nanar)","https://zylo-cinenanar-rakuten.amagi.tv/playlist.m3u8","VIDEO","HLS","m3u8","","true","true","","FR","https://communityzylo7.wixsite.com/cine-nanar","COMMUNITY","iptv-org public index, publicly listed free stream (verify broadcaster-official before promote)","iptv-org; categories=movies; quality=1080p","medium","1270"
"Live TV","Movie","Cine Nostalgia (Cine Nostalgia)","https://a-cdn.klowdtv.com/live2/nost_720p/playlist.m3u8","VIDEO","HLS","m3u8","","true","true","","US","https://www.cinenostalgia.tv/","COMMUNITY","iptv-org public index, publicly listed free stream (verify broadcaster-official before promote)","iptv-org; categories=movies; quality=720p","medium","1271"
"Live TV","Movie","Cine Sony (Cine Sony)","https://a-cdn.klowdtv.com/live1/cine_720p/playlist.m3u8","VIDEO","HLS","m3u8","","true","true","","US","https://www.cinesony.com/","COMMUNITY","iptv-org public index, publicly listed free stream (verify broadcaster-official before promote)","iptv-org; categories=movies; quality=720p","medium","1272"
"Live TV","Movie","Cine Western (Zylo Ciné Western)","https://amg00711-zylo-amg00711c8-rakuten-uk-2686.playouts.now.amagi.tv/playlist/amg00711-zylofast-cinewestern-rakutenuk/playlist.m3u8","VIDEO","HLS","m3u8","","true","true","","FR","https://communityzylo7.wixsite.com/cine-western-fr","COMMUNITY","iptv-org public index, publicly listed free stream (verify broadcaster-official before promote)","iptv-org; categories=movies; quality=1080p","medium","1273"
"Live TV","Movie","Cinevault 80s (Cinevault 80s)","https://gsn-cinevault-80s-2-us.roku.wurl.tv/playlist.m3u8","VIDEO","HLS","m3u8","","true","true","","US","https://www.cinevaulttv.com/","COMMUNITY","iptv-org public index, publicly listed free stream (verify broadcaster-official before promote)","iptv-org; categories=movies; quality=540p","medium","1274"
"Live TV","Movie","City Eden KinoAction (Сити Эдем КиноЭкшен)","https://cityeden.catcast.tv/content/41333/index.m3u8","VIDEO","HLS","m3u8","","true","true","","RU","https://www.cityeden.info/","COMMUNITY","iptv-org public index, publicly listed free stream (verify broadcaster-official before promote)","iptv-org; categories=movies; quality=","medium","1275"
"Live TV","Movie","City Eden KinoArt (Сити Эдем КиноАрт)","https://cityeden.catcast.tv/content/38398/index.m3u8","VIDEO","HLS","m3u8","","true","true","","RU","https://www.cityeden.info/","COMMUNITY","iptv-org public index, publicly listed free stream (verify broadcaster-official before promote)","iptv-org; categories=movies; quality=","medium","1276"
"Live TV","Movie","City Eden KinoAsia (Сити Эдем КиноАзия)","https://cityeden.catcast.tv/content/34393/index.m3u8","VIDEO","HLS","m3u8","","true","true","","RU","https://www.cityeden.info/","COMMUNITY","iptv-org public index, publicly listed free stream (verify broadcaster-official before promote)","iptv-org; categories=movies; quality=","medium","1277"
"Live TV","Movie","City Eden KinoDetektiv (Сити Эдем КиноДетектив)","https://cityeden.catcast.tv/content/41327/index.m3u8","VIDEO","HLS","m3u8","","true","true","","RU","https://www.cityeden.info/","COMMUNITY","iptv-org public index, publicly listed free stream (verify broadcaster-official before promote)","iptv-org; categories=movies; quality=","medium","1278"
"Live TV","Movie","City Eden KinoDrama (Сити Эдем КиноДрама)","https://cityeden.catcast.tv/content/45269/index.m3u8","VIDEO","HLS","m3u8","","true","true","","RU","https://www.cityeden.info/","COMMUNITY","iptv-org public index, publicly listed free stream (verify broadcaster-official before promote)","iptv-org; categories=movies; quality=","medium","1279"
"Live TV","Movie","City Eden KinoFantastika (Сити Эдем КиноФантастика)","https://cityeden.catcast.tv/content/45268/index.m3u8","VIDEO","HLS","m3u8","","true","true","","RU","https://www.cityeden.info/","COMMUNITY","iptv-org public index, publicly listed free stream (verify broadcaster-official before promote)","iptv-org; categories=movies; quality=","medium","1280"
"Live TV","Movie","City Eden KinoKlassika (Сити Эдем КиноКлассика)","https://cityeden.catcast.tv/content/34185/index.m3u8","VIDEO","HLS","m3u8","","true","true","","RU","https://www.cityeden.info/","COMMUNITY","iptv-org public index, publicly listed free stream (verify broadcaster-official before promote)","iptv-org; categories=movies; quality=","medium","1281"
"Live TV","Movie","City Eden KinoKomediya (Сити Эдем КиноКомедия)","https://cityeden.catcast.tv/content/41331/index.m3u8","VIDEO","HLS","m3u8","","true","true","","RU","https://www.cityeden.info/","COMMUNITY","iptv-org public index, publicly listed free stream (verify broadcaster-official before promote)","iptv-org; categories=movies; quality=","medium","1282"
"Live TV","Movie","City Eden KinoMistika (Сити Эдем КиноМистика)","https://cityeden.catcast.tv/content/40783/index.m3u8","VIDEO","HLS","m3u8","","true","true","","RU","https://www.cityeden.info/","COMMUNITY","iptv-org public index, publicly listed free stream (verify broadcaster-official before promote)","iptv-org; categories=movies; quality=","medium","1283"
"Live TV","Movie","Classic Cinema (Classic Cinema)","https://rpn.bozztv.com/gusa/gusa-classiccinema/index.m3u8","VIDEO","HLS","m3u8","","true","true","","US","","COMMUNITY","iptv-org public index, publicly listed free stream (verify broadcaster-official before promote)","iptv-org; categories=movies; quality=240p","medium",""
"Live TV","Movie","Detskoe kino (Детское кино International)","https://autopilot.catcast.tv/content/38720/index.m3u8","VIDEO","HLS","m3u8","","true","true","","RU","","COMMUNITY","iptv-org public index, publicly listed free stream (verify broadcaster-official before promote)","iptv-org; categories=movies; quality=","medium",""
"Live TV","Movie","DHE (DHE)","http://190.11.225.124:5000/live/dhe_hd/playlist.m3u8","VIDEO","HLS","m3u8","","true","false","","US","https://www.canaldhe.com/","COMMUNITY","iptv-org public index, publicly listed free stream (verify broadcaster-official before promote)","iptv-org; categories=movies; quality=1080p","medium","1284"
"Live TV","Movie","Discover Film (DiscoverFilm)","https://discoverfilm-discoverfilm-1-nl.samsung.wurl.tv/playlist.m3u8","VIDEO","HLS","m3u8","","true","true","","UK","https://discover.film/","COMMUNITY","iptv-org public index, publicly listed free stream (verify broadcaster-official before promote)","iptv-org; categories=movies; quality=","medium",""
"Live TV","Movie","Dom kino (Dom kino)","https://stream8.cinerama.uz/1054/tracks-v1a1/mono.m3u8","VIDEO","HLS","m3u8","","true","true","","RU","http://www.domkino.tv/","COMMUNITY","iptv-org public index, publicly listed free stream (verify broadcaster-official before promote)","iptv-org; categories=movies; quality=","medium","1285"
"Live TV","Movie","Dom kino Premium (Дом Кино Премиум HD)","http://31.148.48.15/Dom_Kino_Premium_HD/index.m3u8","VIDEO","HLS","m3u8","","true","false","","RU","https://www.domkino-premium.tv/","COMMUNITY","iptv-org public index, publicly listed free stream (verify broadcaster-official before promote)","iptv-org; categories=movies; quality=1080p","medium","1286"
"Live TV","Movie","EBS Cinema (EBS Cinema)","https://rpn.bozztv.com/ebstv/ebscinema/index.m3u8","VIDEO","HLS","m3u8","","true","true","","US","http://ebstv.tv/","COMMUNITY","iptv-org public index, publicly listed free stream (verify broadcaster-official before promote)","iptv-org; categories=movies; quality=720p","medium","1287"
"Live TV","Movie","Emotion L (Zylo Emotion' L)","https://rakutenaa-zylo-emotional-rakuten-r1zkm.amagi.tv/playlist/rakutenAA-zylo-emotional-rakuten/playlist.m3u8","VIDEO","HLS","m3u8","","true","true","","FR","https://communityzylo7.wixsite.com/emotionl","COMMUNITY","iptv-org public index, publicly listed free stream (verify broadcaster-official before promote)","iptv-org; categories=movies; quality=1080p","medium","1288"
"Live TV","News",":24 (:24)","http://88.212.15.27/live/test_trojka_25p/playlist.m3u8","VIDEO","HLS","m3u8","","true","false","","SK","http://www.rtvs.sk/televizia/tv","COMMUNITY","iptv-org public index, publicly listed free stream (verify broadcaster-official before promote)","iptv-org; categories=news; quality=1080p","medium","1289"
"Live TV","News","100% NEWS (100% News)","http://85.238.112.40:8810/hls_sec/239.33.16.32-.m3u8","VIDEO","HLS","m3u8","","true","false","","UA","https://www.100news.tv/","COMMUNITY","iptv-org public index, publicly listed free stream (verify broadcaster-official before promote)","iptv-org; categories=news|business; quality=576p","medium","1290"
"Live TV","News","24 Horas (Canal 24 Horas)","https://ztnr.rtve.es/ztnr/1694255.m3u8","VIDEO","HLS","m3u8","","true","true","","ES","http://www.rtve.es/alacarta/tve/24-horas/","COMMUNITY","iptv-org public index, publicly listed free stream (verify broadcaster-official before promote)","iptv-org; categories=news|public; quality=720p","medium","1291"
"Live TV","News","24 Horas Canarias (Canal 24 Horas Canarias)","https://ztnr.rtve.es/ztnr/5473142.m3u8","VIDEO","HLS","m3u8","","true","true","","ES","https://www.rtve.es/play/videos/directo/tve-canarias/24-h-can/","COMMUNITY","iptv-org public index, publicly listed free stream (verify broadcaster-official before promote)","iptv-org; categories=news|public; quality=720p","medium","1292"
"Live TV","News","24 Horas Catalunya (Canal 24 Horas Catalunya)","https://ztnr.rtve.es/ztnr/4952053.m3u8","VIDEO","HLS","m3u8","","true","true","","ES","https://www.rtve.es/play/videos/directo/tve-catalunya/24h-cat/","COMMUNITY","iptv-org public index, publicly listed free stream (verify broadcaster-official before promote)","iptv-org; categories=news|public; quality=720p","medium","1293"
"Live TV","News","24/7 TV (24/7 TV)","https://master.tucableip.com/eldebertv/index.m3u8","VIDEO","HLS","m3u8","","true","true","","BO","","COMMUNITY","iptv-org public index, publicly listed free stream (verify broadcaster-official before promote)","iptv-org; categories=news; quality=1080p","medium",""
"Live TV","News","360° News (360° Новости)","https://live-vgtrksmotrim.cdnvideo.ru/vgtrksmotrim/smotrim-live-03-srt.smil/playlist.m3u8","VIDEO","HLS","m3u8","","true","true","","RU","https://360tv.ru/","COMMUNITY","iptv-org public index, publicly listed free stream (verify broadcaster-official before promote)","iptv-org; categories=news; quality=1080p","medium","1294"
"Live TV","News","3CatInfo (3CatInfo)","https://directes-tv-int.3catdirectes.cat/live-origin/canal324-hls/master.m3u8","VIDEO","HLS","m3u8","","true","true","","ES","https://www.3cat.cat/3catinfo/","COMMUNITY","iptv-org public index, publicly listed free stream (verify broadcaster-official before promote)","iptv-org; categories=news|public; quality=1080p","medium","1295"
"Live TV","News","4Dmas Noticias TV (4DmásNoticias TV)","https://rds3.desdeparaguay.net/4dmasnoticiastv/4dmasnoticiastv/playlist.m3u8","VIDEO","HLS","m3u8","","true","true","","PY","https://4dmasnoticias.com.py/","COMMUNITY","iptv-org public index, publicly listed free stream (verify broadcaster-official before promote)","iptv-org; categories=news; quality=1080p","medium",""
"Live TV","News","7 Info (7 Info)","https://video1.getstreamhosting.com:1936/8042/8042/playlist.m3u8","VIDEO","HLS","m3u8","","true","true","","CI","https://www.7info.ci/","COMMUNITY","iptv-org public index, publicly listed free stream (verify broadcaster-official before promote)","iptv-org; categories=news; quality=","medium",""
"Live TV","News","Abante TV (Abante TV)","https://amg19223-amg19223c12-amgplt0352.playout.now3.amagi.tv/playlist/amg19223-amg19223c12-amgplt0352/playlist.m3u8","VIDEO","HLS","m3u8","","true","true","","PH","https://www.abante.com.ph/","COMMUNITY","iptv-org public index, publicly listed free stream (verify broadcaster-official before promote)","iptv-org; categories=news; quality=1080p","medium","1296"
"Live TV","News","ABC News (ABC News)","https://abc-news-dmd-streams-1.akamaized.net/out/v1/701126012d044971b3fa89406a440133/index.m3u8","VIDEO","HLS","m3u8","","true","true","","AU","https://www.abc.net.au/news/newschannel/","COMMUNITY","iptv-org public index, publicly listed free stream (verify broadcaster-official before promote)","iptv-org; categories=news; quality=720p","medium","1297"
"Live TV","News","Afghanistan International (Afghanistan International)","https://hls.afintl.com/hls/stream.m3u8","VIDEO","HLS","m3u8","","true","true","","UK","https://www.afintl.com/","COMMUNITY","iptv-org public index, publicly listed free stream (verify broadcaster-official before promote)","iptv-org; categories=news; quality=720p","medium","1298"
"Live TV","News","Africa 24 (Africa 24)","https://africa24.vedge.infomaniak.com/livecast/ik:africa24/manifest.m3u8","VIDEO","HLS","m3u8","","true","true","","FR","https://africa24tv.com/","COMMUNITY","iptv-org public index, publicly listed free stream (verify broadcaster-official before promote)","iptv-org; categories=news; quality=1080p","medium","1299"
"Live TV","News","Africa 24 English (Africa 24 English)","https://edge20.vedge.infomaniak.com/livecast/ik:africa24english/manifest.m3u8","VIDEO","HLS","m3u8","","true","true","","FR","https://africa24tv.com/english","COMMUNITY","iptv-org public index, publicly listed free stream (verify broadcaster-official before promote)","iptv-org; categories=news; quality=1080p","medium","1300"
"Live TV","News","Africa 24 Sport (Africa 24 Sport)","https://africa24.vedge.infomaniak.com/livecast/ik:africa24sport/manifest.m3u8","VIDEO","HLS","m3u8","","true","true","","FR","https://africa24tv.com/sport","COMMUNITY","iptv-org public index, publicly listed free stream (verify broadcaster-official before promote)","iptv-org; categories=news|sports; quality=1080p","medium","1301"
"Live TV","News","Africanews English (Africanews)","https://c3c275b999764df8a2dd55ffe2996818.mediatailor.eu-west-1.amazonaws.com/v1/master/0547f18649bd788bec7b67b746e47670f558b6b2/production-LiveChannel-6576/bitok/eyJzdGlkIjoiOTU0NDAyODQtOTU0My00Yzc2LThmZjQtNDRhY2YwYmQxYTYwIiwibWt0IjoicGwiLCJjaCI6NjYwNiwicHRmIjo1fQ==/26036/africanews-en.m3u8","VIDEO","HLS","m3u8","","true","true","","FR","https://www.africanews.com/","COMMUNITY","iptv-org public index, publicly listed free stream (verify broadcaster-official before promote)","iptv-org; categories=news; quality=720p","medium","1302"
"Live TV","News","Africanews French (Africanews French)","https://cdn-euronews.akamaized.net/live/eds/africanews-fr/25050/index.m3u8","VIDEO","HLS","m3u8","","true","true","","FR","https://fr.africanews.com","COMMUNITY","iptv-org public index, publicly listed free stream (verify broadcaster-official before promote)","iptv-org; categories=news; quality=720p","medium","1303"
"Live TV","News","Afrik Info TV (Afrik Info TV)","https://kali.vdopanel.com:3119/hybrid/play.m3u8","VIDEO","HLS","m3u8","","true","true","","GN","https://afrikinfomedias.com/tv/","COMMUNITY","iptv-org public index, publicly listed free stream (verify broadcaster-official before promote)","iptv-org; categories=news; quality=","medium","1304"
"Live TV","News","Afrique54 TV (Afrique54 TV)","https://video1.getstreamhosting.com:1936/8318/8318/playlist.m3u8","VIDEO","HLS","m3u8","","true","true","","CM","https://afrique54.net/","COMMUNITY","iptv-org public index, publicly listed free stream (verify broadcaster-official before promote)","iptv-org; categories=news; quality=720p","medium","1305"
"Live TV","News","Al Alam (Al Alam)","https://live2.alalam.ir/alalam.m3u8","VIDEO","HLS","m3u8","","true","true","","IR","https://www.alalam.ir/","COMMUNITY","iptv-org public index, publicly listed free stream (verify broadcaster-official before promote)","iptv-org; categories=news; quality=360p","medium","1306"
"Live TV","News","Al Araby TV (Al Araby TV)","https://live.kwikmotion.com/alaraby1live/alaraby_abr/playlist.m3u8","VIDEO","HLS","m3u8","","true","true","","QA","https://www.alaraby.com/","COMMUNITY","iptv-org public index, publicly listed free stream (verify broadcaster-official before promote)","iptv-org; categories=news; quality=1080p","medium","1307"
"Live TV","News","Al Araby TV 2 (Al Araby TV 2)","https://live.kwikmotion.com/alaraby2live/alaraby2.smil/playlist.m3u8","VIDEO","HLS","m3u8","","true","true","","QA","https://www.alaraby.com/alaraby2","COMMUNITY","iptv-org public index, publicly listed free stream (verify broadcaster-official before promote)","iptv-org; categories=news; quality=1080p","medium","1308"
"Live TV","News","Al Iraqia News (Al Iraqia News)","https://imn-live.esite-lab.com/hls/iraqia-news.m3u8","VIDEO","HLS","m3u8","","true","true","","IQ","http://imn.iq/","COMMUNITY","iptv-org public index, publicly listed free stream (verify broadcaster-official before promote)","iptv-org; categories=news; quality=720p","medium","1309"
"Live TV","News","Al Jazeera (Al Jazeera)","https://live-hls-apps-aja-fa.getaj.net/AJA/01.m3u8","VIDEO","HLS","m3u8","","true","true","","QA","https://www.aljazeera.net/","COMMUNITY","iptv-org public index, publicly listed free stream (verify broadcaster-official before promote)","iptv-org; categories=news; quality=1080p","medium","1310"
"Live TV","News","Al Jazeera 2 (Al Jazeera 2)","https://live-hls-web-aja2-gcp.thehlive.com/AJA2/index.m3u8","VIDEO","HLS","m3u8","","true","true","","QA","","COMMUNITY","iptv-org public index, publicly listed free stream (verify broadcaster-official before promote)","iptv-org; categories=news; quality=1080p","medium",""
"Live TV","News","Al Jazeera Mubasher (Al Jazeera Mubasher)","https://live-hls-apps-ajm-fa.getaj.net/AJM/index.m3u8","VIDEO","HLS","m3u8","","true","true","","QA","http://mubasher.aljazeera.net/","COMMUNITY","iptv-org public index, publicly listed free stream (verify broadcaster-official before promote)","iptv-org; categories=news; quality=1080p","medium","1311"
"Live TV","News","Al Jazeera Mubasher 24 (Al Jazeera Mubasher 24)","https://live-hls-apps-ajm24-fa.getaj.net/AJM24/index.m3u8","VIDEO","HLS","m3u8","","true","true","","QA","https://www.aljazeeramubasher.net/","COMMUNITY","iptv-org public index, publicly listed free stream (verify broadcaster-official before promote)","iptv-org; categories=news; quality=1080p","medium","1312"
"Live TV","News","Al Jazeera Mubasher Broadcast 2 (Al Jazeera Mubasher Broadcast 2)","https://live-hls-apps-ajm2-fa.getaj.net/AJM2/index.m3u8","VIDEO","HLS","m3u8","","true","true","","QA","https://www.aljazeeramubasher.net/","COMMUNITY","iptv-org public index, publicly listed free stream (verify broadcaster-official before promote)","iptv-org; categories=news; quality=1080p","medium","1313"
"Live TV","News","Al Masar TV (Al Masar TV)","https://starmenajo.com/hls/almasar/index.m3u8","VIDEO","HLS","m3u8","","true","true","","LY","https://almasartv.ly/","COMMUNITY","iptv-org public index, publicly listed free stream (verify broadcaster-official before promote)","iptv-org; categories=news; quality=576p","medium","1314"
"Live TV","News","Al Masirah (Al Masirah)","https://live.cdnbridge.tv/Almasirah/Almasirah_all/playlist.m3u8","VIDEO","HLS","m3u8","","true","true","","YE","https://www.masirahtv.net/","COMMUNITY","iptv-org public index, publicly listed free stream (verify broadcaster-official before promote)","iptv-org; categories=news; quality=720p","medium",""
"Live TV","News","Al Masirah Mubacher (Al Masirah Mubacher)","https://live2.cdnbridge.tv/AlmasirahMubasher/Mubasher_All/playlist.m3u8","VIDEO","HLS","m3u8","","true","true","","YE","https://www.masirahtv.net/","COMMUNITY","iptv-org public index, publicly listed free stream (verify broadcaster-official before promote)","iptv-org; categories=news; quality=642p","medium",""
"Live TV","News","Al Mayadeen TV (Al Mayadeen)","https://mdnlv.cdn.octivid.com/almdn/smil:mpegts.stream.smil/playlist.m3u8","VIDEO","HLS","m3u8","","true","true","","LB","https://www.almayadeen.net/","COMMUNITY","iptv-org public index, publicly listed free stream (verify broadcaster-official before promote)","iptv-org; categories=news; quality=576p","medium","1315"
"Live TV","News","Al Najah News (Al Najah News)","https://streaming.najah.edu:8443/hls/AlNajah.m3u8","VIDEO","HLS","m3u8","","true","true","","PS","https://nn.najah.edu","COMMUNITY","iptv-org public index, publicly listed free stream (verify broadcaster-official before promote)","iptv-org; categories=news; quality=720p","medium","1316"
"Live TV","News","Al Sharqiya News (Al-Sharqiya News)","https://5d94523502c2d.streamlock.net/alsharqiyalive/mystream/playlist.m3u8","VIDEO","HLS","m3u8","","true","true","","IQ","http://www.alsharqiya.com/","COMMUNITY","iptv-org public index, publicly listed free stream (verify broadcaster-official before promote)","iptv-org; categories=news; quality=1080p","medium","1317"
"Live TV","News","Al Yaum TV (Al Yaum TV)","https://hlspackager.akamaized.net/live/DB/ALYAUM_TV/HLS/ALYAUM_TV.m3u8","VIDEO","HLS","m3u8","","true","true","","AE","","COMMUNITY","iptv-org public index, publicly listed free stream (verify broadcaster-official before promote)","iptv-org; categories=news; quality=1080p","medium",""
"Live TV","News","Al-Manar (Al Manar)","https://edge.fastpublish.me/live/index.m3u8","VIDEO","HLS","m3u8","","true","true","","LB","https://www.almanar.com.lb/","COMMUNITY","iptv-org public index, publicly listed free stream (verify broadcaster-official before promote)","iptv-org; categories=news; quality=576p","medium","1318"
"Live TV","News","AL24 News (AL24 News)","https://cdn.live.easybroadcast.io/abr_corp/66_al24_u4yga6h/corp/66_al24_u4yga6h_240p/chunks.m3u8","VIDEO","HLS","m3u8","","true","true","","DZ","https://al24news.com/","COMMUNITY","iptv-org public index, publicly listed free stream (verify broadcaster-official before promote)","iptv-org; categories=news; quality=","medium",""
"Live TV","News","Alalam News Channel Syria (Alalam News Channel Syria)","https://live2.alalam.ir/live/Alalam/index.m3u8","VIDEO","HLS","m3u8","","true","true","","SY","https://alalamsyria.ir/","COMMUNITY","iptv-org public index, publicly listed free stream (verify broadcaster-official before promote)","iptv-org; categories=news; quality=1080p","medium","1319"
"Live TV","News","Alarabiya (Al Arabiya)","https://live.alarabiya.net/alarabiapublish/alarabiya.smil/playlist.m3u8","VIDEO","HLS","m3u8","","true","true","","AE","https://www.alarabiya.net/","COMMUNITY","iptv-org public index, publicly listed free stream (verify broadcaster-official before promote)","iptv-org; categories=news; quality=1080p","medium","1320"
"Live TV","News","Aleph News (Aleph News)","https://stream-aleph.m.ro/Aleph/ngrp:Alephnewsmain.stream_all/playlist.m3u8","VIDEO","HLS","m3u8","","true","true","","RO","https://alephnews.ro/","COMMUNITY","iptv-org public index, publicly listed free stream (verify broadcaster-official before promote)","iptv-org; categories=news; quality=720p","medium","1321"
"Live TV","News","Alert TV (Alert)","https://itv.streams.ovh/ALEERT/ALEERT/playlist.m3u8","VIDEO","HLS","m3u8","","true","true","","GR","https://www.alerttv.com.gr/epikoinonia/","COMMUNITY","iptv-org public index, publicly listed free stream (verify broadcaster-official before promote)","iptv-org; categories=news; quality=576p","medium",""
"Live TV","News","Altaghier TV (Altaghier TV)","https://jmc-live.ercdn.net/altaghier/altaghier.m3u8","VIDEO","HLS","m3u8","","true","true","","JO","https://altaghier.tv/","COMMUNITY","iptv-org public index, publicly listed free stream (verify broadcaster-official before promote)","iptv-org; categories=news; quality=1080p","medium","1322"
"Live TV","News","ALWifak News TV (ALWifak News TV)","http://alwifaklive.info:1935/live/myStream/playlist.m3u8","VIDEO","HLS","m3u8","","true","false","","LB","https://www.alwifaknews.com/alwifaknewstv","COMMUNITY","iptv-org public index, publicly listed free stream (verify broadcaster-official before promote)","iptv-org; categories=news; quality=720p","medium","1323"
"Live TV","News","America's Voice (America's Voice)","https://content.uplynk.com/channel/26bd482ffe364a1282bc3df28bd3c21f.m3u8","VIDEO","HLS","m3u8","","true","true","","US","https://americasvoice.org/","COMMUNITY","iptv-org public index, publicly listed free stream (verify broadcaster-official before promote)","iptv-org; categories=news; quality=720p","medium","1324"
"Live TV","News","Anshun Comprehensive News Channel (Anshun Comprehensive News Channel)","https://hplayer1.juyun.tv/camera/154379194.m3u8","VIDEO","HLS","m3u8","","true","true","","CN","http://www.gzastv.com/live/live.shtml","COMMUNITY","iptv-org public index, publicly listed free stream (verify broadcaster-official before promote)","iptv-org; categories=news; quality=","medium",""
"Live TV","News","APA Tv (APA Tv)","http://stream.apa.tv/apastream/index.m3u8","VIDEO","HLS","m3u8","","true","false","","AZ","https://apa.tv/","COMMUNITY","iptv-org public index, publicly listed free stream (verify broadcaster-official before promote)","iptv-org; categories=news; quality=1080p","medium","1325"
"Live TV","News","ARB 24 (ARB 24)","https://raw.githubusercontent.com/UzunMuhalefet/streams/main/myvideo-az/arb-24.m3u8","VIDEO","HLS","m3u8","","true","true","","AZ","http://arb24.az/","COMMUNITY","iptv-org public index, publicly listed free stream (verify broadcaster-official before promote)","iptv-org; categories=news; quality=","medium",""
"Live TV","News","Army TV (Army TV)","https://api-tv.ipnet.ua/api/v1/manifest/2118742632.m3u8","VIDEO","HLS","m3u8","","true","true","","UA","http://armyfm.com.ua/","COMMUNITY","iptv-org public index, publicly listed free stream (verify broadcaster-official before promote)","iptv-org; categories=news; quality=1080p","medium","1326"
"Live TV","News","Astrahan 24 (Астрахань 24)","https://streaming.astrakhan.ru/astrakhan24/playlist.m3u8","VIDEO","HLS","m3u8","","true","true","","RU","https://cdn.astrakhan-24.ru/","COMMUNITY","iptv-org public index, publicly listed free stream (verify broadcaster-official before promote)","iptv-org; categories=news; quality=720p","medium",""
"Live TV","News","ATN News (ATN News)","https://bozztv.com/rongo/rongo-ATNNews/index.m3u8","VIDEO","HLS","m3u8","","true","true","","BD","https://www.atnnewstv.com/","COMMUNITY","iptv-org public index, publicly listed free stream (verify broadcaster-official before promote)","iptv-org; categories=news; quality=1080p","medium","1327"
"Live TV","News","Baku.TV (Baku TV)","https://raw.githubusercontent.com/UzunMuhalefet/streams/refs/heads/main/myvideo-az/baku-tv.m3u8","VIDEO","HLS","m3u8","","true","true","","AZ","https://baku.tv/","COMMUNITY","iptv-org public index, publicly listed free stream (verify broadcaster-official before promote)","iptv-org; categories=news; quality=720p","medium","1328"
"Live TV","News","Baraka Television (Baraka Television)","https://stream.berosat.live:19360/baraka-hd/baraka-hd.m3u8","VIDEO","HLS","m3u8","","true","true","","CD","","COMMUNITY","iptv-org public index, publicly listed free stream (verify broadcaster-official before promote)","iptv-org; categories=news; quality=720p","medium",""
"Live TV","News","BBC Arabic (BBC Arabic)","https://vs-cmaf-pushb-ww-live.akamaized.net/x=4/i=urn:bbc:pips:service:bbc_arabic_tv/pc_hd_abr_v2.mpd","VIDEO","DASH","mpd","","true","true","","UK","https://www.bbc.com/arabic","COMMUNITY","iptv-org public index, publicly listed free stream (verify broadcaster-official before promote)","iptv-org; categories=news; quality=720p","medium","1329"
"Live TV","News","BBC News (BBC News)","https://vs-cmaf-push-ww-live.akamaized.net/x=4/i=urn:bbc:pips:service:bbc_news_channel_hd/iptv_hd_abr_v1.mpd","VIDEO","DASH","mpd","","true","true","","UK","https://www.bbc.co.uk/tv/bbcnews","COMMUNITY","iptv-org public index, publicly listed free stream (verify broadcaster-official before promote)","iptv-org; categories=news; quality=720p","medium","1330"
"Live TV","News","BBC Persian (BBC Persian)","https://vs-cmaf-pushb-ww-live.akamaized.net/x=4/i=urn:bbc:pips:service:bbc_persian_tv/pc_hd_abr_v2.mpd","VIDEO","DASH","mpd","","true","true","","UK","https://www.bbc.com/persian","COMMUNITY","iptv-org public index, publicly listed free stream (verify broadcaster-official before promote)","iptv-org; categories=news; quality=720p","medium","1331"
"Live TV","News","BEK News (BEK TV News)","https://cdn3.wowza.com/5/ZWQ1K2NYTmpFbGsr/BEK-WOWZA-1/smil:BEKPRIMEeast.smil/playlist.m3u8","VIDEO","HLS","m3u8","","true","true","","US","https://www.bek.tv/","COMMUNITY","iptv-org public index, publicly listed free stream (verify broadcaster-official before promote)","iptv-org; categories=news; quality=720p","medium",""
"Live TV","News","Belarus-24 (Belarus-24 HD)","http://178.124.179.122:8080/Belarus24/index.m3u8","VIDEO","HLS","m3u8","","true","false","","BY","https://belarus24.by/","COMMUNITY","iptv-org public index, publicly listed free stream (verify broadcaster-official before promote)","iptv-org; categories=news; quality=1080p","medium","1332"
"Live TV","News","BFM Lyon (BFM Lyon)","https://live-cdn-bfmtvlyo-euw1.bfmtv.bct.nextradiotv.com/master.m3u8","VIDEO","HLS","m3u8","","true","true","","FR","https://www.bfmtv.com/lyon/","COMMUNITY","iptv-org public index, publicly listed free stream (verify broadcaster-official before promote)","iptv-org; categories=news; quality=576p","medium","1333"
"Live TV","News","BFM TV (BFM TV)","https://live-cdn-stream-euw1.bfmtv.bct.nextradiotv.com/master.m3u8","VIDEO","HLS","m3u8","","true","true","","FR","https://www.bfmtv.com/","COMMUNITY","iptv-org public index, publicly listed free stream (verify broadcaster-official before promote)","iptv-org; categories=news; quality=576p","medium","1334"
"Live TV","News","BFM2 (BFM2)","https://d1ib1gsg71oarf.cloudfront.net/v1/master/3722c60a815c199d9c0ef36c5b73da68a62b09d1/cc-scp7wda722jph/BFM2_FR.m3u8","VIDEO","HLS","m3u8","","true","true","","FR","https://www.bfmtv.com/en-direct/bfm2/","COMMUNITY","iptv-org public index, publicly listed free stream (verify broadcaster-official before promote)","iptv-org; categories=news; quality=1080p","medium","1335"
"Live TV","News","Black News Channel (Black News Channel)","https://blacknewschannel-vizio.amagi.tv/playlist.m3u8","VIDEO","HLS","m3u8","","true","true","","US","","COMMUNITY","iptv-org public index, publicly listed free stream (verify broadcaster-official before promote)","iptv-org; categories=news; quality=720p","medium",""
"Live TV","News","Brian TV (Brian TV)","https://livefta.malimarcdn.com/ftaedge00/briantv.sdp/playlist.m3u8","VIDEO","HLS","m3u8","","true","true","","LA","","COMMUNITY","iptv-org public index, publicly listed free stream (verify broadcaster-official before promote)","iptv-org; categories=news; quality=720p","medium",""
"Live TV","News","C9N (C9N)","https://alba-py-c9n-c9n.stream.mediatiquestream.com/index.m3u8","VIDEO","HLS","m3u8","","true","true","","PY","https://www.c9n.com.py/","COMMUNITY","iptv-org public index, publicly listed free stream (verify broadcaster-official before promote)","iptv-org; categories=news; quality=1080p","medium","1336"
"Live TV","News","Canal I (Canal I)","https://streaming.canal-i.com/canal-i/live/master.m3u8","VIDEO","HLS","m3u8","","true","true","","VE","http://canal-i.com/","COMMUNITY","iptv-org public index, publicly listed free stream (verify broadcaster-official before promote)","iptv-org; categories=news; quality=1080p","medium","1337"
"Live TV","News","Canal PyC (Canal PyC)","https://live20.bozztv.com/akamaissh101/ssh101/pyctelevision/playlist.m3u8","VIDEO","HLS","m3u8","","true","true","","CO","https://canalpyc.com/","COMMUNITY","iptv-org public index, publicly listed free stream (verify broadcaster-official before promote)","iptv-org; categories=news; quality=720p","medium","1338"
"Live TV","News","Canal Sur Noticias (Canal Sur Noticias)","https://cdnlive.codev8.net/rtvalive/smil:channel42.smil/playlist.m3u8","VIDEO","HLS","m3u8","","true","true","","ES","","COMMUNITY","iptv-org public index, publicly listed free stream (verify broadcaster-official before promote)","iptv-org; categories=news|public; quality=","medium",""
"Live TV","News","Carivision (Carivision)","https://ss2.tvrdomi.com:1936/carivision/carivision/playlist.m3u8","VIDEO","HLS","m3u8","","true","true","","DO","http://carivision.online/","COMMUNITY","iptv-org public index, publicly listed free stream (verify broadcaster-official before promote)","iptv-org; categories=news; quality=1080p","medium","1339"
"Live TV","News","CBS News Baltimore (CBS News Baltimore)","https://lineup.cbsivideo.com/playout/8877a7d5-b094-4ac8-bc72-75a5fed68e5b/index.m3u8","VIDEO","HLS","m3u8","","true","true","","US","https://pluto.tv/en/live-tv/cbs-news-baltimore","COMMUNITY","iptv-org public index, publicly listed free stream (verify broadcaster-official before promote)","iptv-org; categories=news; quality=720p","medium",""
"Live TV","News","CBS News Miami (CBS News Miami)","https://cbsn-mia.cbsnstream.cbsnews.com/out/v1/ac174b7938264d24ae27e56f6584bca0/master.m3u8","VIDEO","HLS","m3u8","","true","true","","US","https://pluto.tv/en/live-tv/cbs-news-miami","COMMUNITY","iptv-org public index, publicly listed free stream (verify broadcaster-official before promote)","iptv-org; categories=news; quality=720p","medium",""
"Live TV","News","CBS News Sacramento (CBS News Sacramento)","https://lineup.cbsivideo.com/playout/c1ed69db-6b71-4581-a937-a70ab4089f8a/index.m3u8","VIDEO","HLS","m3u8","","true","true","","US","https://pluto.tv/en/live-tv/cbs-news-sacramento","COMMUNITY","iptv-org public index, publicly listed free stream (verify broadcaster-official before promote)","iptv-org; categories=news; quality=720p","medium",""
"Live TV","News","CCTV-13 (CCTV-13)","http://go.bkpcp.top/mg/cctv13","VIDEO","ICECAST","","","true","false","","CN","http://tv.cctv.com/cctv13/","COMMUNITY","iptv-org public index, publicly listed free stream (verify broadcaster-official before promote)","iptv-org; categories=news; quality=1080p","medium","1340"
"Live TV","News","CCTV+ 1 (CCTV+ 1)","https://cd-live-stream.news.cctvplus.com/live/smil:CHANNEL1.smil/playlist.m3u8","VIDEO","HLS","m3u8","","true","true","","CN","https://www.cctvplus.com/","COMMUNITY","iptv-org public index, publicly listed free stream (verify broadcaster-official before promote)","iptv-org; categories=news; quality=600p","medium","1341"
"Live TV","News","CCTV+ 2 (CCTV+ 2)","https://cd-live-stream.news.cctvplus.com/live/smil:CHANNEL2.smil/playlist.m3u8","VIDEO","HLS","m3u8","","true","true","","CN","https://www.cctvplus.com/","COMMUNITY","iptv-org public index, publicly listed free stream (verify broadcaster-official before promote)","iptv-org; categories=news; quality=600p","medium","1342"
"Live TV","News","CEACOM TV (CEACOM TV)","https://eu1.servers10.com:8081/ceacom/index.m3u8","VIDEO","HLS","m3u8","","true","true","","BO","https://www.ceacomtv.com","COMMUNITY","iptv-org public index, publicly listed free stream (verify broadcaster-official before promote)","iptv-org; categories=news|lifestyle|music|general; quality=1080p","medium",""
"Live TV","News","CGTN (CGTN)","https://amg00405-rakutentv-cgtn-rakuten-i9tar.amagi.tv/master.m3u8","VIDEO","HLS","m3u8","","true","true","","CN","https://www.cgtn.com/tv","COMMUNITY","iptv-org public index, publicly listed free stream (verify broadcaster-official before promote)","iptv-org; categories=news; quality=1080p","medium","1343"
"Live TV","News","CGTN Arabic (CGTN Arabic)","https://arabic-livews.cgtn.com/hls/LSveq57bErWLinBnxosqjisZ220802LSTefTAS9zc9mpU08y3np9TH220802cd/playlist.m3u8","VIDEO","HLS","m3u8","","true","true","","CN","https://arabic.cgtn.com/","COMMUNITY","iptv-org public index, publicly listed free stream (verify broadcaster-official before promote)","iptv-org; categories=news; quality=1080p","medium","1344"
"Live TV","News","CGTN French (CGTN Français)","https://francais-livews.cgtn.com/hls/LSvev95OuFZtKLc6CeKEFYXj220802LSTeV6PO0Ut9r71Uq3k5goCA220802cd/playlist.m3u8","VIDEO","HLS","m3u8","","true","true","","CN","https://francais.cgtn.com/","COMMUNITY","iptv-org public index, publicly listed free stream (verify broadcaster-official before promote)","iptv-org; categories=news; quality=1080p","medium","1345"
"Live TV","News","CGTN Russian (CGTN Русский)","https://russian-livews.cgtn.com/hls/LSvexABhNipibK5KRuUkvHZ7220802LSTeze9o8tdFXMHsb1VosgoT220802cd/playlist.m3u8","VIDEO","HLS","m3u8","","true","true","","CN","https://russian.cgtn.com/","COMMUNITY","iptv-org public index, publicly listed free stream (verify broadcaster-official before promote)","iptv-org; categories=news; quality=1080p","medium","1346"
"Live TV","News","CGTN Spanish (CGTN Español)","https://espanol-livews.cgtn.com/hls/LSveOGBaBw41Ea7ukkVAUdKQ220802LSTexu6xAuFH8VZNBLE1ZNEa220802cd/playlist.m3u8","VIDEO","HLS","m3u8","","true","true","","CN","https://espanol.cgtn.com/","COMMUNITY","iptv-org public index, publicly listed free stream (verify broadcaster-official before promote)","iptv-org; categories=news; quality=1080p","medium","1347"
"Live TV","News","Channel 24 (Channel 24)","https://bozztv.com/rongo/rongo-Channel24HD/index.m3u8","VIDEO","HLS","m3u8","","true","true","","BD","https://www.channel24bd.tv/","COMMUNITY","iptv-org public index, publicly listed free stream (verify broadcaster-official before promote)","iptv-org; categories=news; quality=1080p","medium",""
"Live TV","News","Channel 5 (Channel 5)","https://api-tv.ipnet.ua/api/v1/manifest/2118742539.m3u8","VIDEO","HLS","m3u8","","true","true","","UA","http://5.ua/","COMMUNITY","iptv-org public index, publicly listed free stream (verify broadcaster-official before promote)","iptv-org; categories=news; quality=1080p","medium","1348"
"Live TV","News","Channel Y (Channel Y)","http://cdn19.live247stream.com/channely/tv/playlist.m3u8","VIDEO","HLS","m3u8","","true","false","","CA","http://southasiandaily.com/","COMMUNITY","iptv-org public index, publicly listed free stream (verify broadcaster-official before promote)","iptv-org; categories=news; quality=720p","medium","1349"
"Live TV","News","Cheddar News (Cheddar News)","https://wurlcheddar.global.transmit.live/hls/689ceac9301c34d3919676f3/v1/Cheddar/samsung_us/latest/main/hls/playlist.m3u8","VIDEO","HLS","m3u8","","true","true","","US","https://cheddar.com/","COMMUNITY","iptv-org public index, publicly listed free stream (verify broadcaster-official before promote)","iptv-org; categories=news; quality=1080p","medium","1350"
"Live TV","News","Chifeng Comprehensive News Chanel (Chifeng Comprehensive News Chanel)","http://play1-qk.nmtv.cn/live/1735546697341033.m3u8","VIDEO","HLS","m3u8","","true","false","","CN","http://www.cfrtv.cn/folder67/folder87/","COMMUNITY","iptv-org public index, publicly listed free stream (verify broadcaster-official before promote)","iptv-org; categories=news; quality=","medium",""
"Live TV","News","Citrico TV (Citrico TV)","https://edge.essastream.com/citricotv/playlist.m3u8","VIDEO","HLS","m3u8","","true","true","","DO","https://citricotv.com/","COMMUNITY","iptv-org public index, publicly listed free stream (verify broadcaster-official before promote)","iptv-org; categories=news; quality=480p","medium","1351"
"Live TV","News","CityNews Calgary (CityNews Calgary)","https://citynewsregional.akamaized.net/hls/live/1024053/Regional_Live_8/master.m3u8","VIDEO","HLS","m3u8","","true","true","","CA","https://calgary.citynews.ca/video/","COMMUNITY","iptv-org public index, publicly listed free stream (verify broadcaster-official before promote)","iptv-org; categories=news; quality=720p","medium","1352"
"Live TV","News","CityNews Edmonton (CityNews Edmonton)","https://citynewsregional.akamaized.net/hls/live/1024053/Regional_Live_8/Video-2Mbps.m3u8","VIDEO","HLS","m3u8","","true","true","","CA","https://edmonton.citynews.ca/video/","COMMUNITY","iptv-org public index, publicly listed free stream (verify broadcaster-official before promote)","iptv-org; categories=news; quality=","medium","1353"
"Live TV","News","CityNews Toronto (CityNews Toronto)","https://citynewsregional.akamaized.net/hls/live/1024052/Regional_Live_7/master.m3u8","VIDEO","HLS","m3u8","","true","true","","CA","https://toronto.citynews.ca/video/","COMMUNITY","iptv-org public index, publicly listed free stream (verify broadcaster-official before promote)","iptv-org; categories=news; quality=720p","medium","1354"
"Live TV","News","CityNews Vancouver (CityNews Vancouver)","https://citynewsregional.akamaized.net/hls/live/1024054/Regional_Live_9/master.m3u8","VIDEO","HLS","m3u8","","true","true","","CA","https://vancouver.citynews.ca/video/","COMMUNITY","iptv-org public index, publicly listed free stream (verify broadcaster-official before promote)","iptv-org; categories=news; quality=720p","medium","1355"
"Live TV","News","CN3 Television (CN3 Television)","https://edge.enhdtv.com/cn3/index.m3u8","VIDEO","HLS","m3u8","","true","true","","BO","https://cn3.tv.bo/","COMMUNITY","iptv-org public index, publicly listed free stream (verify broadcaster-official before promote)","iptv-org; categories=news; quality=720p","medium","1356"
"Live TV","News","CNA (CNA)","https://live1.mediadesk.al/cnatvlive.m3u8","VIDEO","HLS","m3u8","","true","true","","AL","https://www.cna.al/","COMMUNITY","iptv-org public index, publicly listed free stream (verify broadcaster-official before promote)","iptv-org; categories=news; quality=1080p","medium","1357"
"Live TV","News","CNA (CNA)","https://d2e1asnsl7br7b.cloudfront.net/7782e205e72f43aeb4a48ec97f66ebbe/index.m3u8","VIDEO","HLS","m3u8","","true","true","","SG","https://www.channelnewsasia.com/","COMMUNITY","iptv-org public index, publicly listed free stream (verify broadcaster-official before promote)","iptv-org; categories=news; quality=1080p","medium","1358"
"Live TV","News","CNews (CNews)","https://raw.githubusercontent.com/LeBazarDeBryan/XTVZ_/main/Stream/Live/CNews.m3u8","VIDEO","HLS","m3u8","","true","true","","FR","https://www.cnews.fr/","COMMUNITY","iptv-org public index, publicly listed free stream (verify broadcaster-official before promote)","iptv-org; categories=news; quality=1080p","medium","1359"
"Live TV","News","Conecta2TV (Conecta2TV)","https://live.obslivestream.com/conecta2/index.m3u8","VIDEO","HLS","m3u8","","true","true","","PE","https://conecta2peru.com/","COMMUNITY","iptv-org public index, publicly listed free stream (verify broadcaster-official before promote)","iptv-org; categories=news; quality=720p","medium","1360"
"Live TV","News","Contivision (Contivision)","https://unlimited6-cl.dps.live/cm/cm.smil/playlist.m3u8","VIDEO","HLS","m3u8","","true","true","","CL","http://w.contivision.cl/cvn/","COMMUNITY","iptv-org public index, publicly listed free stream (verify broadcaster-official before promote)","iptv-org; categories=news; quality=720p","medium",""
"Live TV","News","Corfu Channel (Corfu Channel)","https://itv.streams.ovh:1936/corfuchannel/corfuchannel/playlist.m3u8","VIDEO","HLS","m3u8","","true","true","","GR","https://corfuchannel.com/","COMMUNITY","iptv-org public index, publicly listed free stream (verify broadcaster-official before promote)","iptv-org; categories=news; quality=720p","medium","1361"
"Live TV","News","Crimea 24 (Крым 24)","https://cdn.1tvcrimea.ru/24tvcrimea.m3u8","VIDEO","HLS","m3u8","","true","true","","RU","https://crimea24tv.ru/","COMMUNITY","iptv-org public index, publicly listed free stream (verify broadcaster-official before promote)","iptv-org; categories=news; quality=","medium","1362"
"Live TV","News","CT24 (ČT24)","http://88.212.15.19/live/test_ct24_hevc/playlist.m3u8","VIDEO","HLS","m3u8","","true","false","","CZ","https://ct24.ceskatelevize.cz/","COMMUNITY","iptv-org public index, publicly listed free stream (verify broadcaster-official before promote)","iptv-org; categories=news; quality=1080p","medium","1363"
"Live TV","News","Dabanga TV (Dabanga TV)","https://hls.dabangasudan.org/hls/stream.m3u8","VIDEO","HLS","m3u8","","true","true","","SD","https://www.dabangasudan.org/","COMMUNITY","iptv-org public index, publicly listed free stream (verify broadcaster-official before promote)","iptv-org; categories=news|education; quality=1080p","medium","1364"
"Live TV","News","De Ultimo Minuto TV (De Ultimo Minuto TV)","https://soportedvb.click:3620/live/deultimominutomedialive.m3u8","VIDEO","HLS","m3u8","","true","true","","DO","https://deultimominuto.net/","COMMUNITY","iptv-org public index, publicly listed free stream (verify broadcaster-official before promote)","iptv-org; categories=news; quality=","medium","1365"
"Live TV","News","Desh TV (Desh TV)","https://bozztv.com/rongo/rongo-DeshTV/index.m3u8","VIDEO","HLS","m3u8","","true","true","","BD","https://www.desh.tv/","COMMUNITY","iptv-org public index, publicly listed free stream (verify broadcaster-official before promote)","iptv-org; categories=news; quality=1080p","medium","1366"
"Live TV","News","Didgah TV (Didgah TV)","https://media.streambrothers.com:1936/8276/8276/playlist.m3u8","VIDEO","HLS","m3u8","","true","true","","US","https://www.didgah.tv/","COMMUNITY","iptv-org public index, publicly listed free stream (verify broadcaster-official before promote)","iptv-org; categories=news; quality=576p","medium","1367"
"Live TV","News","Digi 24 (Digi 24)","https://edge-ar.rcs-rds.ro/digi24ar/index.m3u8","VIDEO","HLS","m3u8","","true","true","","RO","https://www.digi24.ro/","COMMUNITY","iptv-org public index, publicly listed free stream (verify broadcaster-official before promote)","iptv-org; categories=news; quality=720p","medium","1368"
"Live TV","News","Dong Nai TV 1 (Đồng Nai 1)","http://118.107.85.4:1935/live/smil:DNTV1.smil/chunklist.m3u8","VIDEO","HLS","m3u8","","true","false","","VN","http://dnrtv.org.vn/","COMMUNITY","iptv-org public index, publicly listed free stream (verify broadcaster-official before promote)","iptv-org; categories=news|general; quality=480p","medium","1369"
"Live TV","News","Dotto TV (Dotto TV)","https://live.dottotv.ro/index.m3u8","VIDEO","HLS","m3u8","","true","true","","RO","https://dottotv.ro/","COMMUNITY","iptv-org public index, publicly listed free stream (verify broadcaster-official before promote)","iptv-org; categories=news; quality=1080p","medium","1370"
"Live TV","News","Dunya News (Dunya News (INT Feed))","https://imob.dunyanews.tv/livehd/ngrp:dunyalivehd_2_all/playlist.m3u8","VIDEO","HLS","m3u8","","true","true","","PK","https://dunyanews.tv/live/","COMMUNITY","iptv-org public index, publicly listed free stream (verify broadcaster-official before promote)","iptv-org; categories=news; quality=720p","medium","1371"
"Live TV","News","Dunya News UK (Dunya News (UK Feed))","https://ukintl.dunyanews.tv/liveuk/ngrp:dunyalive_all/playlist.m3u8","VIDEO","HLS","m3u8","","true","true","","UK","https://dunyanews.tv/","COMMUNITY","iptv-org public index, publicly listed free stream (verify broadcaster-official before promote)","iptv-org; categories=news; quality=720p","medium","1372"
"Live TV","News","DVB TV (DVB TV)","https://live-stream.dvb.no/hls/stream_src/index.m3u8","VIDEO","HLS","m3u8","","true","true","","MM","https://burmese.dvb.no/","COMMUNITY","iptv-org public index, publicly listed free stream (verify broadcaster-official before promote)","iptv-org; categories=news; quality=720p","medium","1373"
"Live TV","News","Ecotel TV (Ecotel TV)","https://ecoteltv.streamseguro.com:5443/LiveApp/streams/streaming.m3u8","VIDEO","HLS","m3u8","","true","true","","EC","https://www.ecotel.tv/","COMMUNITY","iptv-org public index, publicly listed free stream (verify broadcaster-official before promote)","iptv-org; categories=news; quality=720p","medium",""
"Live TV","News","Egnatia TV (Egnatia TV)","https://video.streams.ovh:1936/egnatiatv/egnatiatv/index.m3u8","VIDEO","HLS","m3u8","","true","true","","GR","https://www.egnatia.tv/","COMMUNITY","iptv-org public index, publicly listed free stream (verify broadcaster-official before promote)","iptv-org; categories=news; quality=576p","medium",""
"Live TV","News","El Centro TV (El Centro TV)","https://v1.tustreaming.cl/diarioelcentrotv/index.m3u8","VIDEO","HLS","m3u8","","true","true","","CL","https://www.diarioelcentro.cl/centro-tv/","COMMUNITY","iptv-org public index, publicly listed free stream (verify broadcaster-official before promote)","iptv-org; categories=news; quality=720p","medium","1374"
"Live TV","News","Entertainment Tonight (Entertainment Tonight)","https://enterbcef94b.airspace-cdn.cbsivideo.com/master.m3u8","VIDEO","HLS","m3u8","","true","true","","US","https://www.etonline.com/contact","COMMUNITY","iptv-org public index, publicly listed free stream (verify broadcaster-official before promote)","iptv-org; categories=news|entertainment; quality=1080p","medium","1375"
"Live TV","News","ERT News (ERT News HD)","https://ert-ucdn.broadpeak-aas.com/bpk-tv/ERTNews/default/index.m3u8","VIDEO","HLS","m3u8","","true","true","","GR","https://www.ertnews.gr/","COMMUNITY","iptv-org public index, publicly listed free stream (verify broadcaster-official before promote)","iptv-org; categories=news; quality=1080p","medium","1376"
"Live TV","News","Espreso TV (Espreso TV)","https://dash4.antik.sk/live/test_espresso/playlist.m3u8","VIDEO","HLS","m3u8","","true","true","","UA","https://espreso.tv/","COMMUNITY","iptv-org public index, publicly listed free stream (verify broadcaster-official before promote)","iptv-org; categories=news; quality=","medium","1377"
"Live TV","News","Estrella News (Estrella News)","https://estrella-news-oando.amagi.tv/playlist.m3u8","VIDEO","HLS","m3u8","","true","true","","US","https://estrellatv.com/live/estrella-news/","COMMUNITY","iptv-org public index, publicly listed free stream (verify broadcaster-official before promote)","iptv-org; categories=news; quality=1080p","medium","1378"
"Live TV","News","Etna Espresso Channel (Etna Espresso Channel)","https://5db313b643fd8.streamlock.net/Etnachannelponte/Etnachannelponte/playlist.m3u8","VIDEO","HLS","m3u8","","true","true","","IT","https://www.radioetnaespresso.com/","COMMUNITY","iptv-org public index, publicly listed free stream (verify broadcaster-official before promote)","iptv-org; categories=news; quality=720p","medium","1379"
"Live TV","Pop","13 Festival (13 Festival)","https://origin.dpsgo.com/ssai/event/Nftd0fM2SXasfDlRphvUsg/master.m3u8","VIDEO","HLS","m3u8","","true","true","","CL","https://www.13go.cl/","COMMUNITY","iptv-org public index, publicly listed free stream (verify broadcaster-official before promote)","iptv-org; categories=music; quality=1080p","medium","1380"
"Live TV","Pop","15+ Music (15+ Music)","https://live.15plusmg.ru/memfs/ce3366b1-bf25-4e24-96bb-1adf0d44bd3d.m3u8","VIDEO","HLS","m3u8","","true","true","","RU","https://15plusmg.ru","COMMUNITY","iptv-org public index, publicly listed free stream (verify broadcaster-official before promote)","iptv-org; categories=music; quality=1080p","medium",""
"Live TV","Pop","30A Music (30A Music)","https://30a-tv.com/music.m3u8","VIDEO","HLS","m3u8","","true","true","","US","https://30a.com/music/","COMMUNITY","iptv-org public index, publicly listed free stream (verify broadcaster-official before promote)","iptv-org; categories=music; quality=720p","medium","1381"
"Live TV","Pop","3ABN Praise Him Music Network (3ABN Praise Him Music Network)","https://3abn.bozztv.com/3abn1/PraiseHim/smil:PraiseHim.smil/playlist.m3u8","VIDEO","HLS","m3u8","","true","true","","US","https://www.3abnpraisehim.tv/","COMMUNITY","iptv-org public index, publicly listed free stream (verify broadcaster-official before promote)","iptv-org; categories=music|religious; quality=","medium","1382"
"Live TV","Pop","4 Music (Persiana Music)","https://musichls.persiana.live/hls/stream.m3u8","VIDEO","HLS","m3u8","","true","true","","FR","https://4music.persiana.live/","COMMUNITY","iptv-org public index, publicly listed free stream (verify broadcaster-official before promote)","iptv-org; categories=music; quality=","medium",""
"Live TV","Pop","4Kurd (4 Kurd)","https://4kuhls.persiana.live/hls/stream.m3u8","VIDEO","HLS","m3u8","","true","true","","FR","https://4kurd.persiana.live/","COMMUNITY","iptv-org public index, publicly listed free stream (verify broadcaster-official before promote)","iptv-org; categories=music; quality=","medium",""
"Live TV","Pop","51 Radio TV (51 Radio TV)","http://wms.shared.streamshow.it/canale51/canale51/playlist.m3u8","VIDEO","HLS","m3u8","","true","false","","IT","https://www.51news.it/index.php","COMMUNITY","iptv-org public index, publicly listed free stream (verify broadcaster-official before promote)","iptv-org; categories=music; quality=480p","medium","1383"
"Live TV","Pop","7 RadioVisione (7 RadioVisione)","https://stream10.xdevel.com/video1s976543-1932/stream/playlist.m3u8","VIDEO","HLS","m3u8","","true","true","","IT","https://radio7note.com/","COMMUNITY","iptv-org public index, publicly listed free stream (verify broadcaster-official before promote)","iptv-org; categories=music; quality=720p","medium",""
"Live TV","Pop","7 YOU & ME (7 YOU & ME)","https://stream10.xdevel.com/video0s977798-2239/stream/playlist.m3u8","VIDEO","HLS","m3u8","","true","true","","IT","https://radioyoume.com","COMMUNITY","iptv-org public index, publicly listed free stream (verify broadcaster-official before promote)","iptv-org; categories=music; quality=720p","medium","1384"
"Live TV","Pop","70-80 TV (70-80 TV (1080P))","https://585b674743bbb.streamlock.net/9050/9050/playlist.m3u8","VIDEO","HLS","m3u8","","true","true","","IT","https://www.70-80.it/tv-player/","COMMUNITY","iptv-org public index, publicly listed free stream (verify broadcaster-official before promote)","iptv-org; categories=music; quality=","medium","1385"
"Live TV","Pop","88 Stereo (88 Stereo)","http://k3.usastreams.com/CableLatino/88stereo/playlist.m3u8","VIDEO","HLS","m3u8","","true","false","","CR","http://www.88stereo.com/","COMMUNITY","iptv-org public index, publicly listed free stream (verify broadcaster-official before promote)","iptv-org; categories=music; quality=720p","medium","1386"
"Live TV","Pop","98.1 Pearl FM (98.1 Pearl FM)","https://live2.tensila.com/pearl-v-1.pearlfm/hls/live/mystream.m3u8","VIDEO","HLS","m3u8","","true","true","","SX","http://pearlfmradio.sx/","COMMUNITY","iptv-org public index, publicly listed free stream (verify broadcaster-official before promote)","iptv-org; categories=music; quality=720p","medium","1387"
"Live TV","Pop","A2i Music (A2i Music)","https://stream.sen-gt.com/A2iMusic/myStream/playlist.m3u8","VIDEO","HLS","m3u8","","true","true","","SN","https://www.a2itv.net/","COMMUNITY","iptv-org public index, publicly listed free stream (verify broadcaster-official before promote)","iptv-org; categories=music; quality=720p","medium","1388"
"Live TV","Pop","Activa TV (Activa TV)","https://streamtv.mediasector.es/hls/activatv/index.m3u8","VIDEO","HLS","m3u8","","true","true","","ES","","COMMUNITY","iptv-org public index, publicly listed free stream (verify broadcaster-official before promote)","iptv-org; categories=music; quality=720p","medium",""
"Live TV","Pop","AE Radio TV (AE Radio TV)","https://tls-cl.cdnz.cl/aeradio/live/playlist.m3u8","VIDEO","HLS","m3u8","","true","true","","CL","https://www.aeradio.cl/","COMMUNITY","iptv-org public index, publicly listed free stream (verify broadcaster-official before promote)","iptv-org; categories=music; quality=720p","medium","1389"
"Live TV","Pop","AFN TV (AFN TV)","https://bozztv.com/1gbw5/tintv2/tintv2/playlist.m3u8","VIDEO","HLS","m3u8","","true","true","","IR","","COMMUNITY","iptv-org public index, publicly listed free stream (verify broadcaster-official before promote)","iptv-org; categories=music; quality=","medium",""
"Live TV","Pop","Afrobeat TV Entertainment (Afrobeats)","https://stream.ecable.tv/afrobeats/index.m3u8","VIDEO","HLS","m3u8","","true","true","","UK","","COMMUNITY","iptv-org public index, publicly listed free stream (verify broadcaster-official before promote)","iptv-org; categories=music; quality=1080p","medium",""
"Live TV","Pop","Aghani Aghani TV (Aghani Aghani TV)","https://cdn.streamlane.tv/hls/aghanitv/index.m3u8","VIDEO","HLS","m3u8","","true","true","","LB","https://aghaniaghani.com/","COMMUNITY","iptv-org public index, publicly listed free stream (verify broadcaster-official before promote)","iptv-org; categories=music; quality=1080p","medium","1390"
"Live TV","Pop","AlbKanale Music TV (AlbKanale Music TV)","https://albportal.net/albkanalemusic.m3u8","VIDEO","HLS","m3u8","","true","true","","AL","https://albportal.net/","COMMUNITY","iptv-org public index, publicly listed free stream (verify broadcaster-official before promote)","iptv-org; categories=music; quality=1080p","medium","1391"
"Live TV","Pop","Andina RTV (Andina RTV)","https://live-evg8.tv360.bitel.com.pe/bitel/andinatvSRT/playlist.m3u8","VIDEO","HLS","m3u8","","true","true","","PE","https://andinartv.com/","COMMUNITY","iptv-org public index, publicly listed free stream (verify broadcaster-official before promote)","iptv-org; categories=music; quality=720p","medium","1392"
"Live TV","Pop","Apocalipsis TVD (Apocalipsis TVD)","https://us.streaminghd.cl/apocalipsistvd/video.m3u8","VIDEO","HLS","m3u8","","true","true","","CL","https://apocalipsis.vip/","COMMUNITY","iptv-org public index, publicly listed free stream (verify broadcaster-official before promote)","iptv-org; categories=music; quality=720p","medium","1393"
"Live TV","Pop","Arabica TV (Arabica TV)","http://istream.binarywaves.com:8081/hls/arabica/playlist.m3u8","VIDEO","HLS","m3u8","","true","false","","LB","https://www.arabicagroup.tv/","COMMUNITY","iptv-org public index, publicly listed free stream (verify broadcaster-official before promote)","iptv-org; categories=music; quality=720p","medium","1394"
"Live TV","Pop","ATN Music (ATN Music)","https://app.ncare.live/c3VydmVyX8RpbEU9Mi8xNy8yMDE0GIDU6RgzQ6NTAgdEoaeFzbF92YWxIZTO0U0ezN1IzMyfvcGVMZEJCTEFWeVN3PTOmdFsaWRtaW51aiPhnPTI/atnmusic.stream/playlist.m3u8","VIDEO","HLS","m3u8","","true","true","","BD","http://atnmusic.tv/","COMMUNITY","iptv-org public index, publicly listed free stream (verify broadcaster-official before promote)","iptv-org; categories=music; quality=360p","medium",""
"Live TV","Pop","Atomic Academy TV (Atomic Academy TV)","https://atomic.streamnet.ro/academia.m3u8","VIDEO","HLS","m3u8","","true","true","","RO","https://atomicacademytv.ro/","COMMUNITY","iptv-org public index, publicly listed free stream (verify broadcaster-official before promote)","iptv-org; categories=music; quality=480p","medium","1395"
"Live TV","Pop","Atomic TV (Atomic TV)","https://atomic.streamnet.ro/atomictv.m3u8","VIDEO","HLS","m3u8","","true","true","","RO","https://www.atomictv.ro/","COMMUNITY","iptv-org public index, publicly listed free stream (verify broadcaster-official before promote)","iptv-org; categories=music; quality=360p","medium","1396"
"Live TV","Pop","AXS TV (AXS TV)","http://23.239.31.26:8989/axstv/index.m3u8","VIDEO","HLS","m3u8","","true","false","","US","http://www.axs.tv/","COMMUNITY","iptv-org public index, publicly listed free stream (verify broadcaster-official before promote)","iptv-org; categories=music; quality=720p","medium","1397"
"Live TV","Pop","Baraza TV (Baraza TV)","https://eco.streams.ovh:8081/barazatv/tracks-v1a1/mono.m3u8","VIDEO","HLS","m3u8","","true","true","","GR","","COMMUNITY","iptv-org public index, publicly listed free stream (verify broadcaster-official before promote)","iptv-org; categories=music; quality=1080p","medium",""
"Live TV","Pop","Baraza TV Deep House (Baraza TV Deep House)","https://rtmp.streams.ovh:1936/barazarelax/barazazararelax/barazarelax/playlist.m3u8","VIDEO","HLS","m3u8","","true","true","","GR","https://barazaradio.com/","COMMUNITY","iptv-org public index, publicly listed free stream (verify broadcaster-official before promote)","iptv-org; categories=music; quality=720p","medium","1398"
"Live TV","Pop","Baraza TV Relaxing (Baraza TV Relaxing)","https://rtmp.streams.ovh:1936/barazarelax/barazarelax/playlist.m3u8","VIDEO","HLS","m3u8","","true","true","","GR","https://barazaradio.com/","COMMUNITY","iptv-org public index, publicly listed free stream (verify broadcaster-official before promote)","iptv-org; categories=music; quality=720p","medium","1399"
"Live TV","Pop","BEATTV (BE@TTV)","https://tv.beatfm.nl/live.m3u8","VIDEO","HLS","m3u8","","true","true","","NL","https://beatfm.nl/","COMMUNITY","iptv-org public index, publicly listed free stream (verify broadcaster-official before promote)","iptv-org; categories=music|entertainment; quality=1080p","medium","1400"
"Live TV","Pop","Bel RTL (Bel RTL)","https://bel-live-hls.akamaized.net/hls/live/2038650/BEL-Live-HLS/master.m3u8","VIDEO","HLS","m3u8","","true","true","","BE","https://www.belrtl.be/","COMMUNITY","iptv-org public index, publicly listed free stream (verify broadcaster-official before promote)","iptv-org; categories=music; quality=1080p","medium","1401"
"Live TV","Pop","Best of Dance TV (Best of Dance TV)","https://m1b2.worldcast.tv/dancetelevisionone/dancetelevisionone.m3u8","VIDEO","HLS","m3u8","","true","true","","EE","https://www.dancetv.net/live","COMMUNITY","iptv-org public index, publicly listed free stream (verify broadcaster-official before promote)","iptv-org; categories=music; quality=1080p","medium","1402"
"Live TV","Pop","Bibel TV Musik (Bibel TV Musik)","https://bibeltv03.iptv-playoutcenter.de/bibeltv03/bibeltv03.stream_1/playlist.m3u8","VIDEO","HLS","m3u8","","true","true","","DE","","COMMUNITY","iptv-org public index, publicly listed free stream (verify broadcaster-official before promote)","iptv-org; categories=music; quality=720p","medium",""
"Live TV","Pop","BIZ Music (BIZ Music)","https://fl.biztv.media/music_720_QAKpGmVUjaPApCNjpsgBxrdqNihAkl/index.m3u8","VIDEO","HLS","m3u8","","true","true","","UZ","","COMMUNITY","iptv-org public index, publicly listed free stream (verify broadcaster-official before promote)","iptv-org; categories=music; quality=1080p","medium",""
"Live TV","Pop","BPX TV Radio (BPX TV Radio)","https://video1.getstreamhosting.com:1936/8212/8212/playlist.m3u8","VIDEO","HLS","m3u8","","true","true","","US","https://haitibroadcasting.com/bpxtvradio/","COMMUNITY","iptv-org public index, publicly listed free stream (verify broadcaster-official before promote)","iptv-org; categories=music; quality=","medium","1403"
"Live TV","Pop","BRIDGE (BRIDGE)","http://31.148.48.15/Bridge_TV/index.m3u8","VIDEO","HLS","m3u8","","true","false","","RU","https://bridgetv.ru/show-player/","COMMUNITY","iptv-org public index, publicly listed free stream (verify broadcaster-official before promote)","iptv-org; categories=music; quality=576p","medium","1404"
"Live TV","Pop","BRIDGE Deluxe (BRIDGE Deluxe)","http://31.148.48.15/Bridge_TV_HD/index.m3u8","VIDEO","HLS","m3u8","","true","false","","RU","https://bridgetv.ru/brands/bridgehd/","COMMUNITY","iptv-org public index, publicly listed free stream (verify broadcaster-official before promote)","iptv-org; categories=music; quality=1080p","medium","1405"
"Live TV","Pop","BRIDGE Hits (BRIDGE Hits)","http://31.148.48.15/Bridge_TV_Dance/index.m3u8","VIDEO","HLS","m3u8","","true","false","","RU","https://bridgetv.ru/brands/bridgetv_dance/","COMMUNITY","iptv-org public index, publicly listed free stream (verify broadcaster-official before promote)","iptv-org; categories=music; quality=576p","medium","1406"
"Live TV","Pop","BTA TV (BTA TV)","https://cloud.fastchannel.es/manifiest/hls/prog9/btatv.m3u8","VIDEO","HLS","m3u8","","true","true","","VE","https://btatv.tv/","COMMUNITY","iptv-org public index, publicly listed free stream (verify broadcaster-official before promote)","iptv-org; categories=music; quality=720p","medium","1407"
"Live TV","Pop","Buenisima Radio TV (Buenisima Radio TV)","https://canal.mediaserver.com.co/live/buenisimatv.m3u8","VIDEO","HLS","m3u8","","true","true","","CO","https://canal.mediaserver.com.co/live/buenisimatv.m3u8","COMMUNITY","iptv-org public index, publicly listed free stream (verify broadcaster-official before promote)","iptv-org; categories=music; quality=","medium","1408"
"Live TV","Pop","Canal Clave (Canal Clave)","https://tv.picta.cu/clave/clave_0.m3u8","VIDEO","HLS","m3u8","","true","true","","CU","http://www.tvcubana.icrt.cu/cartelera-de-la-tv-cubana/canal-clave","COMMUNITY","iptv-org public index, publicly listed free stream (verify broadcaster-official before promote)","iptv-org; categories=music; quality=480p","medium","1409"
"Live TV","Pop","CCTV-15 (CCTV-15)","https://xykt-fix.github.io/play/a02e/index.m3u8","VIDEO","HLS","m3u8","","true","true","","CN","http://tv.cctv.com/cctv15/","COMMUNITY","iptv-org public index, publicly listed free stream (verify broadcaster-official before promote)","iptv-org; categories=music; quality=1080p","medium","1410"
"Live TV","Pop","Channel C (Channel C)","https://mini.allinonereborn.fun/tata.php?id=11588","VIDEO","ICECAST","","","true","true","","LK","http://www.channelc.lk/","COMMUNITY","iptv-org public index, publicly listed free stream (verify broadcaster-official before promote)","iptv-org; categories=music; quality=720p","medium","1411"
"Live TV","Pop","City Eden Birma Play (Сити Эдем Бирма Play)","https://cityeden.catcast.tv/content/34364/index.m3u8","VIDEO","HLS","m3u8","","true","true","","RU","https://www.cityeden.info/","COMMUNITY","iptv-org public index, publicly listed free stream (verify broadcaster-official before promote)","iptv-org; categories=music; quality=","medium","1412"
"Live TV","Pop","City Eden Classic Music (Сити Эдем Классическая Музыка)","https://cityeden.catcast.tv/content/47400/index.m3u8","VIDEO","HLS","m3u8","","true","true","","RU","https://www.cityeden.info/","COMMUNITY","iptv-org public index, publicly listed free stream (verify broadcaster-official before promote)","iptv-org; categories=music; quality=","medium","1413"
"Live TV","Pop","City Eden Play (Сити Эдем Play Христианский Музыкальный)","https://cityeden.catcast.tv/content/34100/index.m3u8","VIDEO","HLS","m3u8","","true","true","","RU","https://www.cityeden.info/","COMMUNITY","iptv-org public index, publicly listed free stream (verify broadcaster-official before promote)","iptv-org; categories=music; quality=","medium","1414"
"Live TV","Pop","City Eden Sirtaki TV (Сити Эдем Сиртаки ТВ)","https://cityeden.catcast.tv/content/46421/index.m3u8","VIDEO","HLS","m3u8","","true","true","","RU","https://www.cityeden.info/","COMMUNITY","iptv-org public index, publicly listed free stream (verify broadcaster-official before promote)","iptv-org; categories=music; quality=","medium","1415"
"Live TV","Pop","City TV (City TV)","https://tv.city.bg/play/tshls/citytv/index.m3u8","VIDEO","HLS","m3u8","","true","true","","BG","https://www.city.bg/","COMMUNITY","iptv-org public index, publicly listed free stream (verify broadcaster-official before promote)","iptv-org; categories=music; quality=576p","medium","1416"
"Live TV","Pop","CKNO-FM (Now TV 102.3FM Edmonton (CKNO-FM))","https://videostream.jpbgdigital.com/NOWTV.m3u8","VIDEO","HLS","m3u8","","true","true","","CA","https://www.1023nowradio.com/now-tv/","COMMUNITY","iptv-org public index, publicly listed free stream (verify broadcaster-official before promote)","iptv-org; categories=music; quality=616p","medium","1417"
"Live TV","Pop","Clubbing TV (Clubbing TV France)","https://d1j2csarxnwazk.cloudfront.net/v1/master/3722c60a815c199d9c0ef36c5b73da68a62b09d1/cc-uze1m6xh4fiyr-ssai-prd/master.m3u8","VIDEO","HLS","m3u8","","true","true","","US","https://pluto.tv/en/live-tv/clubbing-tv-de","COMMUNITY","iptv-org public index, publicly listed free stream (verify broadcaster-official before promote)","iptv-org; categories=music; quality=","medium",""
"Live TV","Pop","CMC TV (CMC TV)","https://stream.cmctv.hr:49998/cmc/live.m3u8","VIDEO","HLS","m3u8","","true","true","","HR","https://cmc.com.hr/","COMMUNITY","iptv-org public index, publicly listed free stream (verify broadcaster-official before promote)","iptv-org; categories=music; quality=1080p","medium","1418"
"Live TV","Pop","CMT (CMT)","http://23.237.104.106:8080/USA_CMT/index.m3u8","VIDEO","HLS","m3u8","","true","false","","US","http://www.cmt.com/","COMMUNITY","iptv-org public index, publicly listed free stream (verify broadcaster-official before promote)","iptv-org; categories=music; quality=720p","medium",""
"Live TV","Pop","Company TV (Company TV)","https://5929b138b139d.streamlock.net/CompanyTV/smil:CompanyTV.smil/master.m3u8","VIDEO","HLS","m3u8","","true","true","","IT","https://www.radiocompany.com/companytv/","COMMUNITY","iptv-org public index, publicly listed free stream (verify broadcaster-official before promote)","iptv-org; categories=music; quality=720p","medium","1419"
"Live TV","Pop","Cool FM 98.9 (Cool FM 98.9)","https://live2.tensila.com/cool-v-1.arubara/hls/master.m3u8","VIDEO","HLS","m3u8","","true","true","","AW","https://coolaruba.com/","COMMUNITY","iptv-org public index, publicly listed free stream (verify broadcaster-official before promote)","iptv-org; categories=music; quality=720p","medium","1420"
"Live TV","Pop","Couleur 3 (Couleur 3)","https://visualradio-rts-couleur3-d.akamaized.net/out/v1/6a1472634ad745f59a9e63ee8adbbc00/index.m3u8","VIDEO","HLS","m3u8","","true","true","","CH","https://www.rts.ch/couleur3","COMMUNITY","iptv-org public index, publicly listed free stream (verify broadcaster-official before promote)","iptv-org; categories=music; quality=720p","medium","1421"
"Live TV","Pop","Dance FM (Dance FM)","https://5eaccbab48461.streamlock.net:1936/dancefm_1/dancefm_1/playlist.m3u8","VIDEO","HLS","m3u8","","true","true","","CL","https://www.dancefm.cl/live/","COMMUNITY","iptv-org public index, publicly listed free stream (verify broadcaster-official before promote)","iptv-org; categories=music; quality=720p","medium","1422"
"Live TV","Pop","Dance Television (Dance Television)","https://m1b2.worldcast.tv/dancetelevisionone/2/dancetelevisionone.m3u8","VIDEO","HLS","m3u8","","true","true","","NL","https://www.dancetv.net/","COMMUNITY","iptv-org public index, publicly listed free stream (verify broadcaster-official before promote)","iptv-org; categories=music; quality=1080p","medium",""
"Live TV","Pop","DanceHits80 (DanceHits80)","http://dancehits80.denvs.ru:8080/index.m3u8","VIDEO","HLS","m3u8","","true","false","","RU","http://denvs.ru","COMMUNITY","iptv-org public index, publicly listed free stream (verify broadcaster-official before promote)","iptv-org; categories=music; quality=","medium","1423"
"Live TV","Pop","DanceTV Algorhythm (DanceTV Algorhythm)","https://m2b2.worldcast.tv:7443/dancetelevisionfour/dancetelevisionfour.m3u8","VIDEO","HLS","m3u8","","true","true","","EE","https://www.dancetv.net/tech-house/","COMMUNITY","iptv-org public index, publicly listed free stream (verify broadcaster-official before promote)","iptv-org; categories=music; quality=1080p","medium","1424"
"Live TV","Pop","DanceTV Deep House District (DanceTV Deep House District)","https://m1b2.worldcast.tv/dancetelevisiontwo/dancetelevisiontwo.m3u8","VIDEO","HLS","m3u8","","true","true","","EE","https://www.dancetv.net/deep-house/","COMMUNITY","iptv-org public index, publicly listed free stream (verify broadcaster-official before promote)","iptv-org; categories=music; quality=1080p","medium","1425"
"Live TV","Pop","DanceTV EDM Mainstage (DanceTV EDM Mainstage)","https://mbit1.worldcast.tv/dancetelevisionseven/multibit.m3u8","VIDEO","HLS","m3u8","","true","true","","EE","https://www.dancetv.net/edm/","COMMUNITY","iptv-org public index, publicly listed free stream (verify broadcaster-official before promote)","iptv-org; categories=music; quality=1080p","medium","1426"
"Live TV","Pop","DanceTV House Floor (DanceTV House Floor)","https://m2b2.worldcast.tv:7443/dancetelevisionfive/dancetelevisionfive.m3u8","VIDEO","HLS","m3u8","","true","true","","EE","https://www.dancetv.net/house/","COMMUNITY","iptv-org public index, publicly listed free stream (verify broadcaster-official before promote)","iptv-org; categories=music; quality=1080p","medium","1427"
"Live TV","Pop","DanceTV Minimal Tech (DanceTV Minimal Tech)","https://mbit1.worldcast.tv/dancetelevisionsix/multibit.m3u8","VIDEO","HLS","m3u8","","true","true","","EE","https://www.dancetv.net/minimal-tech","COMMUNITY","iptv-org public index, publicly listed free stream (verify broadcaster-official before promote)","iptv-org; categories=music; quality=1080p","medium","1428"
"Live TV","Pop","DanceTV Techno Warehouse (DanceTV Techno Warehouse)","https://m2b2.worldcast.tv:7443/dancetelevisionthree/dancetelevisionthree.m3u8","VIDEO","HLS","m3u8","","true","true","","EE","https://www.dancetv.net/techno/","COMMUNITY","iptv-org public index, publicly listed free stream (verify broadcaster-official before promote)","iptv-org; categories=music; quality=1080p","medium","1429"
"Live TV","Pop","DASDING 90.8 (DASDING 90.8)","https://swrdasdingvr-hls.akamaized.net/hls/live/2018681/dasdingvr/master.m3u8","VIDEO","HLS","m3u8","","true","true","","DE","https://www.dasding.de/index.html","COMMUNITY","iptv-org public index, publicly listed free stream (verify broadcaster-official before promote)","iptv-org; categories=music; quality=720p","medium","1430"
"Live TV","Pop","DBM TV (DBM TV)","https://dbmtv.vedge.infomaniak.com/livecast/dbmtv/playlist.m3u8","VIDEO","HLS","m3u8","","true","true","","FR","https://www.dbmtv.fr/","COMMUNITY","iptv-org public index, publicly listed free stream (verify broadcaster-official before promote)","iptv-org; categories=music; quality=1080p","medium","1431"
"Live TV","Pop","Deep House District (DeepHouse District)","https://eu-nl-012.worldcast.tv/dancetelevisiontwo/dancetelevisiontwo.m3u8","VIDEO","HLS","m3u8","","true","true","","NL","https://www.dancetv.net/","COMMUNITY","iptv-org public index, publicly listed free stream (verify broadcaster-official before promote)","iptv-org; categories=music; quality=1080p","medium",""
"Live TV","Pop","Deluxe Dance (Deluxe Dance)","https://sdn-global-live-streaming-packager-cache.3qsdn.com/64733/64733_264_live.m3u8","VIDEO","HLS","m3u8","","true","true","","DE","https://deluxemusic.de/kontakt/","COMMUNITY","iptv-org public index, publicly listed free stream (verify broadcaster-official before promote)","iptv-org; categories=music; quality=1080p","medium","1432"
"Live TV","Pop","Deluxe Lounge (Deluxe Lounge)","https://jmp2.uk/stvp-CHAJ0500413A","VIDEO","ICECAST","","","true","true","","DE","https://deluxemusic.de/kontakt/","COMMUNITY","iptv-org public index, publicly listed free stream (verify broadcaster-official before promote)","iptv-org; categories=music; quality=720p","medium","1433"
"Live TV","Pop","Deluxe Music (Deluxe Music)","https://sdn-global-live-streaming-packager-cache.3qsdn.com/13456/13456_264_live.m3u8","VIDEO","HLS","m3u8","","true","true","","DE","https://deluxemusic.de/kontakt/","COMMUNITY","iptv-org public index, publicly listed free stream (verify broadcaster-official before promote)","iptv-org; categories=music; quality=720p","medium","1434"
"Live TV","Pop","Deluxe Rap (Deluxe Rap)","https://sdn-global-live-streaming-packager-cache.3qsdn.com/65183/65183_264_live.m3u8","VIDEO","HLS","m3u8","","true","true","","DE","https://deluxemusic.de/kontakt/","COMMUNITY","iptv-org public index, publicly listed free stream (verify broadcaster-official before promote)","iptv-org; categories=music; quality=1080p","medium","1435"
"Live TV","Pop","Dismar Radio TV (Dismar Radio TV)","https://rds3.desdeparaguay.net/dismartv/dismartv/playlist.m3u8","VIDEO","HLS","m3u8","","true","true","","PY","http://radiodismar.tv/","COMMUNITY","iptv-org public index, publicly listed free stream (verify broadcaster-official before promote)","iptv-org; categories=music; quality=720p","medium",""
"Live TV","Pop","DMF (DMF)","https://d-m-f.iptv-playoutcenter.de/dmf/dmf1/playlist.m3u8","VIDEO","HLS","m3u8","","true","true","","DE","https://www.dmf.tv","COMMUNITY","iptv-org public index, publicly listed free stream (verify broadcaster-official before promote)","iptv-org; categories=music; quality=1080p","medium","1436"
"Live TV","Pop","DSTV (DSTV)","http://46.249.95.140:8081/hls/data.m3u8","VIDEO","HLS","m3u8","","true","false","","BG","https://dstv-bg.com/","COMMUNITY","iptv-org public index, publicly listed free stream (verify broadcaster-official before promote)","iptv-org; categories=music; quality=614p","medium","1437"
"Live TV","Pop","EBS Musika (EBS Musika)","https://rpn.bozztv.com/ebstv/ebsmusika/index.m3u8","VIDEO","HLS","m3u8","","true","true","","US","http://ebstv.tv/","COMMUNITY","iptv-org public index, publicly listed free stream (verify broadcaster-official before promote)","iptv-org; categories=music; quality=720p","medium","1438"
"Live TV","Pop","El Sol Network TV (El Sol Network TV)","https://tv.wracanal10.com:3025/live/elsoltvlive.m3u8","VIDEO","HLS","m3u8","","true","true","","EC","https://elsolnetworktv.com/","COMMUNITY","iptv-org public index, publicly listed free stream (verify broadcaster-official before promote)","iptv-org; categories=music; quality=1080p","medium","1439"
"Live TV","Pop","Ellinikos FM (Ellinikos FM)","https://rtmp.win:3603/live/ellinikosfmlive.m3u8","VIDEO","HLS","m3u8","","true","true","","GR","https://www.ellinikosfm.com/","COMMUNITY","iptv-org public index, publicly listed free stream (verify broadcaster-official before promote)","iptv-org; categories=music; quality=720p","medium","1440"
"Live TV","Pop","EnerGeek Radio (EnerGeek Radio)","https://backend.energeek.cl/webtv/egradioweb/index.m3u8?token=ZZDemoIPTVGH","VIDEO","HLS","m3u8","","true","true","","CL","https://energeek.cl/","COMMUNITY","iptv-org public index, publicly listed free stream (verify broadcaster-official before promote)","iptv-org; categories=music; quality=1080p","medium",""
"Live TV","Religious","ABN Bible Movies Channel (ABN Bible Movies)","https://mediaserver.abnvideos.com/streams/abnbiblemovies.m3u8","VIDEO","HLS","m3u8","","true","true","","US","https://www.abnsat.com/","COMMUNITY","iptv-org public index, publicly listed free stream (verify broadcaster-official before promote)","iptv-org; categories=religious|movies; quality=720p","medium","1441"
"Live TV","Religious","BX Inspire (BX Inspire)","https://reflect-stream-bronxnet.cablecast.tv/live-18/live/stream-7/live.m3u8","VIDEO","HLS","m3u8","","true","true","","US","https://www.bronxnet.org/watch/","COMMUNITY","iptv-org public index, publicly listed free stream (verify broadcaster-official before promote)","iptv-org; categories=religious|general; quality=720p","medium","1442"
"Live TV","Religious","Christian Youth Channel CYC (Christian Youth Channel (CYC))","http://media3.smc-host.com:1935/cycnow.com/smil:cyc.smil/playlist.m3u8","VIDEO","HLS","m3u8","","true","false","","US","https://cycnow.com/","COMMUNITY","iptv-org public index, publicly listed free stream (verify broadcaster-official before promote)","iptv-org; categories=religious|kids; quality=1080p","medium",""
"Live TV","Religious","Dios Te Ve Kids (Dios Te Ve Kids)","https://s.emisoras.tv:8081/diostevekids/index.m3u8","VIDEO","HLS","m3u8","","true","true","","HN","https://www.diosteve.org/","COMMUNITY","iptv-org public index, publicly listed free stream (verify broadcaster-official before promote)","iptv-org; categories=religious|kids; quality=720p","medium","1443"
"Live TV","Science & Space","Cosmos TV (Cosmos TV)","https://video.hostingcaaguazu.com:19360/cosmostv/cosmostv.m3u8","VIDEO","HLS","m3u8","","true","true","","PY","","COMMUNITY","iptv-org public index, publicly listed free stream (verify broadcaster-official before promote)","iptv-org; categories=science; quality=720p","medium",""
"Live TV","Sports","30A Golf Kingdom (30A Golf Kingdom)","https://30a-tv.com/feeds/vidaa/golf.m3u8","VIDEO","HLS","m3u8","","true","true","","US","https://30atelevision.com/title/golf-kingdom/","COMMUNITY","iptv-org public index, publicly listed free stream (verify broadcaster-official before promote)","iptv-org; categories=sports; quality=720p","medium","1444"
"Live TV","Sports","ACC Digital Network (ACCDN)","https://raycom-accdn-firetv.amagi.tv/playlist.m3u8","VIDEO","HLS","m3u8","","true","true","","US","https://theacc.com/watch/","COMMUNITY","iptv-org public index, publicly listed free stream (verify broadcaster-official before promote)","iptv-org; categories=sports; quality=1080p","medium","1445"
"Live TV","Sports","ACI Sport TV (ACI Sport TV)","https://webstream.multistream.it/memfs/e2cb3629-c1a2-495b-b43a-9eb386f04ed8.m3u8","VIDEO","HLS","m3u8","","true","true","","IT","https://www.acisport.it/","COMMUNITY","iptv-org public index, publicly listed free stream (verify broadcaster-official before promote)","iptv-org; categories=sports; quality=1080p","medium","1446"
"Live TV","Sports","Al Iraqia Sport (Al Iraqia Sport)","https://imn-live.esite-lab.com/hls/iraqia-sports-1.m3u8","VIDEO","HLS","m3u8","","true","true","","IQ","http://imn.iq/","COMMUNITY","iptv-org public index, publicly listed free stream (verify broadcaster-official before promote)","iptv-org; categories=sports; quality=720p","medium","1447"
"Live TV","Sports","Alkass Four (Alkass Four)","https://liveeu-gcp.alkassdigital.net/alkass4-p/main.m3u8","VIDEO","HLS","m3u8","","true","true","","QA","https://www.alkass.net/","COMMUNITY","iptv-org public index, publicly listed free stream (verify broadcaster-official before promote)","iptv-org; categories=sports; quality=1080p","medium","1448"
"Live TV","Sports","Alkass One (Alkass One)","https://liveeu-gcp.alkassdigital.net/alkass1-p/main.m3u8","VIDEO","HLS","m3u8","","true","true","","QA","https://www.alkass.net/","COMMUNITY","iptv-org public index, publicly listed free stream (verify broadcaster-official before promote)","iptv-org; categories=sports; quality=1080p","medium","1449"
"Live TV","Sports","Alkass SHOOF (Alkass SHOOF)","https://liveeu-gcp.alkassdigital.net/shooflive/main.m3u8","VIDEO","HLS","m3u8","","true","true","","QA","https://shoof.alkass.net/live?ch=shoof","COMMUNITY","iptv-org public index, publicly listed free stream (verify broadcaster-official before promote)","iptv-org; categories=sports; quality=1080p","medium","1450"
"Live TV","Sports","Alkass SHOOF 2 (Alkass SHOOF 2)","https://liveeu-gcp.alkassdigital.net/shooflive2/main.m3u8","VIDEO","HLS","m3u8","","true","true","","QA","https://www.alkass.net/","COMMUNITY","iptv-org public index, publicly listed free stream (verify broadcaster-official before promote)","iptv-org; categories=sports; quality=1080p","medium","1451"
"Live TV","Sports","Alkass Six (Alkass Six)","https://liveeu-gcp.alkassdigital.net/alkass6-p/main.m3u8","VIDEO","HLS","m3u8","","true","true","","QA","https://www.alkass.net/","COMMUNITY","iptv-org public index, publicly listed free stream (verify broadcaster-official before promote)","iptv-org; categories=sports; quality=1080p","medium","1452"
"Live TV","Sports","Alkass Three (Alkass Three)","https://liveeu-gcp.alkassdigital.net/alkass3-p/main.m3u8","VIDEO","HLS","m3u8","","true","true","","QA","https://www.alkass.net/","COMMUNITY","iptv-org public index, publicly listed free stream (verify broadcaster-official before promote)","iptv-org; categories=sports; quality=1080p","medium","1453"
"Live TV","Sports","Alkass Two (Alkass Two)","https://liveeu-gcp.alkassdigital.net/alkass2-p/main.m3u8","VIDEO","HLS","m3u8","","true","true","","QA","https://www.alkass.net/","COMMUNITY","iptv-org public index, publicly listed free stream (verify broadcaster-official before promote)","iptv-org; categories=sports; quality=1080p","medium","1454"
"Live TV","Sports","Arryadia (Arryadia)","https://stream-lb.livemediama.com/arryadia/hls/master.m3u8","VIDEO","HLS","m3u8","","true","true","","MA","https://arryadia.snrt.ma/","COMMUNITY","iptv-org public index, publicly listed free stream (verify broadcaster-official before promote)","iptv-org; categories=sports; quality=720p","medium","1455"
"Live TV","Sports","Arryadia HD1 (Arryadia HD 1)","https://stream-lb.livemediama.com/arryadia-hd-01/hls/master.m3u8","VIDEO","HLS","m3u8","","true","true","","MA","https://snrt.ma","COMMUNITY","iptv-org public index, publicly listed free stream (verify broadcaster-official before promote)","iptv-org; categories=sports; quality=1080p","medium","1456"
"Live TV","Sports","Arryadia HD2 (Arryadia HD 2)","https://stream-lb.livemediama.com/arryadia-hd-02/hls/master.m3u8","VIDEO","HLS","m3u8","","true","true","","MA","https://snrt.ma","COMMUNITY","iptv-org public index, publicly listed free stream (verify broadcaster-official before promote)","iptv-org; categories=sports; quality=1080p","medium","1457"
"Live TV","Sports","Arryadia HD3 (Arryadia HD 3)","https://stream-lb.livemediama.com/arryadia-hd-03/hls/master.m3u8","VIDEO","HLS","m3u8","","true","true","","MA","https://snrt.ma","COMMUNITY","iptv-org public index, publicly listed free stream (verify broadcaster-official before promote)","iptv-org; categories=sports; quality=1080p","medium","1458"
"Live TV","Sports","AS3 Sport TV (AS3 Sport TV)","https://streamtv.as3sport.online:3394/hybrid/play.m3u8","VIDEO","HLS","m3u8","","true","true","","VE","","COMMUNITY","iptv-org public index, publicly listed free stream (verify broadcaster-official before promote)","iptv-org; categories=sports; quality=1080p","medium",""
"Live TV","Sports","Astrahan.Ru Sport (Астрахань.Ru Sport)","https://streaming.astrakhan.ru/astrakhanrusporthd/playlist.m3u8","VIDEO","HLS","m3u8","","true","true","","RU","https://sport.astrakhan.ru/","COMMUNITY","iptv-org public index, publicly listed free stream (verify broadcaster-official before promote)","iptv-org; categories=sports; quality=720p","medium",""
"Live TV","Sports","Bahrain Sports 1 (Bahrain Sports 1)","https://5c7b683162943.streamlock.net/live/ngrp:sportsone_all/playlist.m3u8","VIDEO","HLS","m3u8","","true","true","","BH","https://www.mia.gov.bh/media-center/live-tv-and-radio/?lang=en","COMMUNITY","iptv-org public index, publicly listed free stream (verify broadcaster-official before promote)","iptv-org; categories=sports; quality=720p","medium",""
"Live TV","Sports","Bahrain Sports 2 (Bahrain Sports 2)","https://5c7b683162943.streamlock.net/live/ngrp:bahrainsportstwo_all/playlist.m3u8","VIDEO","HLS","m3u8","","true","true","","BH","https://www.mia.gov.bh/media-center/live-tv-and-radio/?lang=en","COMMUNITY","iptv-org public index, publicly listed free stream (verify broadcaster-official before promote)","iptv-org; categories=sports; quality=720p","medium",""
"Live TV","Sports","beIN Sports USA (beIN Sports USA)","http://23.237.104.106:8080/USA_BEIN/index.m3u8","VIDEO","HLS","m3u8","","true","false","","US","http://www.beinsports.com/us/","COMMUNITY","iptv-org public index, publicly listed free stream (verify broadcaster-official before promote)","iptv-org; categories=sports; quality=720p","medium",""
"Live TV","Sports","BEK Sports (BEK TV Sports West)","https://cdn3.wowza.com/5/ZWQ1K2NYTmpFbGsr/BEK-WOWZA-1/smil:BEKPRIMEW.smil/playlist.m3u8","VIDEO","HLS","m3u8","","true","true","","US","https://www.bek.tv/","COMMUNITY","iptv-org public index, publicly listed free stream (verify broadcaster-official before promote)","iptv-org; categories=sports; quality=720p","medium",""
"Live TV","Sports","Boks TV (Бокс ТВ)","http://31.148.48.15/Boks_TV/index.m3u8","VIDEO","HLS","m3u8","","true","false","","RU","http://boxingtv.ru/","COMMUNITY","iptv-org public index, publicly listed free stream (verify broadcaster-official before promote)","iptv-org; categories=sports; quality=720p","medium","1459"
"Live TV","Sports","Canal+ Foot (Canal+ Foot)","https://test.946985.filegear-sg.me/proxy/ef3174f16d4557d2","VIDEO","ICECAST","","","true","true","","FR","https://www.canalplus.com/sport/","COMMUNITY","iptv-org public index, publicly listed free stream (verify broadcaster-official before promote)","iptv-org; categories=sports; quality=","medium","1460"
"Live TV","Sports","Canal+ Sport (Canal+ Sport)","http://151.80.18.177:86/Canal+_sport_HD/index.m3u8","VIDEO","HLS","m3u8","","true","false","","FR","http://www.canalplus.fr/pid1747-c-sport.html","COMMUNITY","iptv-org public index, publicly listed free stream (verify broadcaster-official before promote)","iptv-org; categories=sports; quality=1080p","medium","1461"
"Live TV","Sports","Colimdo TV (ColimdoT TV)","https://cnn.livestreaminggroup.info:3132/live/colimdotvlive.m3u8","VIDEO","HLS","m3u8","","true","true","","DO","https://colimdotv.com/","COMMUNITY","iptv-org public index, publicly listed free stream (verify broadcaster-official before promote)","iptv-org; categories=sports; quality=720p","medium",""
"Live TV","Sports","Cricket Gold (Cricket Gold)","https://streams2.sofast.tv/ptnr-yupptv/title-cricketgold/v1/master/611d79b11b77e2f571934fd80ca1413453772ac7/b2048bb8-1686-4432-aa50-647245383e0c/manifest.m3u8","VIDEO","HLS","m3u8","","true","true","","AU","https://www.cricket.com.au/cricket-gold","COMMUNITY","iptv-org public index, publicly listed free stream (verify broadcaster-official before promote)","iptv-org; categories=sports; quality=1080p","medium","1462"
"Live TV","Sports","CT Sport (ČT Sport)","http://88.212.15.19/live/test_ctsport_25p/playlist.m3u8","VIDEO","HLS","m3u8","","true","false","","CZ","https://www.ceskatelevize.cz/sport/","COMMUNITY","iptv-org public index, publicly listed free stream (verify broadcaster-official before promote)","iptv-org; categories=sports; quality=720p","medium","1463"
"Live TV","Sports","DAZN Combat (DAZN Combat)","https://dazn-combat-rakuten.amagi.tv/hls/amagi_hls_data_rakutenAA-dazn-combat-rakuten/CDN/master.m3u8","VIDEO","HLS","m3u8","","true","true","","UK","https://www.dazn.com/","COMMUNITY","iptv-org public index, publicly listed free stream (verify broadcaster-official before promote)","iptv-org; categories=sports; quality=1080p","medium","1464"
"Live TV","Sports","Deportes TVC (Deportes TVC)","http://162.19.255.233:8080/play/UNbAl57p9hXZClOu56FCTYXmD-MOS3u5IUkeXPpBt80/m3u8","VIDEO","ICECAST","","","true","false","","HN","https://www.deportestvc.com/","COMMUNITY","iptv-org public index, publicly listed free stream (verify broadcaster-official before promote)","iptv-org; categories=sports; quality=1080p","medium","1465"
"Live TV","Sports","Digi Sport 3 (Digi Sport 3)","http://315e5a5d.ottrast.com/iptv/8XFKA8883W9M5K/2524/index.m3u8","VIDEO","HLS","m3u8","","true","false","","RO","http://digisport.ro/","COMMUNITY","iptv-org public index, publicly listed free stream (verify broadcaster-official before promote)","iptv-org; categories=sports; quality=","medium","1466"
"Live TV","Sports","Digi Sport 4 (Digi Sport 4)","http://315e5a5d.ottrast.com/iptv/8XFKA8883W9M5K/2538/index.m3u8","VIDEO","HLS","m3u8","","true","false","","RO","http://digisport.ro/","COMMUNITY","iptv-org public index, publicly listed free stream (verify broadcaster-official before promote)","iptv-org; categories=sports; quality=","medium","1467"
"Live TV","Sports","Dong Nai TV 2 (Đồng Nai 2)","http://118.107.85.4:1935/live/smil:DNTV2.smil/chunklist.m3u8","VIDEO","HLS","m3u8","","true","false","","VN","http://dnrtv.org.vn/","COMMUNITY","iptv-org public index, publicly listed free stream (verify broadcaster-official before promote)","iptv-org; categories=sports|entertainment; quality=480p","medium","1468"
"Live TV","Sports","DraftKings Network (DraftKings Network)","https://na.linear.zype.com/e0bd0e23-a958-4e43-8164-4f2fef8876a8/fd3614bd-90bf-4530-a277-65ae3a1720c8-zype/live.m3u8","VIDEO","HLS","m3u8","","true","true","","US","https://dknetwork.draftkings.com","COMMUNITY","iptv-org public index, publicly listed free stream (verify broadcaster-official before promote)","iptv-org; categories=sports; quality=1080p","medium","1469"
"Live TV","Sports","Equidia (Equidia)","https://raw.githubusercontent.com/Paradise-91/ParaTV/main/streams/equidia/live2.m3u8","VIDEO","HLS","m3u8","","true","true","","FR","https://www.equidia.fr/","COMMUNITY","iptv-org public index, publicly listed free stream (verify broadcaster-official before promote)","iptv-org; categories=sports; quality=1080p","medium","1470"
"Live TV","Sports","ESPN8: The Ocho (ESPN8 The Ocho)","https://d3b6q2ou5kp8ke.cloudfront.net/ESPNTheOcho.m3u8","VIDEO","HLS","m3u8","","true","true","","US","","COMMUNITY","iptv-org public index, publicly listed free stream (verify broadcaster-official before promote)","iptv-org; categories=sports; quality=1080p","medium",""
"Live TV","Sports","ESPNU (ESPNU)","http://23.237.104.106:8080/USA_ESPNU/index.m3u8","VIDEO","HLS","m3u8","","true","false","","US","http://espn.go.com/college-sports/","COMMUNITY","iptv-org public index, publicly listed free stream (verify broadcaster-official before promote)","iptv-org; categories=sports; quality=720p","medium","1471"
"Live TV","Auto","Pluto TV Motor (Pluto TV Motor)","https://jmp2.uk/plu-68ac51dede4a734954b5a67a.m3u8","VIDEO","HLS","m3u8","","true","true","","SE","","COMMUNITY","iptv-org public index, publicly listed free stream (verify broadcaster-official before promote)","iptv-org; categories=auto; quality=","medium",""
"Live TV","Business","ET Now (ET Now)","https://pubads.g.doubleclick.net/ssai/event/pJrzNyDoT_K_GwYQsijTsQ/master.m3u8","VIDEO","HLS","m3u8","","true","true","","IN","https://economictimes.indiatimes.com/et-now","COMMUNITY","iptv-org public index, publicly listed free stream (verify broadcaster-official before promote)","iptv-org; categories=business; quality=720p","medium","1472"
"Live TV","Culture","Andy Haryana (Andy Haryana)","https://mumt03.tangotv.in/Dsly5z3HANDYHARYANA/index.m3u8","VIDEO","HLS","m3u8","","true","true","","IN","http://www.andyharyana.com/","COMMUNITY","iptv-org public index, publicly listed free stream (verify broadcaster-official before promote)","iptv-org; categories=culture|music; quality=576p","medium",""
"Live TV","Culture","Arte 1 (Arte 1)","http://143.14.178.40:7777/Arte_1_HD/index.m3u8","VIDEO","HLS","m3u8","","true","false","","BR","https://canalarte1.com.br/","COMMUNITY","iptv-org public index, publicly listed free stream (verify broadcaster-official before promote)","iptv-org; categories=culture; quality=1080p","medium",""
"Live TV","Culture","Canal A (Canal A)","https://edgectc.com/CANAL_A/index.m3u8","VIDEO","HLS","m3u8","","true","true","","AR","https://www.canalaonline.com/","COMMUNITY","iptv-org public index, publicly listed free stream (verify broadcaster-official before promote)","iptv-org; categories=culture; quality=1080p","medium","1473"
"Live TV","Culture","Catamarca TV (Catamarca TV)","https://stream.arcast.com.ar/canal7catamarca/ngrp:canal7catamarca_all/playlist.m3u8?DVR=","VIDEO","HLS","m3u8","","true","true","","AR","http://catamarcartv.com/","COMMUNITY","iptv-org public index, publicly listed free stream (verify broadcaster-official before promote)","iptv-org; categories=culture|news; quality=720p","medium","1474"
"Live TV","Culture","El Sonorense (El Sonorense)","https://s5.mexside.net:1936/elsonorense/elsonorense/playlist.m3u8","VIDEO","HLS","m3u8","","true","true","","MX","https://www.elsonorense.com/","COMMUNITY","iptv-org public index, publicly listed free stream (verify broadcaster-official before promote)","iptv-org; categories=culture; quality=1080p","medium",""
"Live TV","Culture","Qausain TV (Qausain TV)","https://acasmedia3.acangroup.org/qausaintv/qausaintv_output/playlist.m3u8","VIDEO","HLS","m3u8","","true","true","","NG","https://www.qausaintv.com/","COMMUNITY","iptv-org public index, publicly listed free stream (verify broadcaster-official before promote)","iptv-org; categories=culture; quality=720p","medium","1475"
"Live TV","Documentary","Asharq Documentary (Asharq Documentary)","https://svs.itworkscdn.net/asharqdocumentarylive/asharqdocumentary.smil/playlist_dvr.m3u8","VIDEO","HLS","m3u8","","true","true","","SA","https://now.asharq.com/%D9%85%D8%A8%D8%A7%D8%B4%D8%B1-%D8%A7%D9%84%D8%B4%D8%B1%D9%82-%D8%A7%D9%84%D9%88%D8%AB%D8%A7%D8%A6%D9%82%D9%8A%D8%A9","COMMUNITY","iptv-org public index, publicly listed free stream (verify broadcaster-official before promote)","iptv-org; categories=documentary; quality=1080p","medium","1476"
"Live TV","Documentary","Pluto TV Alien Invasion (Pluto TV Alien Invasion)","https://jmp2.uk/plu-650999b86a841400083bd1ab.m3u8","VIDEO","HLS","m3u8","","true","true","","SE","","COMMUNITY","iptv-org public index, publicly listed free stream (verify broadcaster-official before promote)","iptv-org; categories=documentary; quality=","medium",""
"Live TV","Documentary","Pluto TV Dokumentar (Pluto TV Dokumentar)","https://jmp2.uk/plu-62b30b0060a9ca0007d628b4.m3u8","VIDEO","HLS","m3u8","","true","true","","SE","","COMMUNITY","iptv-org public index, publicly listed free stream (verify broadcaster-official before promote)","iptv-org; categories=documentary; quality=","medium",""
"Live TV","Documentary","Pluto TV Space (Pluto TV Space)","https://jmp2.uk/plu-61b86c6ef30f5d0007e4c6d1.m3u8","VIDEO","HLS","m3u8","","true","true","","SE","","COMMUNITY","iptv-org public index, publicly listed free stream (verify broadcaster-official before promote)","iptv-org; categories=documentary; quality=","medium",""
"Live TV","Documentary","Pluto TV Varldskrigen (Pluto TV Världskrigen)","https://jmp2.uk/plu-677d3ad04bd63600082f7c54.m3u8","VIDEO","HLS","m3u8","","true","true","","SE","","COMMUNITY","iptv-org public index, publicly listed free stream (verify broadcaster-official before promote)","iptv-org; categories=documentary; quality=","medium",""
"Live TV","Documentary","Pluto TV Verdenskrigene (Pluto TV Verdenskrigene)","https://jmp2.uk/plu-677d397b60fbeb00084b0bff.m3u8","VIDEO","HLS","m3u8","","true","true","","SE","","COMMUNITY","iptv-org public index, publicly listed free stream (verify broadcaster-official before promote)","iptv-org; categories=documentary; quality=","medium",""
"Live TV","Education","ETV (ETV)","http://150.95.66.20:1935/live/livestream/playlist.m3u8","VIDEO","HLS","m3u8","","true","false","","TH","http://www.etvthai.tv/","COMMUNITY","iptv-org public index, publicly listed free stream (verify broadcaster-official before promote)","iptv-org; categories=education; quality=1080p","medium",""
"Live TV","General","Al Masriyah (Al Masriyah)","http://185.9.2.18/chid_247/index.m3u8","VIDEO","HLS","m3u8","","true","false","","EG","http://dotnet.ertu.org/","COMMUNITY","iptv-org public index, publicly listed free stream (verify broadcaster-official before promote)","iptv-org; categories=general; quality=1080p","medium",""
"Live TV","General","Al Riyadh Radio (Al Riyadh Radio)","https://aloula-redirect.vercel.app/12/playlist.m3u8","VIDEO","HLS","m3u8","","true","true","","SA","https://www.aloula.sa/en/live/riyadhradio","COMMUNITY","iptv-org public index, publicly listed free stream (verify broadcaster-official before promote)","iptv-org; categories=; quality=1080p","medium",""
"Live TV","General","Al Saudiya (Al Saudiya)","https://aloula-redirect.vercel.app/2/playlist.m3u8","VIDEO","HLS","m3u8","","true","true","","SA","https://saudiatv.sa/","COMMUNITY","iptv-org public index, publicly listed free stream (verify broadcaster-official before promote)","iptv-org; categories=general; quality=1080p","medium",""
"Live TV","General","Al Saudiya Alaan (Al Saudiya Alaan)","https://aloula-redirect.vercel.app/17/playlist.m3u8","VIDEO","HLS","m3u8","","true","true","","SA","https://www.aloula.sa/live/ksa-now","COMMUNITY","iptv-org public index, publicly listed free stream (verify broadcaster-official before promote)","iptv-org; categories=; quality=1080p","medium",""
"Live TV","General","Alkhuzama Radio (Alkhuzama Radio)","https://aloula-redirect.vercel.app/18/playlist.m3u8","VIDEO","HLS","m3u8","","true","true","","SA","https://radioplus.sba.sa/en/live/7","COMMUNITY","iptv-org public index, publicly listed free stream (verify broadcaster-official before promote)","iptv-org; categories=; quality=1080p","medium","1477"
"Live TV","General","Atambua TV (Atambua TV)","http://122.248.43.242:1935/ATAMBUATV/_definst_/myStream/playlist.m3u8","VIDEO","HLS","m3u8","","true","false","","ID","","COMMUNITY","iptv-org public index, publicly listed free stream (verify broadcaster-official before promote)","iptv-org; categories=; quality=720p","medium",""
"Live TV","General","Bis (Bis)","http://143.14.178.40:7777/BIS_HD/index.m3u8","VIDEO","HLS","m3u8","","true","false","","BR","https://canaisglobo.globo.com/c/bis/","COMMUNITY","iptv-org public index, publicly listed free stream (verify broadcaster-official before promote)","iptv-org; categories=; quality=1080p","medium",""
"Live TV","General","Boas Novas (Boas Novas)","https://cdn.jmvstream.com/w/LVW-9375/LVW9375_6i0wPBCHYc/playlist.m3u8","VIDEO","HLS","m3u8","","true","true","","BR","http://boasnovas.tv/","COMMUNITY","iptv-org public index, publicly listed free stream (verify broadcaster-official before promote)","iptv-org; categories=; quality=1080p","medium","1478"
"Live TV","General","Canal 2 de Ushuaia (Canal 2 de Ushuaia)","https://nd106.republicaservers.com:4433/hls/c6611/index.m3u8","VIDEO","HLS","m3u8","","true","true","","AR","https://www.canal2.com.ar/","COMMUNITY","iptv-org public index, publicly listed free stream (verify broadcaster-official before promote)","iptv-org; categories=general; quality=1080p","medium","1479"
"Live TV","General","Canal 21 TV (Canal 21 TV)","https://iptv.ixfo.com.ar:30443/c21tv/hd/c21tv/playlist.m3u8","VIDEO","HLS","m3u8","","true","true","","AR","https://www.canal21tv.com.ar/","COMMUNITY","iptv-org public index, publicly listed free stream (verify broadcaster-official before promote)","iptv-org; categories=; quality=1080p","medium","1480"
"Live TV","General","Canal 22 Nacional (Canal 22 Nacional)","https://5fc584f3f19c9.streamlock.net/canal22/smil:canal22.smil/playlist.m3u8","VIDEO","HLS","m3u8","","true","true","","MX","https://www.canal22.org.mx/","COMMUNITY","iptv-org public index, publicly listed free stream (verify broadcaster-official before promote)","iptv-org; categories=; quality=720p","medium","1481"
"Live TV","General","Canal 25 Jundiai (Canal 25 Jundiaí)","https://stream01.msolutionbrasil.com.br/hls/canal25/live.m3u8","VIDEO","HLS","m3u8","","true","true","","BR","","COMMUNITY","iptv-org public index, publicly listed free stream (verify broadcaster-official before promote)","iptv-org; categories=; quality=404p","medium",""
"Live TV","General","Canal 4 Jujuy (Canal 4 Jujuy)","https://5cd577a3dd8ec.streamlock.net/CANAL4/smil:CANAL4.smil/playlist.m3u8","VIDEO","HLS","m3u8","","true","true","","AR","https://www.elcuatro.com/","COMMUNITY","iptv-org public index, publicly listed free stream (verify broadcaster-official before promote)","iptv-org; categories=; quality=","medium","1482"
"Live TV","General","Canal 7 Neuquen (Canal 7 Neuquén)","https://stream.arcast.com.ar/c7nq/ngrp:c7nq_all/playlist.m3u8","VIDEO","HLS","m3u8","","true","true","","AR","https://www.c7neuquen.com.ar/","COMMUNITY","iptv-org public index, publicly listed free stream (verify broadcaster-official before promote)","iptv-org; categories=general; quality=1080p","medium","1483"
"Live TV","General","Canal Brasil (Canal Brasil)","http://143.14.178.40:7777/Canal_Brasil_HD/index.m3u8","VIDEO","HLS","m3u8","","true","false","","BR","http://canalbrasil.globo.com/","COMMUNITY","iptv-org public index, publicly listed free stream (verify broadcaster-official before promote)","iptv-org; categories=; quality=1080p","medium",""
"Live TV","General","Canal FDR (Canal FDR)","https://v-us-01.wisestream.io/memfs/e4ade538-7924-4359-81ef-b9d4dd229e91.m3u8","VIDEO","HLS","m3u8","","true","true","","BR","https://fdr.org.br/canalfdr/","COMMUNITY","iptv-org public index, publicly listed free stream (verify broadcaster-official before promote)","iptv-org; categories=general|education; quality=","medium","1484"
"Live TV","General","Canal Pulpo TV (Canal Pulpo TV)","https://vs20.live.opencaster.com/canalpulpotv_bdeee6e2/index.m3u8","VIDEO","HLS","m3u8","","true","true","","AR","https://new.opencaster.com/player?user=canalpulpotv","COMMUNITY","iptv-org public index, publicly listed free stream (verify broadcaster-official before promote)","iptv-org; categories=entertainment; quality=","medium",""
"Live TV","General","Chaco TV (Chaco TV)","https://wowzasrv.chaco.gov.ar/Streamtv/chacotv/playlist.m3u8","VIDEO","HLS","m3u8","","true","true","","AR","http://www.chaco.tv/","COMMUNITY","iptv-org public index, publicly listed free stream (verify broadcaster-official before promote)","iptv-org; categories=; quality=720p","medium",""
"Live TV","General","Cultura Para (Cultura Pará)","http://www.portalcultura.com.br/playerhtml/funtelpa/tv_funtelpa/playlist.m3u8","VIDEO","HLS","m3u8","","true","false","","BR","","COMMUNITY","iptv-org public index, publicly listed free stream (verify broadcaster-official before promote)","iptv-org; categories=general; quality=480p","medium",""
"Live TV","General","dlaCiebie.tv (dlaCiebie.tv)","https://6034e09794f07.streamlock.net/tv/dlaCiebieTv/playlist.m3u8","VIDEO","HLS","m3u8","","true","true","","PL","","COMMUNITY","iptv-org public index, publicly listed free stream (verify broadcaster-official before promote)","iptv-org; categories=general; quality=1080p","medium",""
"Live TV","General","EET TV (EET TV)","https://live.streamjo.com/eetlive/eettv.m3u8","VIDEO","HLS","m3u8","","true","true","","IN","","COMMUNITY","iptv-org public index, publicly listed free stream (verify broadcaster-official before promote)","iptv-org; categories=entertainment; quality=1080p","medium",""
"Live TV","General","El Siete (El Siete)","https://edgectc.com/CANAL7_MZA/index.m3u8","VIDEO","HLS","m3u8","","true","true","","AR","https://www.elsietetv.com.ar/","COMMUNITY","iptv-org public index, publicly listed free stream (verify broadcaster-official before promote)","iptv-org; categories=general; quality=1080p","medium","1485"
"Live TV","General","ElyTV (ElyTV)","https://stmv1.srvsite.com/ely/ely/playlist.m3u8","VIDEO","HLS","m3u8","","true","true","","BR","https://www.elementalchannel.com.br/","COMMUNITY","iptv-org public index, publicly listed free stream (verify broadcaster-official before promote)","iptv-org; categories=entertainment; quality=360p","medium",""
"Live TV","General","Ficom Channel (Ficom Channel)","https://v3.siar.us/ficomchannel/live/playlist.m3u8","VIDEO","HLS","m3u8","","true","true","","ID","https://www.vnews.click/","COMMUNITY","iptv-org public index, publicly listed free stream (verify broadcaster-official before promote)","iptv-org; categories=entertainment; quality=720p","medium","1486"
"Live TV","General","Fox (Fox)","http://315e5a5d.ottrast.com/iptv/MM4E93NGF5LADZ/6108/index.m3u8","VIDEO","HLS","m3u8","","true","false","","PL","http://www.foxtv.pl/","COMMUNITY","iptv-org public index, publicly listed free stream (verify broadcaster-official before promote)","iptv-org; categories=entertainment; quality=","medium",""
"Live TV","General","GTC Punjabi (GTC Punjabi)","https://gtc-yupp.vgcdn.net/vglive-sk-254807/index.m3u8","VIDEO","HLS","m3u8","","true","true","","IN","","COMMUNITY","iptv-org public index, publicly listed free stream (verify broadcaster-official before promote)","iptv-org; categories=entertainment; quality=1080p","medium",""
"Live TV","General","HLAJ-DTV (MBC Jeju (제주 MBC))","https://wowza.jejumbc.com/live/tv_jejumbc/playlist.m3u8","VIDEO","HLS","m3u8","","true","true","","KR","https://jejumbc.com/","COMMUNITY","iptv-org public index, publicly listed free stream (verify broadcaster-official before promote)","iptv-org; categories=general; quality=352p","medium","1487"
"Live TV","General","HLAW-DTV (MBC Andong (안동 MBC))","http://andong.webcasting.co.kr/live/mbc/playlist.m3u8","VIDEO","HLS","m3u8","","true","false","","KR","https://andongmbc.co.kr/","COMMUNITY","iptv-org public index, publicly listed free stream (verify broadcaster-official before promote)","iptv-org; categories=general; quality=360p","medium","1488"
"Live TV","General","Imagen TV (Imagen TV+)","https://jmp2.uk/plu-64e35aff6b1fdb0008ea8441.m3u8","VIDEO","HLS","m3u8","","true","true","","MX","https://www.imagentv.com/","COMMUNITY","iptv-org public index, publicly listed free stream (verify broadcaster-official before promote)","iptv-org; categories=general; quality=720p","medium","1489"
"Live TV","General","Jogja TV (Jogja TV)","https://stream.jogjatv.co.id/jtvlive/stream/index.m3u8","VIDEO","HLS","m3u8","","true","true","","ID","http://jogjatv.tv/","COMMUNITY","iptv-org public index, publicly listed free stream (verify broadcaster-official before promote)","iptv-org; categories=general; quality=720p","medium","1490"
"Live TV","General","Litus TV (Litus TV)","https://stream.arcast.com.ar/litustv/ngrp:litustv_all/playlist.m3u8","VIDEO","HLS","m3u8","","true","true","","AR","http://www.litustv.com.ar/","COMMUNITY","iptv-org public index, publicly listed free stream (verify broadcaster-official before promote)","iptv-org; categories=general; quality=720p","medium","1491"
"Live TV","General","Megapix (Megapix)","http://143.14.178.40:7777/Megapix_HD/index.m3u8","VIDEO","HLS","m3u8","","true","false","","BR","https://globosatplay.globo.com/megapix/","COMMUNITY","iptv-org public index, publicly listed free stream (verify broadcaster-official before promote)","iptv-org; categories=; quality=1080p","medium",""
"Live TV","General","Metro (Metro)","https://edgectc.com/METRO/index.m3u8","VIDEO","HLS","m3u8","","true","true","","AR","","COMMUNITY","iptv-org public index, publicly listed free stream (verify broadcaster-official before promote)","iptv-org; categories=; quality=1080p","medium",""
"Live TV","General","MTV (MTV)","http://315e5a5d.ottrast.com/iptv/MM4E93NGF5LADZ/7294/index.m3u8","VIDEO","HLS","m3u8","","true","false","","PL","http://www.mtv.pl/","COMMUNITY","iptv-org public index, publicly listed free stream (verify broadcaster-official before promote)","iptv-org; categories=entertainment; quality=","medium",""
"Live TV","General","Multishow (Multishow)","http://143.14.178.40:7777/Multishow_HD/index.m3u8","VIDEO","HLS","m3u8","","true","false","","BR","https://multishow.globo.com/","COMMUNITY","iptv-org public index, publicly listed free stream (verify broadcaster-official before promote)","iptv-org; categories=entertainment; quality=1080p","medium",""
"Live TV","General","NTC TV (NTC TV)","https://galaxyott.live/hls/ntv.m3u8","VIDEO","HLS","m3u8","","true","true","","IN","","COMMUNITY","iptv-org public index, publicly listed free stream (verify broadcaster-official before promote)","iptv-org; categories=entertainment; quality=720p","medium",""
"Live TV","General","Panico (Panico)","http://181.78.8.199:8000/play/a0bt/index.m3u8","VIDEO","HLS","m3u8","","true","false","","MX","http://www.pctvcanales.mx/canales/panico.aspx","COMMUNITY","iptv-org public index, publicly listed free stream (verify broadcaster-official before promote)","iptv-org; categories=; quality=576p","medium",""
"Live TV","General","Pluto TV Buskis (Pluto TV Buskis)","https://jmp2.uk/plu-660d5f2a635c75000828855f.m3u8","VIDEO","HLS","m3u8","","true","true","","SE","","COMMUNITY","iptv-org public index, publicly listed free stream (verify broadcaster-official before promote)","iptv-org; categories=entertainment; quality=","medium",""
"Live TV","General","PodRadio pa Pluto TV (PodRadio på Pluto TV)","https://jmp2.uk/plu-67f79fdb3481170e68c0bc38.m3u8","VIDEO","HLS","m3u8","","true","true","","SE","","COMMUNITY","iptv-org public index, publicly listed free stream (verify broadcaster-official before promote)","iptv-org; categories=entertainment; quality=","medium",""
"Live TV","General","Polo TV (Polo TV)","http://88b9da48.kazmazpaz.ru/iptv/XVU58NBPX2LUMP/19170/index.m3u8","VIDEO","HLS","m3u8","","true","false","","PL","https://www.polotv.pl/","COMMUNITY","iptv-org public index, publicly listed free stream (verify broadcaster-official before promote)","iptv-org; categories=; quality=1080i","medium","1492"
"Live TV","General","Polsat 2 (Polsat 2)","http://88b9da48.kazmazpaz.ru/iptv/XVU58NBPX2LUMP/6084/index.m3u8","VIDEO","HLS","m3u8","","true","false","","PL","https://www.polsat2.pl/","COMMUNITY","iptv-org public index, publicly listed free stream (verify broadcaster-official before promote)","iptv-org; categories=general; quality=1080p","medium","1493"
"Live TV","General","Polsat Cafe (Polsat Cafe)","http://88b9da48.kazmazpaz.ru/iptv/XVU58NBPX2LUMP/6085/index.m3u8","VIDEO","HLS","m3u8","","true","false","","PL","http://www.polsatcafe.pl/","COMMUNITY","iptv-org public index, publicly listed free stream (verify broadcaster-official before promote)","iptv-org; categories=; quality=1080p","medium","1494"
"Live TV","General","Polsat Games (Polsat Games)","http://88b9da48.kazmazpaz.ru/iptv/XVU58NBPX2LUMP/7295/index.m3u8","VIDEO","HLS","m3u8","","true","false","","PL","","COMMUNITY","iptv-org public index, publicly listed free stream (verify broadcaster-official before promote)","iptv-org; categories=; quality=1080p","medium",""
"Live TV","General","Polsat Play (Polsat Play)","http://88b9da48.kazmazpaz.ru/iptv/XVU58NBPX2LUMP/6087/index.m3u8","VIDEO","HLS","m3u8","","true","false","","PL","http://www.polsatplay.pl/","COMMUNITY","iptv-org public index, publicly listed free stream (verify broadcaster-official before promote)","iptv-org; categories=; quality=1080p","medium","1495"
"Live TV","General","Polsat Rodzina (Polsat Rodzina)","http://88b9da48.kazmazpaz.ru/iptv/XVU58NBPX2LUMP/7301/index.m3u8","VIDEO","HLS","m3u8","","true","false","","PL","https://www.polsat.pl/","COMMUNITY","iptv-org public index, publicly listed free stream (verify broadcaster-official before promote)","iptv-org; categories=; quality=1080p","medium","1496"
"Live TV","General","Polsat Sport 2 (Polsat Sport 2)","http://88b9da48.kazmazpaz.ru/iptv/XVU58NBPX2LUMP/7310/index.m3u8","VIDEO","HLS","m3u8","","true","false","","PL","","COMMUNITY","iptv-org public index, publicly listed free stream (verify broadcaster-official before promote)","iptv-org; categories=; quality=1080p","medium",""
"Live TV","General","Polsat Sport 3 (Polsat Sport 3)","http://88b9da48.kazmazpaz.ru/iptv/XVU58NBPX2LUMP/7303/index.m3u8","VIDEO","HLS","m3u8","","true","false","","PL","","COMMUNITY","iptv-org public index, publicly listed free stream (verify broadcaster-official before promote)","iptv-org; categories=; quality=1080p","medium",""
"Live TV","General","Qaf TV (Qaf TV)","https://customer-9vqui33qma2rownb.cloudflarestream.com/7792e558fe54e23bdd4b462ec275cdba/manifest/video.m3u8","VIDEO","HLS","m3u8","","true","true","","TR","https://www.qaf.tv/","COMMUNITY","iptv-org public index, publicly listed free stream (verify broadcaster-official before promote)","iptv-org; categories=; quality=1080p","medium",""
"Live TV","General","Radar Tasikmalaya TV (Radar Tasikmalaya TV)","https://v2.siar.us/radartasikmalaya/live/playlist.m3u8","VIDEO","HLS","m3u8","","true","true","","ID","https://radartasikmalaya.tv/","COMMUNITY","iptv-org public index, publicly listed free stream (verify broadcaster-official before promote)","iptv-org; categories=; quality=720p","medium","1497"
"Live TV","General","Radiowa Czworka (Radio Czwórka)","https://stream14.polskieradio.pl/pr4_video/video_pr4.stream/playlist.m3u8","VIDEO","HLS","m3u8","","true","true","","PL","https://www.polskieradio.pl","COMMUNITY","iptv-org public index, publicly listed free stream (verify broadcaster-official before promote)","iptv-org; categories=entertainment; quality=1080p","medium","1498"
"Live TV","General","Rede Globo (Rede Globo)","https://cors-proxy.cooks.fyi/http://hls1.sua.tv/live/globotvbahiafhdbr2/s.m3u8","VIDEO","HLS","m3u8","","true","true","","BR","https://redeglobo.globo.com/","COMMUNITY","iptv-org public index, publicly listed free stream (verify broadcaster-official before promote)","iptv-org; categories=; quality=1080p","medium","1499"
"Live TV","General","Salam TV (Salam TV)","https://salamtv.siar.us/live/salamtv.m3u8","VIDEO","HLS","m3u8","","true","true","","ID","https://salamtelevisi.com/","COMMUNITY","iptv-org public index, publicly listed free stream (verify broadcaster-official before promote)","iptv-org; categories=; quality=1080p","medium","1500"
"Live TV","General","Saudia Radio (Saudia Radio)","https://aloula-redirect.vercel.app/11/playlist.m3u8","VIDEO","HLS","m3u8","","true","true","","SA","","COMMUNITY","iptv-org public index, publicly listed free stream (verify broadcaster-official before promote)","iptv-org; categories=; quality=1080p","medium",""
"Live TV","General","SBC (SBC)","https://aloula-redirect.vercel.app/1/playlist.m3u8","VIDEO","HLS","m3u8","","true","true","","SA","https://sbctv.sba.sa/Home","COMMUNITY","iptv-org public index, publicly listed free stream (verify broadcaster-official before promote)","iptv-org; categories=general; quality=1080p","medium",""
"Live TV","General","SBT Cuiaba (SBT Cuiaba)","https://video09.logicahost.com.br/sbtcuiaba/sbtcuiaba/playlist.m3u8","VIDEO","HLS","m3u8","","true","true","","BR","http://www.sbtmt.com.br/","COMMUNITY","iptv-org public index, publicly listed free stream (verify broadcaster-official before promote)","iptv-org; categories=general; quality=","medium",""
"Live TV","General","SBT Nova Mutum (SBT Nova Mutum)","https://video09.logicahost.com.br/sbtmutum/sbtmutum/playlist.m3u8","VIDEO","HLS","m3u8","","true","true","","BR","","COMMUNITY","iptv-org public index, publicly listed free stream (verify broadcaster-official before promote)","iptv-org; categories=; quality=","medium",""
"Live TV","General","SBT Rondonopolis (SBT Rondonopolis)","https://video09.logicahost.com.br/sbtroo/sbtroo/playlist.m3u8","VIDEO","HLS","m3u8","","true","true","","BR","http://sbtmt.com.br/","COMMUNITY","iptv-org public index, publicly listed free stream (verify broadcaster-official before promote)","iptv-org; categories=; quality=","medium",""
"Live TV","General","SBT Sinop (SBT Sinop)","https://video09.logicahost.com.br/sbtsinop/sbtsinop/playlist.m3u8","VIDEO","HLS","m3u8","","true","true","","BR","http://sbtmt.com.br/","COMMUNITY","iptv-org public index, publicly listed free stream (verify broadcaster-official before promote)","iptv-org; categories=; quality=","medium",""
"Live TV","General","Sistema Michoacano de TV (Sistema Michoacano de TV)","https://s5.mexside.net:1936/enlinea/enlinea/playlist.m3u8","VIDEO","HLS","m3u8","","true","true","","MX","https://www.sistemamichoacano.tv/television","COMMUNITY","iptv-org public index, publicly listed free stream (verify broadcaster-official before promote)","iptv-org; categories=; quality=1080p","medium","1501"
"Live TV","General","SMTV (SMTV)","http://122.248.43.242:1935/SMTV/_definst_/myStream/playlist.m3u8","VIDEO","HLS","m3u8","","true","false","","ID","","COMMUNITY","iptv-org public index, publicly listed free stream (verify broadcaster-official before promote)","iptv-org; categories=; quality=720p","medium",""
"Live TV","General","Sony Marathi (Sony Marathi)","https://sl.vodep39240327.workers.dev/channel/SONY+MARATHI.m3u8","VIDEO","HLS","m3u8","","true","true","","IN","https://www.sonymarathi.com/","COMMUNITY","iptv-org public index, publicly listed free stream (verify broadcaster-official before promote)","iptv-org; categories=entertainment; quality=1080p","medium",""
"Live TV","General","StarPlus (StarPlus HD)","https://trs1.aynaott.com/starplushd/index.m3u8","VIDEO","HLS","m3u8","","true","true","","IN","http://www.hotstar.com/channels/star-plus","COMMUNITY","iptv-org public index, publicly listed free stream (verify broadcaster-official before promote)","iptv-org; categories=entertainment; quality=720p","medium","1502"
"Live TV","General","Stars TV (Stars TV)","http://88b9da48.kazmazpaz.ru/iptv/XVU58NBPX2LUMP/19168/index.m3u8","VIDEO","HLS","m3u8","","true","false","","PL","http://starstv.eu/","COMMUNITY","iptv-org public index, publicly listed free stream (verify broadcaster-official before promote)","iptv-org; categories=; quality=1080p","medium","1503"
"Live TV","General","Sultra TV (Sultra TV)","http://122.248.43.242:1935/SULTRATV/_definst_/myStream/playlist.m3u8","VIDEO","HLS","m3u8","","true","false","","ID","","COMMUNITY","iptv-org public index, publicly listed free stream (verify broadcaster-official before promote)","iptv-org; categories=; quality=720p","medium",""
"Live TV","Kids","Disney Channel Latin America (Disney Channel Latin America Center)","http://181.78.8.199:8000/play/a0dn/index.m3u8","VIDEO","HLS","m3u8","","true","false","","AR","https://www.disneylatino.com/tv","COMMUNITY","iptv-org public index, publicly listed free stream (verify broadcaster-official before promote)","iptv-org; categories=animation|kids; quality=1080p","medium","1504"
"Live TV","Kids","Gloobinho (Gloobinho)","http://143.14.178.40:7777/Gloobinho_HD/index.m3u8","VIDEO","HLS","m3u8","","true","false","","BR","https://globosatplay.globo.com/gloobinho/","COMMUNITY","iptv-org public index, publicly listed free stream (verify broadcaster-official before promote)","iptv-org; categories=kids; quality=1080p","medium",""
"Live TV","Kids","Pixel TV (Pixel.tv)","https://jmp2.uk/plu-62790dc1c733e8000733ba4d.m3u8","VIDEO","HLS","m3u8","","true","true","","PL","","COMMUNITY","iptv-org public index, publicly listed free stream (verify broadcaster-official before promote)","iptv-org; categories=animation|kids; quality=","medium",""
"Live TV","Kids","Plim Plim (Plim Plim)","http://8.243.126.131:8000/play/a0od/index.m3u8","VIDEO","HLS","m3u8","","true","false","","AR","https://plimplim.tv/","COMMUNITY","iptv-org public index, publicly listed free stream (verify broadcaster-official before promote)","iptv-org; categories=animation|kids; quality=1080p","medium","1505"
"Live TV","Kids","Pluto TV Juniorklubben (Pluto TV Juniorklubben)","https://jmp2.uk/plu-61c09a78bd194c0008decc28.m3u8","VIDEO","HLS","m3u8","","true","true","","SE","","COMMUNITY","iptv-org public index, publicly listed free stream (verify broadcaster-official before promote)","iptv-org; categories=kids; quality=720p","medium",""
"Live TV","Kids","Pluto TV Klassiske tegnefilm (Pluto TV Klassiske tegnefilm)","https://jmp2.uk/plu-67f508992ebe80e2929b5c98.m3u8","VIDEO","HLS","m3u8","","true","true","","SE","","COMMUNITY","iptv-org public index, publicly listed free stream (verify broadcaster-official before promote)","iptv-org; categories=kids; quality=720p","medium",""
"Live TV","Kids","Pluto TV Klassiske tegnefilmer (Pluto TV Klassiske tegnefilmer)","https://jmp2.uk/plu-67f508f68ddd60c57dc44766.m3u8","VIDEO","HLS","m3u8","","true","true","","SE","","COMMUNITY","iptv-org public index, publicly listed free stream (verify broadcaster-official before promote)","iptv-org; categories=kids; quality=720p","medium",""
"Live TV","Kids","Pluto TV Tecknade klassiker (Pluto TV Tecknade klassiker)","https://jmp2.uk/plu-67f5095a3481170e6843d95d.m3u8","VIDEO","HLS","m3u8","","true","true","","SE","","COMMUNITY","iptv-org public index, publicly listed free stream (verify broadcaster-official before promote)","iptv-org; categories=kids; quality=720p","medium",""
"Live TV","Kids","Pluto TV Tecknat (Pluto TV Tecknat)","https://jmp2.uk/plu-61c0b6f028e94c000782684a.m3u8","VIDEO","HLS","m3u8","","true","true","","SE","","COMMUNITY","iptv-org public index, publicly listed free stream (verify broadcaster-official before promote)","iptv-org; categories=kids; quality=720p","medium",""
"Live TV","Kids","Pluto TV Tegnefilm (Pluto TV Tegnefilm)","https://jmp2.uk/plu-61c09938e0d3a700072b68b1.m3u8","VIDEO","HLS","m3u8","","true","true","","SE","","COMMUNITY","iptv-org public index, publicly listed free stream (verify broadcaster-official before promote)","iptv-org; categories=kids; quality=720p","medium",""
"Live TV","Kids","Pluto TV Ungdomsserier (Pluto TV Ungdomsserier)","https://jmp2.uk/plu-67f3fb1cdea1c5e0d588ac1b.m3u8","VIDEO","HLS","m3u8","","true","true","","SE","","COMMUNITY","iptv-org public index, publicly listed free stream (verify broadcaster-official before promote)","iptv-org; categories=kids; quality=720p","medium",""
"Live TV","Kids","Polsat JimJam (Polsat JimJam)","http://88b9da48.kazmazpaz.ru/iptv/XVU58NBPX2LUMP/7298/index.m3u8","VIDEO","HLS","m3u8","","true","false","","PL","http://www.pl.jimjam.tv/","COMMUNITY","iptv-org public index, publicly listed free stream (verify broadcaster-official before promote)","iptv-org; categories=kids; quality=576p","medium",""
"Live TV","Kids","Slime (Slime)","https://slime.x1co.com.br/hls/stream.m3u8","VIDEO","HLS","m3u8","","true","true","","BR","https://slime.x1co.com.br","COMMUNITY","iptv-org public index, publicly listed free stream (verify broadcaster-official before promote)","iptv-org; categories=animation|kids; quality=576p","medium","1506"
"Live TV","Kids","Sony Yay! (Sony Yay!)","https://sl.vodep39240327.workers.dev/channel/SONY+YAY.m3u8","VIDEO","HLS","m3u8","","true","true","","IN","https://www.sonyyay.com/","COMMUNITY","iptv-org public index, publicly listed free stream (verify broadcaster-official before promote)","iptv-org; categories=animation|kids; quality=1080p","medium",""
"Live TV","Movie","Goldmines (Goldmines)","https://trs1.aynaott.com/Goldmines/index.m3u8","VIDEO","HLS","m3u8","","true","true","","IN","","COMMUNITY","iptv-org public index, publicly listed free stream (verify broadcaster-official before promote)","iptv-org; categories=movies; quality=576p","medium",""
"Live TV","Movie","Goldmines Bollywood (Goldmines Bollywood)","https://mumt03.tangotv.in/Dsly5z3HGOLDMINESBOLLYWOOD/index.m3u8","VIDEO","HLS","m3u8","","true","true","","IN","https://goldmines.co.in","COMMUNITY","iptv-org public index, publicly listed free stream (verify broadcaster-official before promote)","iptv-org; categories=movies; quality=576p","medium",""
"Live TV","Movie","Kino Polska (Kino Polska)","http://88b9da48.kazmazpaz.ru/iptv/XVU58NBPX2LUMP/6088/index.m3u8","VIDEO","HLS","m3u8","","true","false","","PL","http://kinopolska.pl/","COMMUNITY","iptv-org public index, publicly listed free stream (verify broadcaster-official before promote)","iptv-org; categories=movies; quality=1080p","medium","1507"
"Live TV","Movie","MoviePlex (MoviePlex)","https://mumt04.tangotv.in/m18aqlK4MOVIEPLEX/index.m3u8","VIDEO","HLS","m3u8","","true","true","","IN","http://indianfashion.tv/","COMMUNITY","iptv-org public index, publicly listed free stream (verify broadcaster-official before promote)","iptv-org; categories=movies; quality=576p","medium",""
"Live TV","Movie","Pluto TV Action (Pluto TV Action)","https://jmp2.uk/plu-61c095861782bd000780e0ba.m3u8","VIDEO","HLS","m3u8","","true","true","","SE","","COMMUNITY","iptv-org public index, publicly listed free stream (verify broadcaster-official before promote)","iptv-org; categories=movies|series; quality=","medium",""
"Live TV","Movie","Pluto TV Bud & Terence (Pluto TV Bud & Terence)","https://jmp2.uk/plu-65b915b1dc10a40008d53797.m3u8","VIDEO","HLS","m3u8","","true","true","","SE","","COMMUNITY","iptv-org public index, publicly listed free stream (verify broadcaster-official before promote)","iptv-org; categories=movies; quality=","medium",""
"Live TV","Movie","Pluto TV Danske klassikere (Pluto TV Danske klassikere)","https://jmp2.uk/plu-67d2b814fe36d6e7b1d2318a.m3u8","VIDEO","HLS","m3u8","","true","true","","SE","","COMMUNITY","iptv-org public index, publicly listed free stream (verify broadcaster-official before promote)","iptv-org; categories=movies|classic; quality=","medium",""
"Live TV","Movie","Pluto TV Film (Pluto TV Film)","https://jmp2.uk/plu-61c09515fbb4b50007d221f5.m3u8","VIDEO","HLS","m3u8","","true","true","","SE","","COMMUNITY","iptv-org public index, publicly listed free stream (verify broadcaster-official before promote)","iptv-org; categories=movies; quality=","medium",""
"Live TV","Movie","Pluto TV Harlequin (Pluto TV Harlequin)","https://jmp2.uk/plu-68c01afa3efb41cd9759dafb.m3u8","VIDEO","HLS","m3u8","","true","true","","SE","","COMMUNITY","iptv-org public index, publicly listed free stream (verify broadcaster-official before promote)","iptv-org; categories=movies; quality=","medium",""
"Live TV","Movie","Pluto TV Horror (Pluto TV Horror)","https://jmp2.uk/plu-63a1c9790cc44a0007dc8857.m3u8","VIDEO","HLS","m3u8","","true","true","","SE","","COMMUNITY","iptv-org public index, publicly listed free stream (verify broadcaster-official before promote)","iptv-org; categories=movies|series; quality=","medium",""
"Live TV","Movie","Pluto TV Humor (Pluto TV Humor)","https://jmp2.uk/plu-61c0974945b45d0007aaa5ac.m3u8","VIDEO","HLS","m3u8","","true","true","","SE","","COMMUNITY","iptv-org public index, publicly listed free stream (verify broadcaster-official before promote)","iptv-org; categories=movies|comedy; quality=","medium",""
"Live TV","Movie","Pluto TV John Wayne (Pluto TV John Wayne)","https://jmp2.uk/plu-655ca7aa635c3c000855d655.m3u8","VIDEO","HLS","m3u8","","true","true","","SE","","COMMUNITY","iptv-org public index, publicly listed free stream (verify broadcaster-official before promote)","iptv-org; categories=movies; quality=","medium",""
"Live TV","Movie","Pluto TV Komedi (Pluto TV Komedi)","https://jmp2.uk/plu-61c0b36d18447e000717d686.m3u8","VIDEO","HLS","m3u8","","true","true","","SE","","COMMUNITY","iptv-org public index, publicly listed free stream (verify broadcaster-official before promote)","iptv-org; categories=movies|comedy; quality=","medium",""
"Live TV","Movie","Pluto TV Komedie (Pluto TV Komedie)","https://jmp2.uk/plu-61c1e3a679a4390007c78136.m3u8","VIDEO","HLS","m3u8","","true","true","","SE","","COMMUNITY","iptv-org public index, publicly listed free stream (verify broadcaster-official before promote)","iptv-org; categories=movies|comedy; quality=","medium",""
"Live TV","Movie","Pluto TV Kultfilm (Pluto TV Kultfilm)","https://jmp2.uk/plu-63dbe7ed51f5d000083e9499.m3u8","VIDEO","HLS","m3u8","","true","true","","SE","","COMMUNITY","iptv-org public index, publicly listed free stream (verify broadcaster-official before promote)","iptv-org; categories=movies; quality=","medium",""
"Live TV","Movie","Pluto TV Kultfilmer (Pluto TV Kultfilmer)","https://jmp2.uk/plu-63dbe80f60bc8f0008aa7c78.m3u8","VIDEO","HLS","m3u8","","true","true","","SE","","COMMUNITY","iptv-org public index, publicly listed free stream (verify broadcaster-official before promote)","iptv-org; categories=movies; quality=","medium",""
"Live TV","Movie","Pluto TV Paranormal (Pluto TV Paranormal)","https://jmp2.uk/plu-62b30beb81f89900071fc7b9.m3u8","VIDEO","HLS","m3u8","","true","true","","SE","","COMMUNITY","iptv-org public index, publicly listed free stream (verify broadcaster-official before promote)","iptv-org; categories=movies; quality=","medium",""
"Live TV","Movie","Pluto TV Romantik (Pluto TV Romantik)","https://jmp2.uk/plu-63a1c954d3897300079fcb12.m3u8","VIDEO","HLS","m3u8","","true","true","","SE","","COMMUNITY","iptv-org public index, publicly listed free stream (verify broadcaster-official before promote)","iptv-org; categories=movies; quality=","medium",""
"Live TV","Movie","Pluto TV Romantikk (Pluto TV Romantikk)","https://jmp2.uk/plu-63a19bb5e6914b000721b5c0.m3u8","VIDEO","HLS","m3u8","","true","true","","SE","","COMMUNITY","iptv-org public index, publicly listed free stream (verify broadcaster-official before promote)","iptv-org; categories=movies; quality=","medium",""
"Live TV","Movie","Pluto TV Sci-Fi (Pluto TV Sci-Fi)","https://jmp2.uk/plu-61f9598588f86000078ee7d6.m3u8","VIDEO","HLS","m3u8","","true","true","","SE","","COMMUNITY","iptv-org public index, publicly listed free stream (verify broadcaster-official before promote)","iptv-org; categories=movies|series; quality=","medium",""
"Live TV","Movie","Pluto TV Star Trek (Pluto TV Star Trek)","https://jmp2.uk/plu-61c1979dfa307000070bbe4d.m3u8","VIDEO","HLS","m3u8","","true","true","","SE","","COMMUNITY","iptv-org public index, publicly listed free stream (verify broadcaster-official before promote)","iptv-org; categories=movies|series; quality=","medium",""
"Live TV","Movie","Pluto TV Wild West (Pluto TV Wild West)","https://jmp2.uk/plu-68c01732b3900870ec74766f.m3u8","VIDEO","HLS","m3u8","","true","true","","SE","","COMMUNITY","iptv-org public index, publicly listed free stream (verify broadcaster-official before promote)","iptv-org; categories=movies|series; quality=","medium",""
"Live TV","Movie","Polsat Film (Polsat Film)","http://88b9da48.kazmazpaz.ru/iptv/XVU58NBPX2LUMP/6086/index.m3u8","VIDEO","HLS","m3u8","","true","false","","PL","https://www.polsatfilm.pl/","COMMUNITY","iptv-org public index, publicly listed free stream (verify broadcaster-official before promote)","iptv-org; categories=movies; quality=1080p","medium","1508"
"Live TV","Movie","Sony Pix (Sony Pix HD)","https://sl.vodep39240327.workers.dev/channel/SONY+PIX+HD.m3u8","VIDEO","HLS","m3u8","","true","true","","IN","http://www.sonypix.com/","COMMUNITY","iptv-org public index, publicly listed free stream (verify broadcaster-official before promote)","iptv-org; categories=movies; quality=1080p","medium","1509"
"Live TV","Movie","Sony Wah (Sony Wah)","https://sl.vodep39240327.workers.dev/channel/SONY+WAH.m3u8","VIDEO","HLS","m3u8","","true","true","","IN","https://www.sonywah.tv/","COMMUNITY","iptv-org public index, publicly listed free stream (verify broadcaster-official before promote)","iptv-org; categories=movies; quality=1080p","medium","1510"
"Live TV","News","Al Arabiya English (Al Arabiya English)","https://live.alarabiya.net/alarabiapublish/english/playlist_dvr.m3u8","VIDEO","HLS","m3u8","","true","true","","SA","","COMMUNITY","iptv-org public index, publicly listed free stream (verify broadcaster-official before promote)","iptv-org; categories=news; quality=1080p","medium",""
"Live TV","News","Al Ekhbariya (Al Ekhbariya)","https://aloula-redirect.vercel.app/4/playlist.m3u8","VIDEO","HLS","m3u8","","true","true","","SA","https://www.alekhbariya.net/","COMMUNITY","iptv-org public index, publicly listed free stream (verify broadcaster-official before promote)","iptv-org; categories=news; quality=1080p","medium",""
"Live TV","News","Assam Talks (Assam Talks)","https://trs1.aynaott.com/AssamTalks/index.m3u8","VIDEO","HLS","m3u8","","true","true","","IN","http://assamtalks.com/","COMMUNITY","iptv-org public index, publicly listed free stream (verify broadcaster-official before promote)","iptv-org; categories=news; quality=576p","medium","1511"
"Live TV","News","BM&C News (BM&C News)","https://jmp2.uk/plu-666c9c60a7efd40008f552f0.m3u8","VIDEO","HLS","m3u8","","true","true","","BR","https://bmcnews.com.br/","COMMUNITY","iptv-org public index, publicly listed free stream (verify broadcaster-official before promote)","iptv-org; categories=news; quality=720p","medium","1512"
"Live TV","News","Can TV (Can TV)","http://canbroadcast.com:7000/canlican/tv.m3u8","VIDEO","HLS","m3u8","","true","false","","TR","https://cantv.tv/","COMMUNITY","iptv-org public index, publicly listed free stream (verify broadcaster-official before promote)","iptv-org; categories=news; quality=720p","medium",""
"Live TV","News","Canal Metropolitano de Noticias (Canal Metropolitano de Noticias)","https://stmv5.samcast.com.br/claudio8701/claudio8701/playlist.m3u8","VIDEO","HLS","m3u8","","true","true","","BR","","COMMUNITY","iptv-org public index, publicly listed free stream (verify broadcaster-official before promote)","iptv-org; categories=news; quality=","medium",""
"Live TV","News","Ind 24 (Ind 24)","https://mumt02.tangotv.in/IND24/index.m3u8","VIDEO","HLS","m3u8","","true","true","","IN","https://ind24.tv/","COMMUNITY","iptv-org public index, publicly listed free stream (verify broadcaster-official before promote)","iptv-org; categories=news; quality=576p","medium","1513"
"Live TV","News","K News India (K News India)","https://mumt02.tangotv.in/KNEWSINDIA/index.m3u8","VIDEO","HLS","m3u8","","true","true","","IN","https://knewsindia.in/","COMMUNITY","iptv-org public index, publicly listed free stream (verify broadcaster-official before promote)","iptv-org; categories=news; quality=576p","medium","1514"
"Live TV","News","Mirror Now (Mirror Now)","https://pubads.g.doubleclick.net/ssai/event/DXkHhH2QSnma-HnE3QJqlA/master.m3u8","VIDEO","HLS","m3u8","","true","true","","IN","https://www.timesnownews.com/mirror-now","COMMUNITY","iptv-org public index, publicly listed free stream (verify broadcaster-official before promote)","iptv-org; categories=news; quality=720p","medium","1515"
"Live TV","News","Moon TV (Moon TV)","https://player.mslivestream.net/mslive/e10bb900976df9177b9a080314f26f86.sdp/index.m3u8","VIDEO","HLS","m3u8","","true","true","","IN","http://www.moontvlive.com/","COMMUNITY","iptv-org public index, publicly listed free stream (verify broadcaster-official before promote)","iptv-org; categories=news; quality=720p","medium",""
"Live TV","News","Plena TV (Plena TV)","https://cdn.jmvstream.com/w/LVW-9591/LVW9591_PmXtgATnaS/playlist.m3u8","VIDEO","HLS","m3u8","","true","true","","BR","http://www.folha1.com.br/plena_tv","COMMUNITY","iptv-org public index, publicly listed free stream (verify broadcaster-official before promote)","iptv-org; categories=news; quality=720p","medium","1516"
"Live TV","News","Pratham Khabar 24x7 (Pratham Khabar 24x7)","https://livelegitpro.in/hls2/newstime/index.m3u8","VIDEO","HLS","m3u8","","true","true","","IN","https://prathamkhabartv.com/","COMMUNITY","iptv-org public index, publicly listed free stream (verify broadcaster-official before promote)","iptv-org; categories=news; quality=576p","medium","1517"
"Live TV","News","Prime News (Prime News)","https://mumt02.tangotv.in/PRIMENEWS/index.m3u8","VIDEO","HLS","m3u8","","true","true","","IN","","COMMUNITY","iptv-org public index, publicly listed free stream (verify broadcaster-official before promote)","iptv-org; categories=news; quality=576p","medium",""
"Live TV","Pop","BOKTV (BOKTV)","https://livestream2.bokradio.co.za/hls/Bok5c.m3u8","VIDEO","HLS","m3u8","","true","true","","ZA","https://www.bokradio.co.za/","COMMUNITY","iptv-org public index, publicly listed free stream (verify broadcaster-official before promote)","iptv-org; categories=music; quality=720p","medium",""
"Live TV","Pop","Disco Polo Music (Disco Polo Music)","http://88b9da48.kazmazpaz.ru/iptv/XVU58NBPX2LUMP/19169/index.m3u8","VIDEO","HLS","m3u8","","true","false","","PL","http://www.discopolomusic.pl/","COMMUNITY","iptv-org public index, publicly listed free stream (verify broadcaster-official before promote)","iptv-org; categories=music; quality=1080p","medium","1518"
"Live TV","Pop","Eska Rock TV (Eska Rock TV)","http://88b9da48.kazmazpaz.ru/iptv/XVU58NBPX2LUMP/19172/index.m3u8","VIDEO","HLS","m3u8","","true","false","","PL","https://www.eska.tv/","COMMUNITY","iptv-org public index, publicly listed free stream (verify broadcaster-official before promote)","iptv-org; categories=music; quality=1080p","medium","1519"
"Live TV","Pop","Eska TV (Eska TV)","http://88b9da48.kazmazpaz.ru/iptv/XVU58NBPX2LUMP/19174/index.m3u8","VIDEO","HLS","m3u8","","true","false","","PL","https://www.eska.tv/","COMMUNITY","iptv-org public index, publicly listed free stream (verify broadcaster-official before promote)","iptv-org; categories=music; quality=1080p","medium","1520"
"Live TV","Pop","Eska TV Extra (Eska TV Extra)","http://88b9da48.kazmazpaz.ru/iptv/XVU58NBPX2LUMP/19173/index.m3u8","VIDEO","HLS","m3u8","","true","false","","PL","https://www.eska.tv/","COMMUNITY","iptv-org public index, publicly listed free stream (verify broadcaster-official before promote)","iptv-org; categories=music; quality=1080p","medium","1521"
"Live TV","Pop","Jeddah Radio (Jeddah Radio)","https://aloula-redirect.vercel.app/15/playlist.m3u8","VIDEO","HLS","m3u8","","true","true","","SA","","COMMUNITY","iptv-org public index, publicly listed free stream (verify broadcaster-official before promote)","iptv-org; categories=music; quality=1080p","medium",""
"Live TV","Pop","Kral Pop TV (KRAL Pop TV)","https://dogus-live.daioncdn.net/kralpoptv/playlist.m3u8","VIDEO","HLS","m3u8","","true","true","","TR","https://www.kralmuzik.com.tr/tv/kral-pop-tv","COMMUNITY","iptv-org public index, publicly listed free stream (verify broadcaster-official before promote)","iptv-org; categories=music; quality=720p","medium","1522"
"Live TV","Pop","Music Box Brazil (Music Box Brazil)","http://143.14.178.40:7777/Music_Box_HD/index.m3u8","VIDEO","HLS","m3u8","","true","false","","BR","https://boxbrazil.tv.br/prime-box-brazil/","COMMUNITY","iptv-org public index, publicly listed free stream (verify broadcaster-official before promote)","iptv-org; categories=music; quality=1080p","medium","1523"
"Live TV","Pop","Nidae AlIslam Radio (Nidae AlIslam Radio)","https://aloula-redirect.vercel.app/14/playlist.m3u8","VIDEO","HLS","m3u8","","true","true","","SA","https://www.aloula.sa/en/live/nidaalislam","COMMUNITY","iptv-org public index, publicly listed free stream (verify broadcaster-official before promote)","iptv-org; categories=music; quality=1080p","medium",""
"Live TV","Pop","Sangeet Bangla (Sangeet Bangla)","https://trs1.aynaott.com/SangeetBangla/index.m3u8","VIDEO","HLS","m3u8","","true","true","","IN","https://www.sangeetbangla.com/","COMMUNITY","iptv-org public index, publicly listed free stream (verify broadcaster-official before promote)","iptv-org; categories=music; quality=576p","medium",""
"Live TV","Pop","Steelbird Music (Steelbird Music)","https://cdn2.in/SteelbirdMusicTVhls/live.m3u8","VIDEO","HLS","m3u8","","true","true","","IN","","COMMUNITY","iptv-org public index, publicly listed free stream (verify broadcaster-official before promote)","iptv-org; categories=music; quality=720p","medium",""
"Live TV","Religious","Al Quran Al Kareem TV (Al Quran Al Kareem TV)","https://aloula-redirect.vercel.app/7/playlist.m3u8","VIDEO","HLS","m3u8","","true","true","","SA","https://makkahlive.net/tvquran.aspx","COMMUNITY","iptv-org public index, publicly listed free stream (verify broadcaster-official before promote)","iptv-org; categories=religious; quality=1080p","medium","1524"
"Live TV","Religious","Al Sunnah Al Nabawiyah TV (Al Sunnah Al Nabawiyah TV)","https://aloula-redirect.vercel.app/6/playlist.m3u8","VIDEO","HLS","m3u8","","true","true","","SA","https://www.aloula.sa/en/live/sunnatvsa","COMMUNITY","iptv-org public index, publicly listed free stream (verify broadcaster-official before promote)","iptv-org; categories=religious; quality=1080p","medium",""
"Live TV","Religious","Anand TV (Anand TV)","https://live.legitpro.co.in/anandtv/index.m3u8","VIDEO","HLS","m3u8","","true","true","","IN","","COMMUNITY","iptv-org public index, publicly listed free stream (verify broadcaster-official before promote)","iptv-org; categories=religious; quality=1080p","medium",""
"Live TV","Religious","Ashiil TV (Ashiil TV)","https://wahyu1ptv.pages.dev/AshiilTV-HD.m3u8","VIDEO","HLS","m3u8","","true","true","","ID","http://www.ashiil.tv/","COMMUNITY","iptv-org public index, publicly listed free stream (verify broadcaster-official before promote)","iptv-org; categories=religious; quality=480p","medium","1525"
"Live TV","Religious","BAMOS TV (BAMOS TV)","https://video2.getstreamhosting.com:19360/8092/8092.m3u8","VIDEO","HLS","m3u8","","true","true","","MX","https://www.bamos.com.mx/","COMMUNITY","iptv-org public index, publicly listed free stream (verify broadcaster-official before promote)","iptv-org; categories=religious; quality=1080p","medium","1526"
"Live TV","Religious","Canal 13 Jujuy (Canal 13 Jujuy TV)","https://genexservicios.com:19360/canal13jujuy/canal13jujuy.m3u8","VIDEO","HLS","m3u8","","true","true","","AR","http://www.canal13jujuy.com/","COMMUNITY","iptv-org public index, publicly listed free stream (verify broadcaster-official before promote)","iptv-org; categories=religious; quality=720p","medium",""
"Live TV","Religious","Holy Quran Radio (Holy Quran Radio)","https://aloula-redirect.vercel.app/13/playlist.m3u8","VIDEO","HLS","m3u8","","true","true","","SA","https://radioplus.sba.sa/ar/live/4","COMMUNITY","iptv-org public index, publicly listed free stream (verify broadcaster-official before promote)","iptv-org; categories=religious|general; quality=1080p","medium","1527"
"Live TV","Religious","Hope Channel Africa (Hope Channel Africa)","https://jstre.am/live/jsl:i1onRBELcGV.m3u8","VIDEO","HLS","m3u8","","true","true","","ZA","https://www.hopeafrica.tv/","COMMUNITY","iptv-org public index, publicly listed free stream (verify broadcaster-official before promote)","iptv-org; categories=religious; quality=1080p","medium","1528"
"Live TV","Religious","Namdhari TV (Namdhari)","https://namdhari.tv/live/sbs1.m3u8","VIDEO","HLS","m3u8","","true","true","","IN","https://namdhari.tv/","COMMUNITY","iptv-org public index, publicly listed free stream (verify broadcaster-official before promote)","iptv-org; categories=religious; quality=404p","medium",""
"Live TV","Series","Pluto TV Brittisk Crime & Drama (Pluto TV Brittisk Crime & Drama)","https://jmp2.uk/plu-65b91b53dc10a40008d54777.m3u8","VIDEO","HLS","m3u8","","true","true","","SE","","COMMUNITY","iptv-org public index, publicly listed free stream (verify broadcaster-official before promote)","iptv-org; categories=series; quality=","medium",""
"Live TV","Series","Pluto TV Overnaturlig (Pluto TV Overnaturlig)","https://jmp2.uk/plu-61c1e74354d923000731bf7c.m3u8","VIDEO","HLS","m3u8","","true","true","","SE","","COMMUNITY","iptv-org public index, publicly listed free stream (verify broadcaster-official before promote)","iptv-org; categories=series; quality=","medium",""
"Live TV","Series","Pluto TV True Crime (Pluto TV True Crime)","https://jmp2.uk/plu-61c097ec8bb1830008e3f962.m3u8","VIDEO","HLS","m3u8","","true","true","","SE","","COMMUNITY","iptv-org public index, publicly listed free stream (verify broadcaster-official before promote)","iptv-org; categories=series|documentary; quality=","medium",""
"Live TV","Sports","DeporTV (DeporTV)","https://edgectc.com/DEPORTES_CTC_PLUS/index.m3u8","VIDEO","HLS","m3u8","","true","true","","AR","http://deportv.gov.ar/","COMMUNITY","iptv-org public index, publicly listed free stream (verify broadcaster-official before promote)","iptv-org; categories=sports; quality=1080p","medium","1529"
"Live TV","Sports","Fox Sports (FOX Sports)","https://jmp2.uk/plu-5a74b8e1e22a61737979c6bf.m3u8","VIDEO","HLS","m3u8","","true","true","","AR","","COMMUNITY","iptv-org public index, publicly listed free stream (verify broadcaster-official before promote)","iptv-org; categories=sports; quality=720p","medium",""
"Live TV","Sports","KSA Sports 1 (KSA Sports 1)","https://aloula-redirect.vercel.app/9/playlist.m3u8","VIDEO","HLS","m3u8","","true","true","","SA","https://www.aloula.sa/live/ksa-sports1","COMMUNITY","iptv-org public index, publicly listed free stream (verify broadcaster-official before promote)","iptv-org; categories=sports; quality=1080p","medium",""
"Live TV","Sports","KSA Sports 2 (KSA Sports 2)","https://aloula-redirect.vercel.app/10/playlist.m3u8","VIDEO","HLS","m3u8","","true","true","","SA","https://www.aloula.sa/live/ksa-sports2","COMMUNITY","iptv-org public index, publicly listed free stream (verify broadcaster-official before promote)","iptv-org; categories=sports; quality=1080p","medium",""
"Live TV","Sports","KSA Sports 3 (KSA Sports 3)","https://aloula-redirect.vercel.app/16/playlist.m3u8","VIDEO","HLS","m3u8","","true","true","","SA","https://www.aloula.sa/live/ksa-sports3","COMMUNITY","iptv-org public index, publicly listed free stream (verify broadcaster-official before promote)","iptv-org; categories=sports; quality=1080p","medium",""
"Live TV","Sports","Pluto TV Fishing (Pluto TV Fishing)","https://jmp2.uk/plu-619e1874e0d3a7000729a036.m3u8","VIDEO","HLS","m3u8","","true","true","","SE","","COMMUNITY","iptv-org public index, publicly listed free stream (verify broadcaster-official before promote)","iptv-org; categories=sports|outdoor; quality=","medium",""
"Live TV","Sports","Pluto TV Handbold Highlights (Pluto TV Håndbold Highlights)","https://jmp2.uk/plu-68dfa431cc3c6cd904053100.m3u8","VIDEO","HLS","m3u8","","true","true","","SE","","COMMUNITY","iptv-org public index, publicly listed free stream (verify broadcaster-official before promote)","iptv-org; categories=sports; quality=","medium",""
"Live TV","Sports","Pluto TV Handbold Live (Pluto TV Håndbold Live)","https://jmp2.uk/plu-6618f54baec96800081525ec.m3u8","VIDEO","HLS","m3u8","","true","true","","SE","","COMMUNITY","iptv-org public index, publicly listed free stream (verify broadcaster-official before promote)","iptv-org; categories=sports; quality=","medium",""
"Live TV","Sports","Pluto TV Handboll Highlights (Pluto TV Handboll Highlights)","https://jmp2.uk/plu-68dfa3e2cc3c6cd904052c41.m3u8","VIDEO","HLS","m3u8","","true","true","","SE","","COMMUNITY","iptv-org public index, publicly listed free stream (verify broadcaster-official before promote)","iptv-org; categories=sports; quality=","medium",""
"Live TV","Sports","Pluto TV Handboll Live (Pluto TV Handboll Live)","https://jmp2.uk/plu-686faf533ffa5e0c912688e7.m3u8","VIDEO","HLS","m3u8","","true","true","","SE","","COMMUNITY","iptv-org public index, publicly listed free stream (verify broadcaster-official before promote)","iptv-org; categories=sports; quality=","medium",""
"Live TV","Sports","Pluto TV Snooker 900 (Pluto TV Snooker 900)","https://jmp2.uk/plu-68ac55bb3efb41cd979a65ec.m3u8","VIDEO","HLS","m3u8","","true","true","","SE","","COMMUNITY","iptv-org public index, publicly listed free stream (verify broadcaster-official before promote)","iptv-org; categories=sports; quality=720p","medium",""
"Live TV","Sports","Pluto TV Sport (Pluto TV Sport)","https://jmp2.uk/plu-6357f3de3643ba0007bc0b50.m3u8","VIDEO","HLS","m3u8","","true","true","","SE","","COMMUNITY","iptv-org public index, publicly listed free stream (verify broadcaster-official before promote)","iptv-org; categories=sports; quality=","medium",""
"Live TV","Sports","Polsat Sport Fight (Polsat Sport Fight)","http://88b9da48.kazmazpaz.ru/iptv/XVU58NBPX2LUMP/7311/index.m3u8","VIDEO","HLS","m3u8","","true","false","","PL","https://www.polsatsport.pl/","COMMUNITY","iptv-org public index, publicly listed free stream (verify broadcaster-official before promote)","iptv-org; categories=sports; quality=1080p","medium","1530"
"Live TV","Sports","Sport Klub (Sport Klub)","http://88b9da48.kazmazpaz.ru/iptv/XVU58NBPX2LUMP/2521/index.m3u8","VIDEO","HLS","m3u8","","true","false","","PL","https://sportowefakty.wp.pl/","COMMUNITY","iptv-org public index, publicly listed free stream (verify broadcaster-official before promote)","iptv-org; categories=sports; quality=1080p","medium","1531"
"Live TV","Sports","SPOTV (SPOTV)","http://primestreams.tv:826/live/mookie22/49aV7nBsK4/119515.m3u8","VIDEO","HLS","m3u8","","true","false","","ID","","COMMUNITY","iptv-org public index, publicly listed free stream (verify broadcaster-official before promote)","iptv-org; categories=sports; quality=720p","medium",""
"Live TV","Documentary","Archivos Forenses (Archivos Forenses)","https://jmp2.uk/plu-5f984f4a09e92d0007d74647.m3u8","VIDEO","HLS","m3u8","","true","true","","US","https://pluto.tv/en/live-tv/archivos-forenses-es","COMMUNITY","iptv-org public index, publicly listed free stream (verify broadcaster-official before promote)","iptv-org; categories=documentary; quality=","medium",""
"Live TV","Documentary","Backstage (Backstage)","https://d2ah48mnofquik.cloudfront.net/Backstage.m3u8","VIDEO","HLS","m3u8","","true","true","","US","https://www.fuse.tv/v/fuse-backstage/a4068154335cc15ab055a34979c5e1c4","COMMUNITY","iptv-org public index, publicly listed free stream (verify broadcaster-official before promote)","iptv-org; categories=documentary; quality=1080p","medium","1532"
"Live TV","Documentary","BBC Earth (BBC Earth Greece)","http://185.102.171.218/BBCEarth/index.m3u8","VIDEO","HLS","m3u8","","true","false","","UK","","COMMUNITY","iptv-org public index, publicly listed free stream (verify broadcaster-official before promote)","iptv-org; categories=documentary; quality=1080p","medium",""
"Live TV","Documentary","BritBox Mysteries (BritBox Mysteries)","https://jmp2.uk/plu-60f5d389985a0c0007357304.m3u8","VIDEO","HLS","m3u8","","true","true","","US","https://pluto.tv/en/live-tv/britbox-mysteries","COMMUNITY","iptv-org public index, publicly listed free stream (verify broadcaster-official before promote)","iptv-org; categories=documentary; quality=720p","medium",""
"Live TV","Documentary","Cazador de Homicidas (Cazador de Homicidas)","https://jmp2.uk/plu-60ed5fb9c4716d0007d180c5.m3u8","VIDEO","HLS","m3u8","","true","true","","US","https://pluto.tv/en/live-tv/cazador-de-homicidas-es","COMMUNITY","iptv-org public index, publicly listed free stream (verify broadcaster-official before promote)","iptv-org; categories=documentary; quality=","medium",""
"Live TV","Documentary","CCTV-Weapon & Technology (CCTV-Weapon & Technology)","http://38.75.136.137:98/gslb/dsdqpub/gfjs.m3u8?auth=testpub","VIDEO","HLS","m3u8","","true","false","","CN","http://tv.cctv.com/","COMMUNITY","iptv-org public index, publicly listed free stream (verify broadcaster-official before promote)","iptv-org; categories=documentary; quality=1080p","medium","1533"
"Live TV","Documentary","Crime 360 (Crime 360)","https://jmp2.uk/plu-657880c46e4f6a00087404d0.m3u8","VIDEO","HLS","m3u8","","true","true","","US","https://pluto.tv/en/live-tv/crime-360","COMMUNITY","iptv-org public index, publicly listed free stream (verify broadcaster-official before promote)","iptv-org; categories=documentary; quality=720p","medium",""
"Live TV","Documentary","Crimen & Historia (Crimen & Historia)","https://jmp2.uk/plu-64ddcbb14c5ed80008fad416.m3u8","VIDEO","HLS","m3u8","","true","true","","ES","https://lovetvchannels.com/en/our-channels/#crime","COMMUNITY","iptv-org public index, publicly listed free stream (verify broadcaster-official before promote)","iptv-org; categories=documentary; quality=720p","medium","1534"
"Live TV","Documentary","Dallas Cowboys Cheerleaders (Dallas Cowboys Cheerleaders)","https://jmp2.uk/plu-64e87c6b28cec700088ceb55.m3u8","VIDEO","HLS","m3u8","","true","true","","US","https://www.pluto.tv/en/live-tv/dallas-cowboys-cheerleaders","COMMUNITY","iptv-org public index, publicly listed free stream (verify broadcaster-official before promote)","iptv-org; categories=documentary; quality=","medium",""
"Live TV","Documentary","Danger TV (DangerTV)","https://dk0n7jh428tzj.cloudfront.net/v1/dangertv/samsungheadend_us/latest/main/hls/playlist.m3u8","VIDEO","HLS","m3u8","","true","true","","US","https://www.dangertv.com/about/terms","COMMUNITY","iptv-org public index, publicly listed free stream (verify broadcaster-official before promote)","iptv-org; categories=documentary; quality=720p","medium","1535"
"Live TV","Documentary","Deadly Women (Deadly Women)","https://jmp2.uk/plu-5ca1df0d50be2571e393ad31.m3u8","VIDEO","HLS","m3u8","","true","true","","US","https://pluto.tv/en/live-tv/deadly-women-gb","COMMUNITY","iptv-org public index, publicly listed free stream (verify broadcaster-official before promote)","iptv-org; categories=documentary; quality=","medium",""
"Live TV","Documentary","Dossiers FBI (Dossiers FBI)","https://jmp2.uk/plu-5f8edad922b10b000753bc37.m3u8","VIDEO","HLS","m3u8","","true","true","","US","https://pluto.tv/en/live-tv/dossiers-fbi-fr","COMMUNITY","iptv-org public index, publicly listed free stream (verify broadcaster-official before promote)","iptv-org; categories=documentary; quality=","medium",""
"Live TV","Education","ABC Entertains (ABC Entertains)","https://c.mjh.nz/abc-me.m3u8","VIDEO","HLS","m3u8","","true","true","","AU","https://iview.abc.net.au/channel/abc2","COMMUNITY","iptv-org public index, publicly listed free stream (verify broadcaster-official before promote)","iptv-org; categories=education|kids; quality=720p","medium","1536"
"Live TV","General","1+1 Marafon (1+1 Marafon)","https://dash2.antik.sk/live/1plus1_marathon/playlist.m3u8","VIDEO","HLS","m3u8","","true","true","","UA","https://1plus1.ua/","COMMUNITY","iptv-org public index, publicly listed free stream (verify broadcaster-official before promote)","iptv-org; categories=general; quality=1080p","medium","1537"
"Live TV","General","2+2 (2+2)","http://315e5a5d.ottrast.com/iptv/MM4E93NGF5LADZ/6378/index.m3u8","VIDEO","HLS","m3u8","","true","false","","UA","https://2plus2.ua/","COMMUNITY","iptv-org public index, publicly listed free stream (verify broadcaster-official before promote)","iptv-org; categories=general; quality=1080p","medium","1538"
"Live TV","General","3sat (3sat HD)","http://41.223.30.230/3SAT/index.m3u8","VIDEO","HLS","m3u8","","true","false","","DE","https://www.3sat.de/","COMMUNITY","iptv-org public index, publicly listed free stream (verify broadcaster-official before promote)","iptv-org; categories=general; quality=720p","medium","1539"
"Live TV","General","Abadan TV (Abadan)","https://ncdn.telewebion.ir/abadan/live/playlist.m3u8","VIDEO","HLS","m3u8","","true","true","","IR","http://abadan.irib.ir/tv","COMMUNITY","iptv-org public index, publicly listed free stream (verify broadcaster-official before promote)","iptv-org; categories=general; quality=","medium",""
"Live TV","General","ABC TV (ABC TV ACT)","https://c.mjh.nz/abc-act.m3u8","VIDEO","HLS","m3u8","","true","true","","AU","https://iview.abc.net.au/channel/abc1","COMMUNITY","iptv-org public index, publicly listed free stream (verify broadcaster-official before promote)","iptv-org; categories=general; quality=720p","medium","1540"
"Live TV","General","Access Humboldt (Access Humboldt)","https://rtmp-live-ingest-ap-northeast-2-universe-dacast-com.akamaized.net/transmuxv1/streams/f08fcd45-1d04-9a8c-39ca-f56091820e5c.m3u8","VIDEO","HLS","m3u8","","true","true","","US","https://www.accesshumboldt.net/watch","COMMUNITY","iptv-org public index, publicly listed free stream (verify broadcaster-official before promote)","iptv-org; categories=general; quality=1080p","medium","1541"
"Live TV","General","Access Sacramento Channel 17 (Access Sacramento Channel 17)","https://reflect-access-sacramento.cablecast.tv/live-7/live/live.m3u8","VIDEO","HLS","m3u8","","true","true","","US","https://www.accesssacramento.org/watch/tv.html","COMMUNITY","iptv-org public index, publicly listed free stream (verify broadcaster-official before promote)","iptv-org; categories=general; quality=","medium","1542"
"Live TV","General","Aflak TV (Aflak)","https://ncdn.telewebion.ir/aflak/live/playlist.m3u8","VIDEO","HLS","m3u8","","true","true","","IR","http://www.lorestan.irib.ir/tv","COMMUNITY","iptv-org public index, publicly listed free stream (verify broadcaster-official before promote)","iptv-org; categories=general; quality=","medium",""
"Live TV","General","Africable TV (Africable TV)","http://69.64.57.208/africable/playlist.m3u8","VIDEO","HLS","m3u8","","true","false","","ML","http://www.africabletelevision.com/","COMMUNITY","iptv-org public index, publicly listed free stream (verify broadcaster-official before promote)","iptv-org; categories=general; quality=360p","medium","1543"
"Live TV","General","Alborz TV (Alborz)","https://ncdn.telewebion.ir/alborz/live/playlist.m3u8","VIDEO","HLS","m3u8","","true","true","","IR","http://alborz.irib.ir/tv","COMMUNITY","iptv-org public index, publicly listed free stream (verify broadcaster-official before promote)","iptv-org; categories=general; quality=","medium",""
"Live TV","General","Alvin Channel TV (Alvin Channel TV)","https://cdn10-alvinchannel.yayin.com.tr/alvinchannel/alvinchannel/playlist.m3u8","VIDEO","HLS","m3u8","","true","true","","AZ","http://www.alvinchannel.com/","COMMUNITY","iptv-org public index, publicly listed free stream (verify broadcaster-official before promote)","iptv-org; categories=general; quality=360p","medium",""
"Live TV","General","AMGA TV (Amga TV)","https://streamer1.connectto.com/AMGA_WEB_1202/playlist.m3u8","VIDEO","HLS","m3u8","","true","true","","US","","COMMUNITY","iptv-org public index, publicly listed free stream (verify broadcaster-official before promote)","iptv-org; categories=general; quality=720p","medium",""
"Live TV","General","Amouzesh TV (Amouzesh)","https://ncdn.telewebion.ir/amouzesh/live/playlist.m3u8","VIDEO","HLS","m3u8","","true","true","","IR","https://tv7.ir/","COMMUNITY","iptv-org public index, publicly listed free stream (verify broadcaster-official before promote)","iptv-org; categories=general; quality=","medium","1544"
"Live TV","General","Apsua TV (Apsua TV)","https://gcmx3v3owcj.a.trbcdn.net/livemaster/ba7pu_fgej0zelpw.smil/playlist.m3u8?blstid=null","VIDEO","HLS","m3u8","","true","true","","GE","https://www.apsua.tv/","COMMUNITY","iptv-org public index, publicly listed free stream (verify broadcaster-official before promote)","iptv-org; categories=general; quality=","medium","1545"
"Live TV","General","ARTN TV (ARTN TV)","https://streamer1.connectto.com/ARTN_mobile/index.m3u8","VIDEO","HLS","m3u8","","true","true","","US","https://www.artn.tv/en","COMMUNITY","iptv-org public index, publicly listed free stream (verify broadcaster-official before promote)","iptv-org; categories=general; quality=1080p","medium","1546"
"Live TV","General","Atrak TV (Atrak)","https://ncdn.telewebion.ir/atrak/live/playlist.m3u8","VIDEO","HLS","m3u8","","true","true","","IR","http://en.atrak-group.ir/","COMMUNITY","iptv-org public index, publicly listed free stream (verify broadcaster-official before promote)","iptv-org; categories=general; quality=","medium","1547"
"Live TV","General","AuroraTV (AuroraTV (Aurora CO))","https://reflect-aurora.cablecast.tv/live-8/live/live.m3u8","VIDEO","HLS","m3u8","","true","true","","US","https://www.auroratv.org/","COMMUNITY","iptv-org public index, publicly listed free stream (verify broadcaster-official before promote)","iptv-org; categories=general; quality=720p","medium","1548"
"Live TV","General","Austral TV (Austral TV)","https://stmv3.voxtvhd.com.br/australtv/australtv/playlist.m3u8","VIDEO","HLS","m3u8","","true","true","","EC","https://www.australtv.com/","COMMUNITY","iptv-org public index, publicly listed free stream (verify broadcaster-official before promote)","iptv-org; categories=general; quality=1080p","medium","1549"
"Live TV","General","Baran TV (Baran)","https://ncdn.telewebion.ir/baran/live/playlist.m3u8","VIDEO","HLS","m3u8","","true","true","","IR","https://sepehrtv.ir/live/baran","COMMUNITY","iptv-org public index, publicly listed free stream (verify broadcaster-official before promote)","iptv-org; categories=general; quality=","medium","1550"
"Live TV","General","Caldera Vision (Caldera Vision)","https://tv.arkeo.cl:1936/kymczwbrge/kymczwbrge/playlist.m3u8","VIDEO","HLS","m3u8","","true","true","","CL","http://www.calderavision.cl/en-vivo/","COMMUNITY","iptv-org public index, publicly listed free stream (verify broadcaster-official before promote)","iptv-org; categories=general; quality=","medium","1551"
"Live TV","General","Camu TV (Camu TV)","https://live20.bozztv.com/akamaissh101/ssh101/camutv/playlist.m3u8","VIDEO","HLS","m3u8","","true","true","","DO","http://www.camutv.net","COMMUNITY","iptv-org public index, publicly listed free stream (verify broadcaster-official before promote)","iptv-org; categories=general; quality=480p","medium","1552"
"Live TV","General","Canal 13 Esquipulas (Canal 13 Esquipulas)","https://tv91.hostingnuclear.com:19360/intercable/intercable.m3u8","VIDEO","HLS","m3u8","","true","true","","GT","https://radiosdeguate.com/tv/canal-13-esquipulas","COMMUNITY","iptv-org public index, publicly listed free stream (verify broadcaster-official before promote)","iptv-org; categories=general; quality=720p","medium",""
"Live TV","General","Canal 56 Quiero TV (Canal 56 Quiero TV)","http://45.5.118.152:8000/play/a08z/index.m3u8","VIDEO","HLS","m3u8","","true","false","","BO","","COMMUNITY","iptv-org public index, publicly listed free stream (verify broadcaster-official before promote)","iptv-org; categories=general; quality=720p","medium",""
"Live TV","General","Capital TV HD (Capital TV)","https://streaming.tvnepal.com:19360/capitaltv/capitaltv.m3u8","VIDEO","HLS","m3u8","","true","true","","NP","https://www.capitaltvhd.com/","COMMUNITY","iptv-org public index, publicly listed free stream (verify broadcaster-official before promote)","iptv-org; categories=general; quality=1080p","medium","1553"
"Live TV","General","Caracol HD2 (Caracol HD2)","http://181.78.14.26:4000/play/a00d/index.m3u8","VIDEO","HLS","m3u8","","true","false","","CO","https://www.caracoltv.com/","COMMUNITY","iptv-org public index, publicly listed free stream (verify broadcaster-official before promote)","iptv-org; categories=general; quality=1080p","medium","1554"
"Live TV","General","CBS (CBS)","https://trs1.aynaott.com/cbs/index.m3u8","VIDEO","HLS","m3u8","","true","true","","US","https://www.cbs.com/","COMMUNITY","iptv-org public index, publicly listed free stream (verify broadcaster-official before promote)","iptv-org; categories=general; quality=576p","medium","1555"
"Live TV","General","CCTV-4 Asia (CCTV-4 Asia)","http://74.91.26.218:82/live/cctv4hd.m3u8","VIDEO","HLS","m3u8","","true","false","","CN","http://tv.cctv.com/cctv4asia/","COMMUNITY","iptv-org public index, publicly listed free stream (verify broadcaster-official before promote)","iptv-org; categories=general; quality=720p","medium","1556"
"Live TV","General","Cenovision HD (Cenovision HD)","https://5790d294af2dc.streamlock.net/cenovision/cenovision/playlist.m3u8","VIDEO","HLS","m3u8","","true","true","","DO","https://cenovision.com/","COMMUNITY","iptv-org public index, publicly listed free stream (verify broadcaster-official before promote)","iptv-org; categories=general; quality=720p","medium",""
"Live TV","General","City of Fairfield Channel 26 (Fairfield Government Access Channel 26 (Fairfield CA))","https://reflect-fairfield-ca.cablecast.tv/live-8/live/live.m3u8","VIDEO","HLS","m3u8","","true","true","","US","http://204.17.179.200/CablecastPublicSite/?channel=1","COMMUNITY","iptv-org public index, publicly listed free stream (verify broadcaster-official before promote)","iptv-org; categories=general; quality=720p","medium","1557"
"Live TV","General","City of Loveland TV (Loveland TV (Loveland CO))","https://reflect-cityofloveland-co.cablecast.tv/live-3/live/live.m3u8","VIDEO","HLS","m3u8","","true","true","","US","https://reflect-cityofloveland-co.cablecast.tv/CablecastPublicSite/watch/1?channel=1","COMMUNITY","iptv-org public index, publicly listed free stream (verify broadcaster-official before promote)","iptv-org; categories=general; quality=1080p","medium","1558"
"Live TV","General","CMTV (Costa Mesa's Municipal Access Channel CMTV 3)","https://cdn3.wowza.com/5/UWpORHhLSEs5SkJs/costamesa/G0075_002/playlist.m3u8","VIDEO","HLS","m3u8","","true","true","","US","https://www.costamesaca.gov/city-hall/city-departments/communications-and-marketing/news-videos","COMMUNITY","iptv-org public index, publicly listed free stream (verify broadcaster-official before promote)","iptv-org; categories=general; quality=720p","medium","1559"
"Live TV","General","Columna TV (Columna TV)","https://cdn.streamnet.pro/columnatv/live//chunklist_w944163831.m3u8","VIDEO","HLS","m3u8","","true","true","","RO","https://www.columnatv.ro/","COMMUNITY","iptv-org public index, publicly listed free stream (verify broadcaster-official before promote)","iptv-org; categories=general; quality=","medium","1560"
"Live TV","General","ConstanzaTV (ConstanzaTV)","https://live20.bozztv.com/akamaissh101/ssh101/ctv8hd/playlist.m3u8","VIDEO","HLS","m3u8","","true","true","","DO","https://www.constanzatv.com/","COMMUNITY","iptv-org public index, publicly listed free stream (verify broadcaster-official before promote)","iptv-org; categories=general; quality=1080p","medium",""
"Live TV","General","Costa Noroeste TV (Costa Noroeste TV)","https://limited31.todostreaming.es/live/noroestetv-livestream.m3u8","VIDEO","HLS","m3u8","","true","true","","ES","https://costanoroestetv.net/","COMMUNITY","iptv-org public index, publicly listed free stream (verify broadcaster-official before promote)","iptv-org; categories=general; quality=1080p","medium","1561"
"Live TV","General","Cusano Italia TV (Cusano Italia TV)","https://router.xdevel.com/video0s975363-69/stream/playlist.m3u8","VIDEO","HLS","m3u8","","true","true","","IT","https://cusanoitaliatv.it/","COMMUNITY","iptv-org public index, publicly listed free stream (verify broadcaster-official before promote)","iptv-org; categories=general; quality=720p","medium","1562"
"Live TV","General","Dali TV (Dali TV (大立電視台))","http://www.dalitv.com.tw:4568/live/dali/index.m3u8","VIDEO","HLS","m3u8","","true","false","","TW","","COMMUNITY","iptv-org public index, publicly listed free stream (verify broadcaster-official before promote)","iptv-org; categories=general; quality=720p","medium",""
"Live TV","General","Dena TV (Dena)","https://ncdn.telewebion.ir/dena/live/playlist.m3u8","VIDEO","HLS","m3u8","","true","true","","IR","http://yasouj.irib.ir/tv","COMMUNITY","iptv-org public index, publicly listed free stream (verify broadcaster-official before promote)","iptv-org; categories=general; quality=","medium",""
"Live TV","General","Dien Bien TV (Điện Biên TV)","https://truyenhinh.vnptvas.vn/live.m3u8?c=vstv362&deviceId=&deviceType=&gcId=1532&location=NA&pkg=pkg11.hni&q=high&requestTime=1586309420781&time=1586395820&token=LX-ibJYRUq9pflRtYAxfYQ&type=tv&userId=","VIDEO","HLS","m3u8","","true","true","","VN","https://dienbientv.vn/","COMMUNITY","iptv-org public index, publicly listed free stream (verify broadcaster-official before promote)","iptv-org; categories=general; quality=406p","medium","1563"
"Live TV","General","Diferencia Radio TV (Diferencia Radio TV)","https://s1.radiumcast.top/memfs/674b2d4f-7d6e-49be-9c6c-3094868259d9.m3u8","VIDEO","HLS","m3u8","","true","true","","CL","https://www.radiodiferenciapaillaco.cl/","COMMUNITY","iptv-org public index, publicly listed free stream (verify broadcaster-official before promote)","iptv-org; categories=general; quality=","medium","1564"
"Live TV","General","DIM (DIM)","https://dash2.antik.sk/live/telekanal_dim/playlist.m3u8","VIDEO","HLS","m3u8","","true","true","","UA","https://kanaldom.tv/","COMMUNITY","iptv-org public index, publicly listed free stream (verify broadcaster-official before promote)","iptv-org; categories=general; quality=","medium","1565"
"Live TV","General","Dodoma TV (Dodoma TV)","https://goliveafrica.media:9998/live/625965017ed69/index.m3u8","VIDEO","HLS","m3u8","","true","true","","TZ","https://dodomafm.co.tz/dodomatv.html","COMMUNITY","iptv-org public index, publicly listed free stream (verify broadcaster-official before promote)","iptv-org; categories=general; quality=360p","medium",""
"Live TV","General","Dubai TV International (Dubai TV International)","http://185.9.2.18/chid_139/index.m3u8","VIDEO","HLS","m3u8","","true","false","","AE","http://www.dubaitv.ae/","COMMUNITY","iptv-org public index, publicly listed free stream (verify broadcaster-official before promote)","iptv-org; categories=general; quality=1080p","medium","1566"
"Live TV","General","Dunya Naw TV (Dunya Naw TV)","https://dunyanhls.wns.live/hls/stream.m3u8","VIDEO","HLS","m3u8","","true","true","","AF","","COMMUNITY","iptv-org public index, publicly listed free stream (verify broadcaster-official before promote)","iptv-org; categories=general; quality=576p","medium",""
"Live TV","General","El Pituco TV (El Pituco TV)","https://imagenuniversaltv.net:3439/live/elpitucolive.m3u8","VIDEO","HLS","m3u8","","true","true","","DO","https://elpituco.com/","COMMUNITY","iptv-org public index, publicly listed free stream (verify broadcaster-official before promote)","iptv-org; categories=general; quality=720p","medium",""
"Live TV","General","Entuno TV (Entuno TV)","https://soportedvb.click:3442/live/entunotvlive.m3u8","VIDEO","HLS","m3u8","","true","true","","DO","https://www.tvdominicana.net/livetv/details/entuno-tv/50","COMMUNITY","iptv-org public index, publicly listed free stream (verify broadcaster-official before promote)","iptv-org; categories=general; quality=1080p","medium",""
"Live TV","General","Equinoxe TV (Equinoxe TV)","http://69.64.57.208/equinoxtv/playlist.m3u8","VIDEO","HLS","m3u8","","true","false","","CM","https://equinoxetv.com/","COMMUNITY","iptv-org public index, publicly listed free stream (verify broadcaster-official before promote)","iptv-org; categories=general; quality=720p","medium","1567"
"Live TV","Kids","ABC Kids (ABC Kids)","https://c.mjh.nz/abc-kids.m3u8","VIDEO","HLS","m3u8","","true","true","","AU","http://iview.abc.net.au/","COMMUNITY","iptv-org public index, publicly listed free stream (verify broadcaster-official before promote)","iptv-org; categories=kids; quality=","medium","1568"
"Live TV","Kids","Avatar (Avatar)","https://jmp2.uk/plu-61c09b48d6d97900076e91c5.m3u8","VIDEO","HLS","m3u8","","true","true","","US","https://pluto.tv/en/live-tv/avatar-fr","COMMUNITY","iptv-org public index, publicly listed free stream (verify broadcaster-official before promote)","iptv-org; categories=kids; quality=","medium",""
"Live TV","Kids","BabyFirst (Babyfirst)","https://jmp2.uk/plu-5f4fb4cf605ddf000748e16f.m3u8","VIDEO","HLS","m3u8","","true","true","","US","https://www.babyfirsttv.com/","COMMUNITY","iptv-org public index, publicly listed free stream (verify broadcaster-official before promote)","iptv-org; categories=kids; quality=","medium",""
"Live TV","Kids","Bob Esponja (Bob Esponja)","https://jmp2.uk/plu-5f1aca0b4e448e00075e7c5e.m3u8","VIDEO","HLS","m3u8","","true","true","","US","https://pluto.tv/en/live-tv/bob-esponja-es","COMMUNITY","iptv-org public index, publicly listed free stream (verify broadcaster-official before promote)","iptv-org; categories=kids; quality=720p","medium",""
"Live TV","Kids","Bob l'eponge (Bob l'éponge)","https://jmp2.uk/plu-66588931a3865300085ca800.m3u8","VIDEO","HLS","m3u8","","true","true","","US","https://pluto.tv/en/live-tv/bob-leponge-fr-ptv3","COMMUNITY","iptv-org public index, publicly listed free stream (verify broadcaster-official before promote)","iptv-org; categories=kids; quality=720p","medium",""
"Live TV","Kids","Bravo! Kids TV (Bravo! Kids TV)","https://streaming.social3.hr/play/r3CK_tdsFIFL3bN7w4NW1plrwsCToUBsRFjhxM68sZY/m3u8","VIDEO","ICECAST","","","true","true","","HR","https://bravo.hr/bravo-kidstv/","COMMUNITY","iptv-org public index, publicly listed free stream (verify broadcaster-official before promote)","iptv-org; categories=kids; quality=1080p","medium","1569"
"Live TV","Kids","CCTV-14 (CCTV-14)","http://74.91.26.218:82/live/cctv14hd.m3u8","VIDEO","HLS","m3u8","","true","false","","CN","http://tv.cctv.com/cctv14/","COMMUNITY","iptv-org public index, publicly listed free stream (verify broadcaster-official before promote)","iptv-org; categories=kids; quality=1080p","medium","1570"
"Live TV","Kids","Chizhik (Chizhik)","http://de.russkoe-iptv.com:88/s/s-e3dc39e0/chizik-hd.m3u8","VIDEO","HLS","m3u8","","true","false","","RU","https://www.tricolor.tv/channels/chizhik/","COMMUNITY","iptv-org public index, publicly listed free stream (verify broadcaster-official before promote)","iptv-org; categories=kids; quality=1080p","medium","1571"
"Live TV","Kids","Clan (Clan)","https://rtvelivestream.rtve.es/rtvesec/clan/clan_main.m3u8","VIDEO","HLS","m3u8","","true","true","","ES","http://www.rtve.es/infantil/","COMMUNITY","iptv-org public index, publicly listed free stream (verify broadcaster-official before promote)","iptv-org; categories=kids|public; quality=720p","medium","1572"
"Live TV","Kids","Clan Internacional (Clan Internacional Americas)","https://rtvelivestream-rtveplayplus.rtve.es/rtvesec/int/clan_int_main_1080.m3u8","VIDEO","HLS","m3u8","","true","true","","ES","http://www.rtve.es/infantil/","COMMUNITY","iptv-org public index, publicly listed free stream (verify broadcaster-official before promote)","iptv-org; categories=kids|public; quality=1080p","medium","1573"
"Live TV","Kids","Detective Conan (Detective Conan France)","https://jmp2.uk/plu-62f3e8ad2a8e8000077b013d.m3u8","VIDEO","HLS","m3u8","","true","true","","US","","COMMUNITY","iptv-org public index, publicly listed free stream (verify broadcaster-official before promote)","iptv-org; categories=animation|kids; quality=720p","medium",""
"Live TV","Kids","Detski mir (Detski mir)","http://de.russkoe-iptv.com:88/s/s-e3dc39e0/detskij-mir-hd.m3u8","VIDEO","HLS","m3u8","","true","false","","RU","https://www.detskiymir.tv/","COMMUNITY","iptv-org public index, publicly listed free stream (verify broadcaster-official before promote)","iptv-org; categories=kids; quality=1080p","medium",""
"Live TV","Kids","Disney Channel (Disney Channel)","https://cors-proxy.cooks.fyi/http://212.5.144.156:8080/disney/index.m3u8","VIDEO","HLS","m3u8","","true","true","","US","https://www.disney.com/","COMMUNITY","iptv-org public index, publicly listed free stream (verify broadcaster-official before promote)","iptv-org; categories=kids; quality=720p","medium","1574"
"Live TV","Kids","Disney Channel (Disney Channel)","http://bethoven.af-stream.com:1600/s/kwtlxswl/yes-disney-il-hd/video.m3u8","VIDEO","HLS","m3u8","","true","false","","IL","http://www.disney.co.il/","COMMUNITY","iptv-org public index, publicly listed free stream (verify broadcaster-official before promote)","iptv-org; categories=kids; quality=576p","medium","1575"
"Live TV","Kids","Disney Channel (Disney Channel)","http://88.212.15.19/live/test_disney/playlist.m3u8","VIDEO","HLS","m3u8","","true","false","","CZ","http://www.disney.cz/DisneyChannel","COMMUNITY","iptv-org public index, publicly listed free stream (verify broadcaster-official before promote)","iptv-org; categories=kids; quality=","medium","1576"
"Live TV","Kids","Disney Channel (Disney Channel)","http://315e5a5d.ottrast.com/iptv/MM4E93NGF5LADZ/6965/index.m3u8","VIDEO","HLS","m3u8","","true","false","","RO","http://tv.disney.ro/","COMMUNITY","iptv-org public index, publicly listed free stream (verify broadcaster-official before promote)","iptv-org; categories=kids; quality=","medium","1577"
"Live TV","Kids","Disney Channel EMEA (Disney Channel EMEA)","http://185.102.171.218/DisneyChannel/index.m3u8","VIDEO","HLS","m3u8","","true","false","","UK","http://www.disneyme.com/","COMMUNITY","iptv-org public index, publicly listed free stream (verify broadcaster-official before promote)","iptv-org; categories=kids; quality=576p","medium","1578"
"Live TV","Kids","Disney Junior (Disney Junior)","http://185.102.171.218/DisneyJunior/index.m3u8","VIDEO","HLS","m3u8","","true","false","","GR","http://www.disney.gr/disney-junior/","COMMUNITY","iptv-org public index, publicly listed free stream (verify broadcaster-official before promote)","iptv-org; categories=kids; quality=576p","medium","1579"
"Live TV","Kids","Dora TV (Dora TV)","https://jmp2.uk/plu-62e951258a26d40007b3034c.m3u8","VIDEO","HLS","m3u8","","true","true","","US","https://pluto.tv/en/live-tv/dora-tv-de","COMMUNITY","iptv-org public index, publicly listed free stream (verify broadcaster-official before promote)","iptv-org; categories=kids; quality=","medium",""
"Live TV","Movie","50 Cent Action (50 Cent Action)","https://jmp2.uk/plu-68487fb3f212bedacf5a53e3.m3u8","VIDEO","HLS","m3u8","","true","true","","US","https://50centaction.com/","COMMUNITY","iptv-org public index, publicly listed free stream (verify broadcaster-official before promote)","iptv-org; categories=movies|series; quality=720p","medium","1580"
"Live TV","Movie","70s Cinema (70s Cinema)","https://jmp2.uk/plu-5f4d878d3d19b30007d2e782.m3u8","VIDEO","HLS","m3u8","","true","true","","US","https://pluto.tv/en/live-tv/70s-cinema","COMMUNITY","iptv-org public index, publicly listed free stream (verify broadcaster-official before promote)","iptv-org; categories=movies; quality=","medium",""
"Live TV","Movie","80s Rewind (80s Rewind)","https://jmp2.uk/plu-5ca525b650be2571e3943c63.m3u8","VIDEO","HLS","m3u8","","true","true","","US","https://pluto.tv/it/live-tv/80s-rewind","COMMUNITY","iptv-org public index, publicly listed free stream (verify broadcaster-official before promote)","iptv-org; categories=movies; quality=","medium",""
"Live TV","Movie","90s Throwback (90s Throwback)","https://jmp2.uk/plu-5f4d86f519358a00072b978e.m3u8","VIDEO","HLS","m3u8","","true","true","","US","https://pluto.tv/it/live-tv/90s-throwback","COMMUNITY","iptv-org public index, publicly listed free stream (verify broadcaster-official before promote)","iptv-org; categories=movies; quality=","medium",""
"Live TV","Movie","Action (Action HD)","http://rezofoot.tv/Action/index.m3u8","VIDEO","HLS","m3u8","","true","false","","FR","http://www.actiontv.fr/","COMMUNITY","iptv-org public index, publicly listed free stream (verify broadcaster-official before promote)","iptv-org; categories=movies; quality=720p","medium","1581"
"Live TV","Movie","Adrenalina Pura TV (Adrenalina Pura TV)","https://jmp2.uk/plu-61b790b985706b00072cb797.m3u8","VIDEO","HLS","m3u8","","true","true","","US","https://pluto.tv/latam/live-tv/61b793ccf571b80007b7a610","COMMUNITY","iptv-org public index, publicly listed free stream (verify broadcaster-official before promote)","iptv-org; categories=movies; quality=","medium",""
"Live TV","Movie","AMC Europe (AMC Europe)","http://315e5a5d.ottrast.com/iptv/MM4E93NGF5LADZ/6949/index.m3u8","VIDEO","HLS","m3u8","","true","false","","UK","https://uk.amc.com/","COMMUNITY","iptv-org public index, publicly listed free stream (verify broadcaster-official before promote)","iptv-org; categories=movies; quality=","medium","1582"
"Live TV","Movie","AXN Black (AXN Black Romania)","http://315e5a5d.ottrast.com/iptv/MM4E93NGF5LADZ/6952/index.m3u8","VIDEO","HLS","m3u8","","true","false","","US","https://www.axnblack.com/","COMMUNITY","iptv-org public index, publicly listed free stream (verify broadcaster-official before promote)","iptv-org; categories=movies; quality=","medium",""
"Live TV","Movie","AXN CEE (AXN CEE Bulgary)","http://85.11.144.9:4222/AXN","VIDEO","ICECAST","","","true","false","","ES","https://antenna-group.com/","COMMUNITY","iptv-org public index, publicly listed free stream (verify broadcaster-official before promote)","iptv-org; categories=movies; quality=","medium","1583"
"Live TV","Movie","AXN Latin America (AXN Latin America)","http://45.167.1.138:8000/play/a04s","VIDEO","ICECAST","","","true","false","","US","https://la.axn.com/","COMMUNITY","iptv-org public index, publicly listed free stream (verify broadcaster-official before promote)","iptv-org; categories=movies; quality=","medium",""
"Live TV","Movie","Black Cinema (BET Cinema)","https://jmp2.uk/plu-58af4c093a41ca9d4ecabe96.m3u8","VIDEO","HLS","m3u8","","true","true","","US","https://pluto.tv/live-tv/black-cinema","COMMUNITY","iptv-org public index, publicly listed free stream (verify broadcaster-official before promote)","iptv-org; categories=movies; quality=","medium",""
"Live TV","Movie","Cafe Film (Cafe Film)","https://cafefhls.wns.live/hls/stream.m3u8","VIDEO","HLS","m3u8","","true","true","","IR","","COMMUNITY","iptv-org public index, publicly listed free stream (verify broadcaster-official before promote)","iptv-org; categories=movies; quality=","medium",""
"Live TV","Movie","CCTV-Storm Theater (CCTV-Storm Theater)","http://38.75.136.137:98/gslb/dsdqpub/fyjc.m3u8?auth=testpub","VIDEO","HLS","m3u8","","true","false","","CN","http://tv.cctv.com/","COMMUNITY","iptv-org public index, publicly listed free stream (verify broadcaster-official before promote)","iptv-org; categories=movies; quality=1080p","medium","1584"
"Live TV","Movie","CCTV-The First Theater (CCTV-The First Theater)","http://38.75.136.137:98/gslb/dsdqpub/dyjc.m3u8?auth=testpub","VIDEO","HLS","m3u8","","true","false","","CN","http://tv.cctv.com/","COMMUNITY","iptv-org public index, publicly listed free stream (verify broadcaster-official before promote)","iptv-org; categories=movies; quality=1080p","medium","1585"
"Live TV","Movie","Cine 666 by Pluto TV (Ciné 666 by Pluto TV)","https://jmp2.uk/plu-6823648580b2665220d9e69a.m3u8","VIDEO","HLS","m3u8","","true","true","","DE","","COMMUNITY","iptv-org public index, publicly listed free stream (verify broadcaster-official before promote)","iptv-org; categories=movies; quality=","medium",""
"Live TV","Movie","Cine Action by Pluto TV (Ciné Action by Pluto TV)","https://jmp2.uk/plu-5f8ed1ff5c39700007e2204a.m3u8","VIDEO","HLS","m3u8","","true","true","","DE","","COMMUNITY","iptv-org public index, publicly listed free stream (verify broadcaster-official before promote)","iptv-org; categories=movies; quality=","medium",""
"Live TV","Movie","Cine Adrenalina (Cine adrenalina)","https://jmp2.uk/plu-5d8d164d92e97a5e107638d2.m3u8","VIDEO","HLS","m3u8","","true","true","","US","https://pluto.tv/en/live-tv/cine-adrenalina","COMMUNITY","iptv-org public index, publicly listed free stream (verify broadcaster-official before promote)","iptv-org; categories=movies; quality=","medium",""
"Live TV","Movie","Cine Amor (Cine Amor)","https://jmp2.uk/plu-5f5136317aedfb0007016f93.m3u8","VIDEO","HLS","m3u8","","true","true","","US","https://pluto.tv/en/live-tv/cine-xoxo","COMMUNITY","iptv-org public index, publicly listed free stream (verify broadcaster-official before promote)","iptv-org; categories=movies; quality=","medium",""
"Live TV","Movie","Cine by Pluto TV (Ciné by Pluto TV)","https://jmp2.uk/plu-5f8ed0f17564a300082b676a.m3u8","VIDEO","HLS","m3u8","","true","true","","DE","","COMMUNITY","iptv-org public index, publicly listed free stream (verify broadcaster-official before promote)","iptv-org; categories=movies; quality=","medium",""
"Live TV","Movie","Cine Catastrophe by Pluto TV (Ciné Catastrophe by Pluto TV)","https://jmp2.uk/plu-65a69ef53af63d000825e0ee.m3u8","VIDEO","HLS","m3u8","","true","true","","DE","","COMMUNITY","iptv-org public index, publicly listed free stream (verify broadcaster-official before promote)","iptv-org; categories=movies; quality=","medium",""
"Live TV","Movie","Cine d'Asie by Pluto TV (Ciné d'Asie by Pluto TV)","https://jmp2.uk/plu-62f3e2d000418d00070f7dbc.m3u8","VIDEO","HLS","m3u8","","true","true","","DE","","COMMUNITY","iptv-org public index, publicly listed free stream (verify broadcaster-official before promote)","iptv-org; categories=movies; quality=","medium",""
"Live TV","Movie","Cine Horreur by Pluto TV (Ciné Horreur by Pluto TV)","https://jmp2.uk/plu-66e1978babec540008ce41ac.m3u8","VIDEO","HLS","m3u8","","true","true","","DE","","COMMUNITY","iptv-org public index, publicly listed free stream (verify broadcaster-official before promote)","iptv-org; categories=movies; quality=","medium",""
"Live TV","Movie","Cine Premiere (Cine Premiere)","https://jmp2.uk/plu-5cf968040ab7d8f181e6a68b.m3u8","VIDEO","HLS","m3u8","","true","true","","US","https://pluto.tv/en/live-tv/cine-premiere","COMMUNITY","iptv-org public index, publicly listed free stream (verify broadcaster-official before promote)","iptv-org; categories=movies; quality=","medium",""
"Live TV","Movie","Cine Retro by Pluto TV (Ciné Rétro by Pluto TV)","https://jmp2.uk/plu-5f8ed168f72fcd0007e56269.m3u8","VIDEO","HLS","m3u8","","true","true","","DE","","COMMUNITY","iptv-org public index, publicly listed free stream (verify broadcaster-official before promote)","iptv-org; categories=movies; quality=","medium",""
"Live TV","Movie","Cine Romance by Pluto TV (Ciné Romance by Pluto TV)","https://jmp2.uk/plu-60812fc8539963000707d1e1.m3u8","VIDEO","HLS","m3u8","","true","true","","DE","","COMMUNITY","iptv-org public index, publicly listed free stream (verify broadcaster-official before promote)","iptv-org; categories=movies; quality=","medium",""
"Live TV","Movie","Cine Sci-Fi by Pluto TV (Ciné Sci-Fi by Pluto TV)","https://jmp2.uk/plu-60c34592c911890007f29a73.m3u8","VIDEO","HLS","m3u8","","true","true","","DE","","COMMUNITY","iptv-org public index, publicly listed free stream (verify broadcaster-official before promote)","iptv-org; categories=movies; quality=","medium",""
"Live TV","Movie","Cine Terror (Pluto TV Cine Terror)","https://jmp2.uk/plu-5f12111c9e6c2c00078ef3bb.m3u8","VIDEO","HLS","m3u8","","true","true","","US","https://pluto.tv/en/live-tv/cine-terror","COMMUNITY","iptv-org public index, publicly listed free stream (verify broadcaster-official before promote)","iptv-org; categories=movies; quality=","medium",""
"Live TV","Movie","Cine Thrillers by Pluto TV (Ciné Thrillers by Pluto TV)","https://jmp2.uk/plu-60c3472a51a2050008dad272.m3u8","VIDEO","HLS","m3u8","","true","true","","DE","","COMMUNITY","iptv-org public index, publicly listed free stream (verify broadcaster-official before promote)","iptv-org; categories=movies; quality=","medium",""
"Live TV","Movie","Cine Western by Pluto TV (Ciné Western by Pluto TV)","https://jmp2.uk/plu-65cca3e2ec452d0008af3a65.m3u8","VIDEO","HLS","m3u8","","true","true","","DE","","COMMUNITY","iptv-org public index, publicly listed free stream (verify broadcaster-official before promote)","iptv-org; categories=movies; quality=","medium",""
"Live TV","Movie","Classic Movies Channel (Classic Movies Channel)","https://jmp2.uk/plu-561c5b0dada51f8004c4d855.m3u8","VIDEO","HLS","m3u8","","true","true","","US","https://pluto.tv/en/live-tv/classic-movies-channel","COMMUNITY","iptv-org public index, publicly listed free stream (verify broadcaster-official before promote)","iptv-org; categories=movies; quality=","medium",""
"Live TV","Movie","DUST (Alien Nation by DUST)","https://dqi7ayt2o24fn.cloudfront.net/playlist.m3u8","VIDEO","HLS","m3u8","","true","true","","US","https://watchdust.com/","COMMUNITY","iptv-org public index, publicly listed free stream (verify broadcaster-official before promote)","iptv-org; categories=movies; quality=1080p","medium",""
"Live TV","News","2GB (2GB Sydney)","https://2gblive.akamaized.net/hls/live/2033805/2GB/index.m3u8","VIDEO","HLS","m3u8","","true","true","","AU","https://www.2gb.com/","COMMUNITY","iptv-org public index, publicly listed free stream (verify broadcaster-official before promote)","iptv-org; categories=news; quality=1080p","medium","1586"
"Live TV","News","30A Lionel Nation (30A Lionel Nation TV)","https://30a-tv.com/ln.m3u8","VIDEO","HLS","m3u8","","true","true","","US","https://30a-tv.com/30a/lionel-nation-tv/","COMMUNITY","iptv-org public index, publicly listed free stream (verify broadcaster-official before promote)","iptv-org; categories=news; quality=","medium","1587"
"Live TV","News","30A Loomered TV (30A Loomered TV)","https://30a-tv.com/loomer.m3u8","VIDEO","HLS","m3u8","","true","true","","US","https://30a-tv.com/m3u8-channels/","COMMUNITY","iptv-org public index, publicly listed free stream (verify broadcaster-official before promote)","iptv-org; categories=news|documentary; quality=","medium","1588"
"Live TV","News","3AW (3AW Melbourne)","https://3awlive.akamaized.net/hls/live/2032295/3AW/index.m3u8","VIDEO","HLS","m3u8","","true","true","","AU","https://www.3aw.com.au/","COMMUNITY","iptv-org public index, publicly listed free stream (verify broadcaster-official before promote)","iptv-org; categories=news; quality=1080p","medium","1589"
"Live TV","News","6PR (6PR Perth)","https://6prlive.akamaized.net/hls/live/2033806/6PR/index.m3u8","VIDEO","HLS","m3u8","","true","true","","AU","https://www.6pr.com.au/","COMMUNITY","iptv-org public index, publicly listed free stream (verify broadcaster-official before promote)","iptv-org; categories=news; quality=1080p","medium","1590"
"Live TV","News","92 News HD (92 News HD)","http://92news.vdn.dstreamone.net/92newshd/92hd/playlist.m3u8","VIDEO","HLS","m3u8","","true","false","","PK","https://92newshd.tv/live-tv","COMMUNITY","iptv-org public index, publicly listed free stream (verify broadcaster-official before promote)","iptv-org; categories=news; quality=720p","medium","1591"
"Live TV","News","ABC News Live (ABC News Live)","https://jmp2.uk/plu-6508be683a0d700008c534e4.m3u8","VIDEO","HLS","m3u8","","true","true","","US","https://abcnews.go.com/Live","COMMUNITY","iptv-org public index, publicly listed free stream (verify broadcaster-official before promote)","iptv-org; categories=news; quality=720p","medium","1592"
"Live TV","News","ABC News Live 1 (ABC News Live 1)","https://abcnews-streams.akamaized.net/hls/live/2023560/abcnewshudson1/master.m3u8","VIDEO","HLS","m3u8","","true","true","","US","https://abcnews.go.com/Live","COMMUNITY","iptv-org public index, publicly listed free stream (verify broadcaster-official before promote)","iptv-org; categories=news; quality=720p","medium","1593"
"Live TV","News","ABC News Live 10 (ABC News Live 10)","https://abcnews-streams.akamaized.net/hls/live/2023569/abcnewshudson10/master.m3u8","VIDEO","HLS","m3u8","","true","true","","US","https://abcnews.go.com/Live","COMMUNITY","iptv-org public index, publicly listed free stream (verify broadcaster-official before promote)","iptv-org; categories=news; quality=720p","medium","1594"
"Live TV","News","ABC News Live 2 (ABC News Live 2)","https://abcnews-streams.akamaized.net/hls/live/2023561/abcnewshudson2/master.m3u8","VIDEO","HLS","m3u8","","true","true","","US","https://abcnews.go.com/Live","COMMUNITY","iptv-org public index, publicly listed free stream (verify broadcaster-official before promote)","iptv-org; categories=news; quality=720p","medium","1595"
"Live TV","News","ABC News Live 3 (ABC News Live 3)","https://abcnews-streams.akamaized.net/hls/live/2023562/abcnewshudson3/master.m3u8","VIDEO","HLS","m3u8","","true","true","","US","https://abcnews.go.com/Live","COMMUNITY","iptv-org public index, publicly listed free stream (verify broadcaster-official before promote)","iptv-org; categories=news; quality=720p","medium","1596"
"Live TV","News","ABC News Live 4 (ABC News Live 4)","https://abcnews-streams.akamaized.net/hls/live/2023563/abcnewshudson4/master.m3u8","VIDEO","HLS","m3u8","","true","true","","US","https://abcnews.go.com/Live","COMMUNITY","iptv-org public index, publicly listed free stream (verify broadcaster-official before promote)","iptv-org; categories=news; quality=720p","medium","1597"
"Live TV","News","ABC News Live 5 (ABC News Live 5)","https://abcnews-streams.akamaized.net/hls/live/2023564/abcnewshudson5/master.m3u8","VIDEO","HLS","m3u8","","true","true","","US","https://abcnews.go.com/Live","COMMUNITY","iptv-org public index, publicly listed free stream (verify broadcaster-official before promote)","iptv-org; categories=news; quality=720p","medium","1598"
"Live TV","News","ABC News Live 6 (ABC News Live 6)","https://abcnews-streams.akamaized.net/hls/live/2023565/abcnewshudson6/master.m3u8","VIDEO","HLS","m3u8","","true","true","","US","https://abcnews.go.com/Live","COMMUNITY","iptv-org public index, publicly listed free stream (verify broadcaster-official before promote)","iptv-org; categories=news; quality=720p","medium","1599"
"Live TV","News","ABC News Live 7 (ABC News Live 7)","https://abcnews-streams.akamaized.net/hls/live/2023566/abcnewshudson7/master.m3u8","VIDEO","HLS","m3u8","","true","true","","US","https://abcnews.go.com/Live","COMMUNITY","iptv-org public index, publicly listed free stream (verify broadcaster-official before promote)","iptv-org; categories=news; quality=720p","medium","1600"
"Live TV","News","ABC News Live 8 (ABC News Live 8)","https://abcnews-streams.akamaized.net/hls/live/2023567/abcnewshudson8/master.m3u8","VIDEO","HLS","m3u8","","true","true","","US","https://abcnews.go.com/Live","COMMUNITY","iptv-org public index, publicly listed free stream (verify broadcaster-official before promote)","iptv-org; categories=news; quality=720p","medium","1601"
"Live TV","News","ABC News Live 9 (ABC News Live 9)","https://abcnews-streams.akamaized.net/hls/live/2023568/abcnewshudson9/master.m3u8","VIDEO","HLS","m3u8","","true","true","","US","https://abcnews.go.com/Live","COMMUNITY","iptv-org public index, publicly listed free stream (verify broadcaster-official before promote)","iptv-org; categories=news; quality=720p","medium","1602"
"Live TV","News","Alhurra (Alhurra)","https://mbn-ingest-worldsafe.akamaized.net/hls/live/2038900/MBN_Alhurra_Worldsafe_HLS/master.m3u8","VIDEO","HLS","m3u8","","true","true","","US","https://www.alhurra.com/","COMMUNITY","iptv-org public index, publicly listed free stream (verify broadcaster-official before promote)","iptv-org; categories=news; quality=720p","medium","1603"
"Live TV","News","Alhurra Iraq (Alhurra Iraq)","https://mbn-ingest-worldsafe.akamaized.net/hls/live/2038899/MBN_Iraq_Worldsafe_HLS/master.m3u8","VIDEO","HLS","m3u8","","true","true","","US","https://www.alhurra.com/","COMMUNITY","iptv-org public index, publicly listed free stream (verify broadcaster-official before promote)","iptv-org; categories=news; quality=720p","medium","1604"
"Live TV","News","America's Voice News (America's Voice News)","https://jmp2.uk/plu-5e1f7da4bc7d740009831259.m3u8","VIDEO","HLS","m3u8","","true","true","","US","https://pluto.tv/en/live-tv/americas-voice","COMMUNITY","iptv-org public index, publicly listed free stream (verify broadcaster-official before promote)","iptv-org; categories=news; quality=720p","medium",""
"Live TV","News","Astra TV (Astra TV)","https://server.gointernet.gr/live/livestream.m3u8","VIDEO","HLS","m3u8","","true","true","","GR","https://www.astratv.gr/live-streaming/","COMMUNITY","iptv-org public index, publicly listed free stream (verify broadcaster-official before promote)","iptv-org; categories=news; quality=1080p","medium","1605"
"Live TV","News","Atacama Noticias (Atacama Noticias)","https://v2.tustreaming.cl/atacamanoticias/index.m3u8","VIDEO","HLS","m3u8","","true","true","","CL","https://www.atacamanoticias.cl/","COMMUNITY","iptv-org public index, publicly listed free stream (verify broadcaster-official before promote)","iptv-org; categories=news; quality=720p","medium",""
"Live TV","News","Blaze Live (Blaze Live)","https://jmp2.uk/plu-5e46fba0c43b0d00096e5ac1.m3u8","VIDEO","HLS","m3u8","","true","true","","US","https://pluto.tv/en/live-tv/blaze-live","COMMUNITY","iptv-org public index, publicly listed free stream (verify broadcaster-official before promote)","iptv-org; categories=news; quality=720p","medium",""
"Live TV","News","Burkina Info TV (Burkina Info TV)","http://69.64.57.208/burkinainfo/index.m3u8","VIDEO","HLS","m3u8","","true","false","","BF","","COMMUNITY","iptv-org public index, publicly listed free stream (verify broadcaster-official before promote)","iptv-org; categories=news; quality=540p","medium",""
"Live TV","News","Canal N (Canal N)","http://8.243.126.131:8000/play/a058/index.m3u8","VIDEO","HLS","m3u8","","true","false","","PE","https://canaln.pe/","COMMUNITY","iptv-org public index, publicly listed free stream (verify broadcaster-official before promote)","iptv-org; categories=news; quality=576p","medium","1606"
"Live TV","News","CBS News 24/7 (CBS News 24/7)","https://jmp2.uk/plu-6350fdd266e9ea0007bedec5.m3u8","VIDEO","HLS","m3u8","","true","true","","US","https://www.cbsnews.com/","COMMUNITY","iptv-org public index, publicly listed free stream (verify broadcaster-official before promote)","iptv-org; categories=news; quality=720p","medium","1607"
"Live TV","News","CBS News Bay Area (CBS News Bay Area)","https://cbsn-sf.cbsnstream.cbsnews.com/out/v1/dac63c1abb3f4a2dac9f508f44bb072a/master.m3u8","VIDEO","HLS","m3u8","","true","true","","US","https://pluto.tv/en/live-tv/cbs-news-bay-area","COMMUNITY","iptv-org public index, publicly listed free stream (verify broadcaster-official before promote)","iptv-org; categories=news; quality=720p","medium",""
"Live TV","News","CBS News Boston (CBS News Boston)","https://cbsn-bos.cbsnstream.cbsnews.com/out/v1/589d66ec6eb8434c96c28de0370d1326/master.m3u8","VIDEO","HLS","m3u8","","true","true","","US","https://pluto.tv/en/live-tv/cbs-news-boston","COMMUNITY","iptv-org public index, publicly listed free stream (verify broadcaster-official before promote)","iptv-org; categories=news; quality=720p","medium",""
"Live TV","News","CBS News Chicago (CBS News Chicago)","https://cbsn-chi.cbsnstream.cbsnews.com/out/v1/b2fc0d5715d54908adf07f97d2616646/master.m3u8","VIDEO","HLS","m3u8","","true","true","","US","https://pluto.tv/en/live-tv/cbs-news-chicago","COMMUNITY","iptv-org public index, publicly listed free stream (verify broadcaster-official before promote)","iptv-org; categories=news; quality=720p","medium",""
"Live TV","News","CBS News Colorado (CBS News Colorado)","https://cbsn-den.cbsnstream.cbsnews.com/out/v1/2e49baf2906244ecb01b07d9885fbe7a/master.m3u8","VIDEO","HLS","m3u8","","true","true","","US","https://www.pluto.tv/en/live-tv/cbs-news-colorado/details","COMMUNITY","iptv-org public index, publicly listed free stream (verify broadcaster-official before promote)","iptv-org; categories=news; quality=720p","medium",""
"Live TV","News","CBS News Detroit (CBS News Detroit)","https://cbsn-det.cbsnstream.cbsnews.com/out/v1/169f5c001bc74fa7a179b19c20fea069/master.m3u8","VIDEO","HLS","m3u8","","true","true","","US","https://www.cbsnews.com/detroit/live/","COMMUNITY","iptv-org public index, publicly listed free stream (verify broadcaster-official before promote)","iptv-org; categories=news; quality=720p","medium","1608"
"Live TV","News","CBS News Los Angeles (CBS News Los Angeles)","https://cbsn-la.cbsnstream.cbsnews.com/out/v1/57b6c4534a164accb6b1872b501e0028/master.m3u8","VIDEO","HLS","m3u8","","true","true","","US","https://pluto.tv/en/live-tv/cbs-news-los-angeles-2","COMMUNITY","iptv-org public index, publicly listed free stream (verify broadcaster-official before promote)","iptv-org; categories=news; quality=720p","medium",""
"Live TV","News","CBS News Minnesota (CBS News Minnesota)","https://cbsn-min.cbsnstream.cbsnews.com/out/v1/76518f06941246ba810c8d175600bf74/master.m3u8","VIDEO","HLS","m3u8","","true","true","","US","https://pluto.tv/en/live-tv/cbs-news-minnesota","COMMUNITY","iptv-org public index, publicly listed free stream (verify broadcaster-official before promote)","iptv-org; categories=news; quality=720p","medium",""
"Live TV","News","CBS News New York (CBS News New York)","https://cbsn-ny.cbsnstream.cbsnews.com/out/v1/ec3897d58a9b45129a77d67aa247d136/master.m3u8","VIDEO","HLS","m3u8","","true","true","","US","https://pluto.tv/en/live-tv/cbs-news-new-york-2","COMMUNITY","iptv-org public index, publicly listed free stream (verify broadcaster-official before promote)","iptv-org; categories=news; quality=720p","medium",""
"Live TV","News","CBS News Philly (CBS News Philadelphia)","https://cbsn-phi.cbsnstream.cbsnews.com/out/v1/5c9ad3e215984b0e9ad845b335216b72/master.m3u8","VIDEO","HLS","m3u8","","true","true","","US","https://pluto.tv/en/live-tv/cbs-news-philly","COMMUNITY","iptv-org public index, publicly listed free stream (verify broadcaster-official before promote)","iptv-org; categories=news; quality=720p","medium",""
"Live TV","News","CBS News Pittsburgh (CBS News Pittsburgh)","https://cbsn-pit.cbsnstream.cbsnews.com/out/v1/6966dabf8150405ab26f854e3cd6a2b8/master.m3u8","VIDEO","HLS","m3u8","","true","true","","US","https://pluto.tv/en/live-tv/cbs-news-pittsburgh","COMMUNITY","iptv-org public index, publicly listed free stream (verify broadcaster-official before promote)","iptv-org; categories=news; quality=720p","medium",""
"Live TV","News","CGTN Spanish (CGTN Spanish)","http://45.165.82.19/test/index.m3u8","VIDEO","HLS","m3u8","","true","false","","CN","https://espanol.cgtn.com/","COMMUNITY","iptv-org public index, publicly listed free stream (verify broadcaster-official before promote)","iptv-org; categories=news; quality=720p","medium","1609"
"Live TV","News","Channel 24 (24 Канал)","https://streamvideol1.luxnet.ua/news24/smil:news24.stream.smil/playlist.m3u8","VIDEO","HLS","m3u8","","true","true","","UA","https://24tv.ua/","COMMUNITY","iptv-org public index, publicly listed free stream (verify broadcaster-official before promote)","iptv-org; categories=news; quality=1080p","medium","1610"
"Live TV","News","Channel8 (Channel 8 Kurdish)","https://live.channel8.com/Channel8-Kurdish/index.fmp4.m3u8","VIDEO","HLS","m3u8","","true","true","","IQ","https://channel8.com/english/","COMMUNITY","iptv-org public index, publicly listed free stream (verify broadcaster-official before promote)","iptv-org; categories=news; quality=720p","medium","1611"
"Live TV","News","CNN Prima News (CNN Prima News)","http://88.212.15.19/live/test_cnn_pirma_news/playlist.m3u8","VIDEO","HLS","m3u8","","true","false","","CZ","https://cnn.iprima.cz/","COMMUNITY","iptv-org public index, publicly listed free stream (verify broadcaster-official before promote)","iptv-org; categories=news; quality=1080p","medium","1612"
"Live TV","News","CP24 (CP24)","https://trs1.aynaott.com/cp24/index.m3u8","VIDEO","HLS","m3u8","","true","true","","CA","http://www.cp24.com/","COMMUNITY","iptv-org public index, publicly listed free stream (verify broadcaster-official before promote)","iptv-org; categories=news; quality=576p","medium","1613"
"Live TV","News","Dijlah TV (Dijlah TV)","https://ghaasiflu.online/Dijlah/index.m3u8","VIDEO","HLS","m3u8","","true","true","","IQ","http://www.dijlah.tv/","COMMUNITY","iptv-org public index, publicly listed free stream (verify broadcaster-official before promote)","iptv-org; categories=news; quality=1080p","medium",""
"Live TV","News","Erbol (Erbol)","https://twitch-m3u8.bastypro112.workers.dev/erboldigital/index.m3u8","VIDEO","HLS","m3u8","","true","true","","BO","https://erbol.com.bo/","COMMUNITY","iptv-org public index, publicly listed free stream (verify broadcaster-official before promote)","iptv-org; categories=news; quality=720p","medium","1614"
"Live TV","Pop","Alcance FM PLAY TV (Alcance FM PLAY TV)","https://video.wilohosting.com:19360/alcancefmtv/alcancefmtv.m3u8","VIDEO","HLS","m3u8","","true","true","","PY","https://www.alcance.com.py/","COMMUNITY","iptv-org public index, publicly listed free stream (verify broadcaster-official before promote)","iptv-org; categories=music; quality=","medium","1615"
"Live TV","Pop","Antenne Kaernten (Antenne Kaernten)","https://60efd7a2b4d02.streamlock.net/a_kaernten/ngrp:livestream_all/playlist.m3u8","VIDEO","HLS","m3u8","","true","true","","AT","https://kaernten.antenne.at/","COMMUNITY","iptv-org public index, publicly listed free stream (verify broadcaster-official before promote)","iptv-org; categories=music; quality=720p","medium","1616"
"Live TV","Pop","Antenne Steiermark (Antenne Steiermark)","https://60efd7a2b4d02.streamlock.net/a_steiermark/ngrp:livestream_all/playlist.m3u8","VIDEO","HLS","m3u8","","true","true","","AT","https://steiermark.antenne.at/","COMMUNITY","iptv-org public index, publicly listed free stream (verify broadcaster-official before promote)","iptv-org; categories=music; quality=720p","medium","1617"
"Live TV","Pop","Avang TV (Avang TV)","https://hls.avang.live/hls/stream.m3u8","VIDEO","HLS","m3u8","","true","true","","US","http://www.avang.com/","COMMUNITY","iptv-org public index, publicly listed free stream (verify broadcaster-official before promote)","iptv-org; categories=music; quality=1080p","medium","1618"
"Live TV","Pop","Barbud Music (Barbud Music)","https://raw.githubusercontent.com/taodicakhia/IPTV_Exception/master/channels/af/tolomusic.m3u8","VIDEO","HLS","m3u8","","true","true","","AF","https://barbudmusic.com/","COMMUNITY","iptv-org public index, publicly listed free stream (verify broadcaster-official before promote)","iptv-org; categories=music; quality=720p","medium","1619"
"Live TV","Pop","Bravo! TV (Bravo! TV)","https://streaming.social3.hr/bravoTVkdjd7djd/XAbSERW5p3/2.m3u8","VIDEO","HLS","m3u8","","true","true","","HR","https://bravo.hr/bravotv/","COMMUNITY","iptv-org public index, publicly listed free stream (verify broadcaster-official before promote)","iptv-org; categories=music; quality=1080p","medium","1620"
"Live TV","Pop","Canal 3 KMK TV (Canal 3 KMK TV)","https://live20.bozztv.com/giatv/giatv-KMKTV/KMKTV/chunks.m3u8","VIDEO","HLS","m3u8","","true","true","","CR","","COMMUNITY","iptv-org public index, publicly listed free stream (verify broadcaster-official before promote)","iptv-org; categories=music; quality=720p","medium",""
"Live TV","Pop","CCTV-11 (CCTV-11)","http://74.91.26.218:82/live/cctv11hd.m3u8","VIDEO","HLS","m3u8","","true","false","","CN","http://tv.cctv.com/cctv11/","COMMUNITY","iptv-org public index, publicly listed free stream (verify broadcaster-official before promote)","iptv-org; categories=music; quality=720p","medium","1621"
"Live TV","Pop","CCTV-Storm Music (CCTV-Storm Music)","http://38.75.136.137:98/gslb/dsdqpub/fyyy.m3u8?auth=testpub","VIDEO","HLS","m3u8","","true","false","","CN","http://tv.cctv.com/","COMMUNITY","iptv-org public index, publicly listed free stream (verify broadcaster-official before promote)","iptv-org; categories=music; quality=1080p","medium","1622"
"Live TV","Pop","Classica (Classica)","https://jmp2.uk/plu-5f779951372da90007fd45e8.m3u8","VIDEO","HLS","m3u8","","true","true","","US","https://pluto.tv/en/live-tv/classica","COMMUNITY","iptv-org public index, publicly listed free stream (verify broadcaster-official before promote)","iptv-org; categories=music; quality=720p","medium",""
"Live TV","Pop","CMT Equal Play (CMT Equal Play)","https://jmp2.uk/plu-5f68f53eb1e5800007390bf8.m3u8","VIDEO","HLS","m3u8","","true","true","","US","https://pluto.tv/en/live-tv/cmt-equal-play","COMMUNITY","iptv-org public index, publicly listed free stream (verify broadcaster-official before promote)","iptv-org; categories=music; quality=720p","medium",""
"Live TV","Religious","Caritas TV (Cáritas TV)","https://rds3.desdeparaguay.net/caritastv/caritastv/playlist.m3u8","VIDEO","HLS","m3u8","","true","true","","PY","https://www.caritas.com.py/","COMMUNITY","iptv-org public index, publicly listed free stream (verify broadcaster-official before promote)","iptv-org; categories=religious|general; quality=1080p","medium","1623"
"Live TV","Sports","Belarus-5 (Беларусь 5 Интернет)","https://edge59.dc.beltelecom.by/ngtrk/smil:belarus5int.smil/playlist.m3u8","VIDEO","HLS","m3u8","","true","true","","BY","http://tvr.by/","COMMUNITY","iptv-org public index, publicly listed free stream (verify broadcaster-official before promote)","iptv-org; categories=sports; quality=1080p","medium","1624"
"Live TV","Sports","Bellator MMA (Bellator MMA)","https://jmp2.uk/plu-5ebc8688f3697d00072f7cf8.m3u8","VIDEO","HLS","m3u8","","true","true","","US","https://pluto.tv/en/live-tv/bellator-mma","COMMUNITY","iptv-org public index, publicly listed free stream (verify broadcaster-official before promote)","iptv-org; categories=sports; quality=","medium",""
"Live TV","Sports","CCTV-16 (CCTV-16)","http://74.91.26.218:82/live/cctv16hd.m3u8","VIDEO","HLS","m3u8","","true","false","","CN","http://tv.cctv.com/cctv16/","COMMUNITY","iptv-org public index, publicly listed free stream (verify broadcaster-official before promote)","iptv-org; categories=sports; quality=1080p","medium","1625"
"Live TV","Sports","CCTV-Billiards (CCTV-Billiards)","http://38.75.136.137:98/gslb/dsdqpub/ystq.m3u8?auth=testpub","VIDEO","HLS","m3u8","","true","false","","CN","http://tv.cctv.com/","COMMUNITY","iptv-org public index, publicly listed free stream (verify broadcaster-official before promote)","iptv-org; categories=sports; quality=1080p","medium","1626"
"Live TV","Sports","CCTV-Golf & Tennis (CCTV-Golf & Tennis)","http://38.75.136.137:98/gslb/dsdqpub/gefwq.m3u8?auth=testpub","VIDEO","HLS","m3u8","","true","false","","CN","http://tv.cctv.com/","COMMUNITY","iptv-org public index, publicly listed free stream (verify broadcaster-official before promote)","iptv-org; categories=sports; quality=1080p","medium","1627"
"Live TV","Sports","CCTV-Storm Football (CCTV-Storm Football)","http://38.75.136.137:98/gslb/dsdqpub/fyzq.m3u8?auth=testpub","VIDEO","HLS","m3u8","","true","false","","CN","http://tv.cctv.com/","COMMUNITY","iptv-org public index, publicly listed free stream (verify broadcaster-official before promote)","iptv-org; categories=sports; quality=1080p","medium","1628"
"Live TV","Sports","DAZN Darts x Pluto TV (DAZN Darts x Pluto TV)","https://jmp2.uk/plu-64b67f0424ade50008a3be17.m3u8","VIDEO","HLS","m3u8","","true","true","","DE","","COMMUNITY","iptv-org public index, publicly listed free stream (verify broadcaster-official before promote)","iptv-org; categories=sports; quality=","medium",""
"Live TV","Sports","DAZN Handball x Pluto TV (DAZN Handball x Pluto TV)","https://jmp2.uk/plu-6683f7fe36a2f9000804940c.m3u8","VIDEO","HLS","m3u8","","true","true","","DE","","COMMUNITY","iptv-org public index, publicly listed free stream (verify broadcaster-official before promote)","iptv-org; categories=sports; quality=","medium",""
"Live TV","Sports","DAZN Heldinnen x Pluto TV (DAZN Heldinnen x Pluto TV)","https://jmp2.uk/plu-64afe50c5dc16600087f3227.m3u8","VIDEO","HLS","m3u8","","true","true","","DE","","COMMUNITY","iptv-org public index, publicly listed free stream (verify broadcaster-official before promote)","iptv-org; categories=sports; quality=","medium",""
"Live TV","Sports","Digi Sport 1 (Digi Sport 1 HD)","http://91.201.172.14:35005","VIDEO","ICECAST","","","true","false","","RO","http://digisport.ro/","COMMUNITY","iptv-org public index, publicly listed free stream (verify broadcaster-official before promote)","iptv-org; categories=sports; quality=","medium","1629"
"Live TV","Sports","Digi Sport 2 (Digi Sport 2 HD)","http://91.201.172.14:35006","VIDEO","ICECAST","","","true","false","","RO","http://digisport.ro/","COMMUNITY","iptv-org public index, publicly listed free stream (verify broadcaster-official before promote)","iptv-org; categories=sports; quality=","medium","1630"
"Live TV","Documentary","DW Documentary 24/7","https://dwamdstream105.akamaized.net/hls/live/2015531/dwstream105/master.m3u8","VIDEO","HLS","m3u8","","true","true","english","DE","https://www.dw.com/","GOV","Deutsche Welle public broadcaster free 24/7 feed","seed 24/7 public feed","medium","1631"
"Live TV","Science & Space","NASA TV Media","https://ntv2.akamaized.net/hls/live/2013923/NASA-NTV2-HLS/master.m3u8","VIDEO","HLS","m3u8","","true","true","english","US","https://www.nasa.gov/nasatv","GOV","NASA media channel, US government free public feed","seed 24/7 public feed","medium","1632"
"Live TV","Science & Space","NASA TV Public (ISS/Live)","https://ntv1.akamaized.net/hls/live/2014075/NASA-NTV1-HLS/master.m3u8","VIDEO","HLS","m3u8","","true","true","english","US","https://www.nasa.gov/nasatv","GOV","NASA public-affairs live TV channel, US government free public feed","seed 24/7 public feed","medium","1633"
"Live TV","General","Despierta TV (Despierta TV)","https://video2.lhdserver.es/despiertatv/live.m3u8","VIDEO","HLS","m3u8","","true","true","","MX","https://despierta.tv/","COMMUNITY","iptv-org public index, publicly listed free stream (verify broadcaster-official before promote)","iptv-org; categories=general; quality=1080p","medium","1634"
"Live TV","General","Khushboo Bangla (Khushboo Bangla)","https://trs1.aynaott.com/Khushboo/index.m3u8","VIDEO","HLS","m3u8","","true","true","","IN","","COMMUNITY","iptv-org public index, publicly listed free stream (verify broadcaster-official before promote)","iptv-org; categories=entertainment; quality=576p","medium",""
"Live TV","Pop","AlternaTV (Alterna TV)","https://tv.alterna.ar/stream/hls/live.m3u8","VIDEO","HLS","m3u8","","true","true","","AR","https://alternatv.ar","COMMUNITY","iptv-org public index, publicly listed free stream (verify broadcaster-official before promote)","iptv-org; categories=music|culture|entertainment|documentary|movies|general; quality=720p","medium",""
"Live TV","General","Bebeto TV (Bebeto TV)","https://mlb.essastream.com:8081/bebetotelevision/index.m3u8","VIDEO","HLS","m3u8","","true","true","","DO","https://bebetohd.com/en-vivo/","COMMUNITY","iptv-org public index, publicly listed free stream (verify broadcaster-official before promote)","iptv-org; categories=general; quality=1080p","medium",""
"Live TV","General","CAN TV19 (CAN TV19)","https://cantv.streamguys1.com/cantv/cantv19hls/playlist.m3u8","VIDEO","HLS","m3u8","","true","true","","US","https://www.cantv.org/watch/stream-can-tv19/","COMMUNITY","iptv-org public index, publicly listed free stream (verify broadcaster-official before promote)","iptv-org; categories=general; quality=1080p","medium","1635"
"Live TV","Comedy","Polsat Comedy Central Extra (Polsat Comedy Central Extra HD)","https://adpnetworkhd-cmd.github.io/iptv/ComedyCentralExtraPolsat.m3u8","VIDEO","HLS","m3u8","","true","true","","PL","http://comedycentral.pl/family","COMMUNITY","iptv-org public index, publicly listed free stream (verify broadcaster-official before promote)","iptv-org; categories=comedy; quality=1080p","medium",""
"Live TV","General","Batam TV (Batam TV)","http://122.248.43.242:1935/BATAMTV/_definst_/myStream/playlist.m3u8","VIDEO","HLS","m3u8","","true","false","","ID","http://batamtvnews.com/","COMMUNITY","iptv-org public index, publicly listed free stream (verify broadcaster-official before promote)","iptv-org; categories=general; quality=480p","medium",""
"Live TV","General","Home TV (Home TV)","https://adpnetworkhd-cmd.github.io/iptv/HomeTV.m3u8","VIDEO","HLS","m3u8","","true","true","","PL","","COMMUNITY","iptv-org public index, publicly listed free stream (verify broadcaster-official before promote)","iptv-org; categories=; quality=576p","medium",""
"Live TV","General","KCL TV (KCL TV)","https://kcltv.livebox.co.in/kclhls/live.m3u8","VIDEO","HLS","m3u8","","true","true","","IN","https://kcltv.com/","COMMUNITY","iptv-org public index, publicly listed free stream (verify broadcaster-official before promote)","iptv-org; categories=entertainment; quality=720p","medium",""
"Live TV","General","Sampit TV (Sampit TV)","https://sampit-tv.siar.us/live/sampit-tv.m3u8","VIDEO","HLS","m3u8","","true","true","","ID","https://sampittv.com/","COMMUNITY","iptv-org public index, publicly listed free stream (verify broadcaster-official before promote)","iptv-org; categories=general; quality=720p","medium",""
"Live TV","General","Semarang TV (Semarang TV)","http://116.254.112.74/hls/cakralive.m3u8","VIDEO","HLS","m3u8","","true","false","","ID","http://semarangtv.tv/","COMMUNITY","iptv-org public index, publicly listed free stream (verify broadcaster-official before promote)","iptv-org; categories=; quality=720p","medium",""
"Live TV","General","Sriwijaya TV (Sriwijaya TV)","https://sriwijayatv.siar.us/live/sriwijayatv.m3u8","VIDEO","HLS","m3u8","","true","true","","ID","http://www.sriwijayatv.com/","COMMUNITY","iptv-org public index, publicly listed free stream (verify broadcaster-official before promote)","iptv-org; categories=; quality=576p","medium",""
"Live TV","Kids","Active Family (Active Family)","https://adpnetworkhd-cmd.github.io/iptv/ActiveFamily.m3u8","VIDEO","HLS","m3u8","","true","true","","PL","https://activefamily.pl/","COMMUNITY","iptv-org public index, publicly listed free stream (verify broadcaster-official before promote)","iptv-org; categories=family; quality=576p","medium",""
"Live TV","Kids","Cocuk Smart (Cocuk Smart)","https://adpnetworkhd-cmd.github.io/iptv/CocukSmart.m3u8","VIDEO","HLS","m3u8","","true","true","","TR","https://www.dsmart.com.tr/","COMMUNITY","iptv-org public index, publicly listed free stream (verify broadcaster-official before promote)","iptv-org; categories=kids; quality=1080p","medium",""
"Live TV","Documentary","Arsenal (Arsenal)","https://adpnetworkhd-cmd.github.io/iptv/ArsenalHD.m3u8","VIDEO","HLS","m3u8","","true","true","","RU","https://arsenal-tv.tv/","COMMUNITY","iptv-org public index, publicly listed free stream (verify broadcaster-official before promote)","iptv-org; categories=documentary; quality=1080p","medium",""
"Live TV","General","Access 4 PAC (Access 4 PAC)","https://reflect-channel18vod-springfield-il-us.cablecast.tv/live-16/live/stream-4/live.m3u8","VIDEO","HLS","m3u8","","true","true","","US","https://channel18vod.springfield.il.us/CablecastPublicSite/watch/4?channel=1","COMMUNITY","iptv-org public index, publicly listed free stream (verify broadcaster-official before promote)","iptv-org; categories=general; quality=","medium",""
"Live TV","General","Antena 3 (Antena 3)","https://adpnetworkhd-cmd.github.io/iptv/Antena3.m3u8","VIDEO","HLS","m3u8","","true","true","","ES","https://www.antena3.com/","COMMUNITY","iptv-org public index, publicly listed free stream (verify broadcaster-official before promote)","iptv-org; categories=general; quality=1080p","medium",""
"Live TV","General","Canal C del Zulia (Canal C Del Zulia)","https://vs20.live.opencaster.com/cristianhilos_314b91b0/index.m3u8","VIDEO","HLS","m3u8","","true","true","","VE","https://canalc.vercel.app","COMMUNITY","iptv-org public index, publicly listed free stream (verify broadcaster-official before promote)","iptv-org; categories=general; quality=720p","medium",""
"Live TV","General","Cuatro (Cuatro)","https://adpnetworkhd-cmd.github.io/iptv/Cuatro.m3u8","VIDEO","HLS","m3u8","","true","true","","ES","https://www.cuatro.com/","COMMUNITY","iptv-org public index, publicly listed free stream (verify broadcaster-official before promote)","iptv-org; categories=general; quality=1080p","medium",""
"Live TV","General","DBS TV (DBS TV)","https://stream.dbstvstlucia.com/hls/dbstv_main.m3u8","VIDEO","HLS","m3u8","","true","true","","LC","https://dbstvstlucia.com/","COMMUNITY","iptv-org public index, publicly listed free stream (verify broadcaster-official before promote)","iptv-org; categories=general; quality=","medium",""
"Live TV","General","Duo 3 (Duo 3)","https://adpnetworkhd-cmd.github.io/iptv/Duo3.m3u8","VIDEO","HLS","m3u8","","true","true","","EE","","COMMUNITY","iptv-org public index, publicly listed free stream (verify broadcaster-official before promote)","iptv-org; categories=general; quality=1080p","medium",""
"Live TV","General","Enntivision (Enntivision)","https://edge.essastream.com/enntivision/playlist.m3u8","VIDEO","HLS","m3u8","","true","true","","DO","https://www.tonyconelpueblofm.com/enntivision","COMMUNITY","iptv-org public index, publicly listed free stream (verify broadcaster-official before promote)","iptv-org; categories=general; quality=1080p","medium",""
"Live TV","Kids","Disney Channel (Disney Channel HD)","https://adpnetworkhd-cmd.github.io/iptv/DisneyChannelDeutschland.m3u8","VIDEO","HLS","m3u8","","true","true","","DE","http://disneychannel.de/","COMMUNITY","iptv-org public index, publicly listed free stream (verify broadcaster-official before promote)","iptv-org; categories=kids; quality=720p","medium",""
"Live TV","Movie","AXN Movies (AXN Movies)","https://adpnetworkhd-cmd.github.io/iptv/AXNMoviesSpain.m3u8","VIDEO","HLS","m3u8","","true","true","","ES","https://www.axn.es/axnmovies","COMMUNITY","iptv-org public index, publicly listed free stream (verify broadcaster-official before promote)","iptv-org; categories=movies; quality=1080p","medium",""
"Live TV","Movie","Bolt (Bolt)","https://adpnetworkhd-cmd.github.io/iptv/BoltUA.m3u8","VIDEO","HLS","m3u8","","true","true","","UA","http://bolt.starmediatv.ru/","COMMUNITY","iptv-org public index, publicly listed free stream (verify broadcaster-official before promote)","iptv-org; categories=movies|series; quality=576p","medium",""
"Live TV","Movie","Cine35mm (Cine35mm)","https://micanal.ovh/livestreams/262.D9DCDM7EXNRT.m3u8","VIDEO","HLS","m3u8","","true","true","","CO","https://canalcine35mm.wixsite.com/live","COMMUNITY","iptv-org public index, publicly listed free stream (verify broadcaster-official before promote)","iptv-org; categories=movies; quality=","medium",""
"Live TV","Movie","Dom kino Premium (Dom kino Premium)","https://adpnetworkhd-cmd.github.io/iptv/DomKinoPremiumHD.m3u8","VIDEO","HLS","m3u8","","true","true","","RU","https://www.domkino-premium.tv/","COMMUNITY","iptv-org public index, publicly listed free stream (verify broadcaster-official before promote)","iptv-org; categories=movies; quality=1080p","medium",""
"Live TV","Movie","Enter-Film (Enter-Film)","https://adpnetworkhd-cmd.github.io/iptv/Enterfilm.m3u8","VIDEO","HLS","m3u8","","true","true","","UA","http://enterfilm.com.ua/","COMMUNITY","iptv-org public index, publicly listed free stream (verify broadcaster-official before promote)","iptv-org; categories=movies; quality=1080p","medium",""
"Live TV","News","Apostrophe TV (Apostrophe TV)","https://adpnetworkhd-cmd.github.io/iptv/Apostrophe.m3u8","VIDEO","HLS","m3u8","","true","true","","UA","https://apostrophe.ua/ua/tv","COMMUNITY","iptv-org public index, publicly listed free stream (verify broadcaster-official before promote)","iptv-org; categories=news; quality=576p","medium",""
"Live TV","Pop","D3 TV (D3 TV)","https://live20.bozztv.com/akamaissh101/ssh101/d3tvnet/playlist.m3u8","VIDEO","HLS","m3u8","","true","true","","ML","https://d3tv.net/","COMMUNITY","iptv-org public index, publicly listed free stream (verify broadcaster-official before promote)","iptv-org; categories=music; quality=480p","medium",""
"Live TV","Sports","Belarus-5 (Belarus-5 HD)","https://adpnetworkhd-cmd.github.io/iptv/Belarus5.m3u8","VIDEO","HLS","m3u8","","true","true","","BY","http://tvr.by/","COMMUNITY","iptv-org public index, publicly listed free stream (verify broadcaster-official before promote)","iptv-org; categories=sports; quality=1080p","medium",""
"Live TV","General","KCTV (KCTV 광주 CH05)","http://119.77.96.184:1935/chn05/chn05/playlist.m3u8","VIDEO","HLS","m3u8","","true","false","","KR","https://www.kctv.co.kr/","COMMUNITY","iptv-org public index, publicly listed free stream (verify broadcaster-official before promote)","iptv-org; categories=general; quality=720p","medium",""
"Live TV","General","Nowa TV (Nowa TV)","https://adpnetworkhd-cmd.github.io/iptv/NowaTV.m3u8","VIDEO","HLS","m3u8","","true","true","","PL","https://www.nowa.tv/","COMMUNITY","iptv-org public index, publicly listed free stream (verify broadcaster-official before promote)","iptv-org; categories=general; quality=1080p","medium",""
"Live TV","General","SOU TV (SOU TV)","https://video10.logicahost.com.br/soutv/soutv/playlist.m3u8","VIDEO","HLS","m3u8","","true","true","","BR","https://www.soutv.com.br/","COMMUNITY","iptv-org public index, publicly listed free stream (verify broadcaster-official before promote)","iptv-org; categories=general; quality=","medium",""
"Live TV","Movie","Cosmos Tv (Cosmos Tv)","https://canaletaplus.com:3922/live/cosmoslive.m3u8","VIDEO","HLS","m3u8","","true","true","","AR","https://fmcosmos.com/","COMMUNITY","iptv-org public index, publicly listed free stream (verify broadcaster-official before promote)","iptv-org; categories=movies|news; quality=","medium",""
"Live TV","Religious","Goodness TV (Goodness TV)","https://mumt02.tangotv.in/GOODNESSTV/index.m3u8","VIDEO","HLS","m3u8","","true","true","","IN","https://www.goodnesstv.in/about","COMMUNITY","iptv-org public index, publicly listed free stream (verify broadcaster-official before promote)","iptv-org; categories=religious; quality=576p","medium",""
"Live TV","Religious","Sercem TV (Sercem TV)","https://canli.sercemtv.com.tr/hls/0/stream.m3u8","VIDEO","HLS","m3u8","","true","true","","TR","https://sercemtv.com.tr","COMMUNITY","iptv-org public index, publicly listed free stream (verify broadcaster-official before promote)","iptv-org; categories=religious|culture|general; quality=1080p","medium",""
"Live TV","General","Access 19 (Access 19)","https://reflect-montgomerycommunitymedia.cablecast.tv/live-8/live/stream-3/live.m3u8","VIDEO","HLS","m3u8","","true","true","","US","https://montgomerycommunitymediatv.org/CablecastPublicSite/watch/3?channel=1","COMMUNITY","iptv-org public index, publicly listed free stream (verify broadcaster-official before promote)","iptv-org; categories=general; quality=","medium",""
"Live TV","General","America Paraguay (America Paraguay)","http://45.184.109.10/live/69393EAE6ADBC65A68F942022362A202/83.m3u8","VIDEO","HLS","m3u8","","true","false","","PY","https://americatv.com.py/","COMMUNITY","iptv-org public index, publicly listed free stream (verify broadcaster-official before promote)","iptv-org; categories=general; quality=","medium",""
"Live TV","General","Atabal TV (Atabal TV)","https://vdopanel.jlahozconsulting.com:3648/live/atabaltvlive.m3u8","VIDEO","HLS","m3u8","","true","true","","DO","https://www.tvdominicana.net/livetv/watch/atabaltv/51","COMMUNITY","iptv-org public index, publicly listed free stream (verify broadcaster-official before promote)","iptv-org; categories=general; quality=1080p","medium",""
"Live TV","General","ATV (ATV)","https://guineetvdirect.online:3320/live/atvguineelive.m3u8","VIDEO","HLS","m3u8","","true","true","","GN","https://atvguinee.net/","COMMUNITY","iptv-org public index, publicly listed free stream (verify broadcaster-official before promote)","iptv-org; categories=general; quality=400p","medium",""
"Live TV","General","CAD TV (CAD TV)","https://videoserver.tmcreativos.com:19360/dcsajkpvrh/dcsajkpvrh.m3u8","VIDEO","HLS","m3u8","","true","true","","PY","https://www.concepcionaldia.com/","COMMUNITY","iptv-org public index, publicly listed free stream (verify broadcaster-official before promote)","iptv-org; categories=general; quality=","medium",""
"Live TV","General","Canal 5 (Canal 5)","https://tinyurl.com/canal5uy","VIDEO","ICECAST","","","true","true","","UY","https://mediospublicos.uy/category/television/canal-5/","COMMUNITY","iptv-org public index, publicly listed free stream (verify broadcaster-official before promote)","iptv-org; categories=general; quality=720p","medium",""
"Live TV","General","DesheBideshe TV (DesheBideshe TV)","https://dbcanada.sonarbanglatv.com/deshebideshe/dbtv/index.m3u8","VIDEO","HLS","m3u8","","true","true","","CA","https://www.deshebideshe.tv/","COMMUNITY","iptv-org public index, publicly listed free stream (verify broadcaster-official before promote)","iptv-org; categories=general; quality=","medium",""
"Live TV","General","Detroit Channel 21 (Detroit Channel 21)","https://reflect-detroit-vod.cablecast.tv/live-9/live/stream-4/live.m3u8","VIDEO","HLS","m3u8","","true","true","","US","http://reflect-detroit-vod.cablecast.tv/CablecastPublicSite/?channel=3","COMMUNITY","iptv-org public index, publicly listed free stream (verify broadcaster-official before promote)","iptv-org; categories=general; quality=","medium",""
"Live TV","General","Detroit Channel 68 (Detroit Channel 68)","https://reflect-detroit-vod.cablecast.tv/live-10/live/stream-5/live.m3u8","VIDEO","HLS","m3u8","","true","true","","US","http://reflect-detroit-vod.cablecast.tv/CablecastPublicSite/?channel=4","COMMUNITY","iptv-org public index, publicly listed free stream (verify broadcaster-official before promote)","iptv-org; categories=general; quality=","medium",""
"Live TV","General","Ecos Canal 57 (Ecos Canal 57)","https://2-fss-2.streamhoster.com/pl_138/206532-6829872-1/playlist.m3u8","VIDEO","HLS","m3u8","","true","true","","DO","https://rnn.com.do/ecos57-en-vivo/","COMMUNITY","iptv-org public index, publicly listed free stream (verify broadcaster-official before promote)","iptv-org; categories=general; quality=1080p","medium",""
"Live TV","Movie","AXN Black (AXN Black)","http://xplatinmedia.com:8080/Elko/mhj8LHTJJC/79440","VIDEO","ICECAST","","","true","false","","DE","https://www.axnblack.com/","COMMUNITY","iptv-org public index, publicly listed free stream (verify broadcaster-official before promote)","iptv-org; categories=movies; quality=","medium",""
"Live TV","News","A24 Paraguay (A24 Paraguay)","http://45.184.109.10/live/69393EAE6ADBC65A68F942022362A202/6.m3u8","VIDEO","HLS","m3u8","","true","false","","PY","https://www.a24.com.py/","COMMUNITY","iptv-org public index, publicly listed free stream (verify broadcaster-official before promote)","iptv-org; categories=news; quality=","medium",""
"Live TV","News","Antik Info TV (Antik Info TV)","https://dash4.antik.sk/live/test_infokanal_tizen/playlist.m3u8","VIDEO","HLS","m3u8","","true","true","","SK","","COMMUNITY","iptv-org public index, publicly listed free stream (verify broadcaster-official before promote)","iptv-org; categories=news; quality=1080p","medium",""
"Live TV","Pop","Cadena Elite (Cadena Elite)","https://cloudvideo.servers10.com:8081/8004/index.m3u8","VIDEO","HLS","m3u8","","true","true","","ES","https://www.cadenaelite.es/","COMMUNITY","iptv-org public index, publicly listed free stream (verify broadcaster-official before promote)","iptv-org; categories=music; quality=720p","medium",""
"Live TV","General","3HD (3HD)","https://live-us1.thaimomo.com/live-as/ch3hd-3/playlist.m3u8","VIDEO","HLS","m3u8","","true","true","","TH","https://ch3plus.com/","COMMUNITY","iptv-org public index, publicly listed free stream (verify broadcaster-official before promote)","iptv-org; categories=general; quality=","medium",""
"Live TV","General","Antena TV (Antena TV)","https://5ca9af4645e15.streamlock.net/grd/videogrd/playlist.m3u8","VIDEO","HLS","m3u8","","true","true","","MX","http://www.antenatele.com.mx/","COMMUNITY","iptv-org public index, publicly listed free stream (verify broadcaster-official before promote)","iptv-org; categories=general; quality=","medium",""
"Live TV","General","Canal 79 Villa Maza (Canal 79 Villa Maza)","https://streamconex.com:19360/villamaza/villamaza.m3u8","VIDEO","HLS","m3u8","","true","true","","AR","https://canal79tv.com.ar/villa-maza/","COMMUNITY","iptv-org public index, publicly listed free stream (verify broadcaster-official before promote)","iptv-org; categories=; quality=","medium",""
"Live TV","General","Canal 9 Link (Canal 9 Link)","https://617c5175c970b.streamlock.net:4444/9linklivert/smil:9linkmultibr.smil/playlist.m3u8","VIDEO","HLS","m3u8","","true","true","","AR","http://www.9link.com.ar/","COMMUNITY","iptv-org public index, publicly listed free stream (verify broadcaster-official before promote)","iptv-org; categories=entertainment; quality=","medium",""
"Live TV","General","CB TV Michoacan (CB TV Michoacan)","https://5ca3e84a76d30.streamlock.net/cbtv/videoc3b3t3v3/playlist.m3u8","VIDEO","HLS","m3u8","","true","true","","MX","https://cbtelevision.com.mx/","COMMUNITY","iptv-org public index, publicly listed free stream (verify broadcaster-official before promote)","iptv-org; categories=general; quality=","medium",""
"Live TV","General","Eclipse TV (Eclipse TV)","https://vdo6.instainternet.com:3272/live/jobetalborezlive.m3u8","VIDEO","HLS","m3u8","","true","true","","MX","https://grupoeclipse.com.mx/tv/","COMMUNITY","iptv-org public index, publicly listed free stream (verify broadcaster-official before promote)","iptv-org; categories=general; quality=720p","medium",""
"Live TV","General","Jambi TV (Jambi TV)","https://jambitv.globaldigitalcore.com/hls/sah5tu7Eiveepohyieyie3OoteL2anga.m3u8","VIDEO","HLS","m3u8","","true","true","","ID","https://dobrak.id/","COMMUNITY","iptv-org public index, publicly listed free stream (verify broadcaster-official before promote)","iptv-org; categories=general; quality=","medium",""
"Live TV","General","L!ke (L!ke)","https://cnl-cl.otteravision.com/cnl/cl_h265/cl_h265.m3u8","VIDEO","HLS","m3u8","","true","true","","BR","http://www.canallike.com.br/","COMMUNITY","iptv-org public index, publicly listed free stream (verify broadcaster-official before promote)","iptv-org; categories=; quality=1080p","medium",""
"Live TV","General","O Dia TV (O Dia TV)","https://6836041ea1117.streamlock.net/tvodia/tvodia/playlist.m3u8","VIDEO","HLS","m3u8","","true","true","","BR","https://portalodia.com/odiatv","COMMUNITY","iptv-org public index, publicly listed free stream (verify broadcaster-official before promote)","iptv-org; categories=general; quality=","medium",""
"Live TV","General","Riau TV (Riau TV)","http://122.248.43.242:1935/RIAUTV/_definst_/myStream/playlist.m3u8","VIDEO","HLS","m3u8","","true","false","","ID","https://www.riautelevisi.com/","COMMUNITY","iptv-org public index, publicly listed free stream (verify broadcaster-official before promote)","iptv-org; categories=; quality=1080p","medium",""
"Live TV","Lifestyle","Loupe (Loupe)","https://gpa-vja-samsungtvplus-br.otteravision.com/gpa/vja/vja.m3u8","VIDEO","HLS","m3u8","","true","true","","BR","","COMMUNITY","iptv-org public index, publicly listed free stream (verify broadcaster-official before promote)","iptv-org; categories=lifestyle; quality=1080p","medium",""
"Live TV","Movie","Popcorn Central (Popcorn Central)","https://oly-ftvpc.otteravision.com/oly/ftvpc/ftvpc.m3u8","VIDEO","HLS","m3u8","","true","true","","MX","https://popcorncentraltv.com/","COMMUNITY","iptv-org public index, publicly listed free stream (verify broadcaster-official before promote)","iptv-org; categories=movies; quality=1080p","medium",""
"Live TV","News","Flash Haber TV (Flash Haber TV)","https://b01c02nl.mediatriple.net/videoonlylive/mtyycglqauzjhlive/broadcast_67c053c48829f.smil/playlist.m3u8","VIDEO","HLS","m3u8","","true","true","","TR","https://flashhabertv.com/canli-yayin.html","COMMUNITY","iptv-org public index, publicly listed free stream (verify broadcaster-official before promote)","iptv-org; categories=news; quality=","medium",""
"Live TV","News","IP Noticias (IP Noticias)","https://twitch-m3u8.bastypro112.workers.dev/argentina_12tw/index.m3u8","VIDEO","HLS","m3u8","","true","true","","AR","https://ip.digital/","COMMUNITY","iptv-org public index, publicly listed free stream (verify broadcaster-official before promote)","iptv-org; categories=news; quality=720p","medium",""
"Live TV","News","J3NEWS TV (J3NEWS TV)","https://video01.brascast.com/d92ebb4f/d92ebb4f/playlist.m3u8","VIDEO","HLS","m3u8","","true","true","","BR","https://tvterceiravia.com.br/","COMMUNITY","iptv-org public index, publicly listed free stream (verify broadcaster-official before promote)","iptv-org; categories=news; quality=","medium",""
"Live TV","Outdoor","Ciudad Magica (Ciudad Magica)","https://lbgo.bozztv.com/ssh101/ssh101/verycoolfgr/playlist.m3u8","VIDEO","HLS","m3u8","","true","true","","AR","https://ciudadmagicafm.com.ar/ciudad-magica-tv/","COMMUNITY","iptv-org public index, publicly listed free stream (verify broadcaster-official before promote)","iptv-org; categories=outdoor; quality=720p","medium",""
"Live TV","Pop","Eska TV (Eska TV)","http://91.246.72.88:8000/play/a002/index.m3u8","VIDEO","HLS","m3u8","","true","false","","PL","https://www.eska.tv/","COMMUNITY","iptv-org public index, publicly listed free stream (verify broadcaster-official before promote)","iptv-org; categories=music; quality=1080p","medium",""
"Live TV","Religious","Despertar TV (Despertar TV)","https://br.conectmy.com.br/DespertarTV/index.m3u8","VIDEO","HLS","m3u8","","true","true","","BR","https://despertartv.com.br/","COMMUNITY","iptv-org public index, publicly listed free stream (verify broadcaster-official before promote)","iptv-org; categories=religious; quality=720p","medium",""
"Live TV","Religious","Fajar TV (Fajar TV)","http://122.248.43.242:1935/FAJARTV/_definst_/myStream/playlist.m3u8","VIDEO","HLS","m3u8","","true","false","","ID","","COMMUNITY","iptv-org public index, publicly listed free stream (verify broadcaster-official before promote)","iptv-org; categories=religious; quality=720p","medium",""
"Live TV","Religious","Plenitude TV (Plenitude TV)","https://strv.painelvox.top/plenitude/plenitude/playlist.m3u8","VIDEO","HLS","m3u8","","true","true","","BR","https://www.iaptd.com.br/","COMMUNITY","iptv-org public index, publicly listed free stream (verify broadcaster-official before promote)","iptv-org; categories=religious; quality=","medium",""
"Live TV","Documentary","DocuBox (DocuBox)","https://dash3.antik.sk/live/test_docubox_medium_atk/playlist.m3u8","VIDEO","HLS","m3u8","","true","true","","NL","https://www.docuboxlive.com/","COMMUNITY","iptv-org public index, publicly listed free stream (verify broadcaster-official before promote)","iptv-org; categories=documentary; quality=","medium",""
"Live TV","General","50 Canale (50 Canale)","https://load-balancer.azotosolutions.com/cdnedge37/canale50/playlist.m3u8","VIDEO","HLS","m3u8","","true","true","","IT","https://50canale.tv/","COMMUNITY","iptv-org public index, publicly listed free stream (verify broadcaster-official before promote)","iptv-org; categories=general; quality=","medium",""
"Live TV","General","Acerfi TV (Acerfi TV)","https://streamtv.acerfi.net/hls/acerfitv/index.m3u8","VIDEO","HLS","m3u8","","true","true","","CM","https://tv.acerfi.net/","COMMUNITY","iptv-org public index, publicly listed free stream (verify broadcaster-official before promote)","iptv-org; categories=general; quality=","medium",""
"Live TV","General","Afaq TV (Afaq TV)","https://stream.afaq.iq/live/channel/afaqtv/playlist.m3u8","VIDEO","HLS","m3u8","","true","true","","IQ","https://www.afaq.tv/","COMMUNITY","iptv-org public index, publicly listed free stream (verify broadcaster-official before promote)","iptv-org; categories=general; quality=","medium",""
"Live TV","General","AGR FM TV (AGR FM TV)","https://tigocloud.desdeparaguay.net/agrtv/agrtv/playlist.m3u8","VIDEO","HLS","m3u8","","true","true","","PY","https://www.agrfmtv.com.py/","COMMUNITY","iptv-org public index, publicly listed free stream (verify broadcaster-official before promote)","iptv-org; categories=general; quality=","medium",""
"Live TV","General","Aiquilena Radio y Television (Aiquilena Radio y Television)","https://streamlov.alsolnet.com/grupocentrobo/live/playlist.m3u8","VIDEO","HLS","m3u8","","true","true","","BO","https://aiquileradiotelevision.com/","COMMUNITY","iptv-org public index, publicly listed free stream (verify broadcaster-official before promote)","iptv-org; categories=general; quality=720p","medium",""
"Live TV","General","AWE (AWE)","http://206.212.244.63/11/index.m3u8","VIDEO","HLS","m3u8","","true","false","","US","https://www.awetv.com/","COMMUNITY","iptv-org public index, publicly listed free stream (verify broadcaster-official before promote)","iptv-org; categories=general; quality=720p","medium",""
"Live TV","General","Belarus-1 (Belarus-1)","https://ngtrk.dc.beltelecom.by/ngtrk/_definst_/smil:belarus1.smil/playlist.m3u8","VIDEO","HLS","m3u8","","true","true","","BY","http://www.tvr.by/","COMMUNITY","iptv-org public index, publicly listed free stream (verify broadcaster-official before promote)","iptv-org; categories=general; quality=1080p","medium",""
"Live TV","General","Belarus-4 (Belarus-4 Vitebsk)","https://ngtrk.dc.beltelecom.by/vtv/bt4.stream/playlist.m3u8","VIDEO","HLS","m3u8","","true","true","","BY","http://www.tvr.by/","COMMUNITY","iptv-org public index, publicly listed free stream (verify broadcaster-official before promote)","iptv-org; categories=general; quality=1080p","medium",""
"Live TV","General","Bolivision Santa Cruz (Bolivision Santa Cruz)","https://d1mws3umreue1g.cloudfront.net/index.m3u8","VIDEO","HLS","m3u8","","true","true","","BO","https://www.redbolivision.tv.bo/","COMMUNITY","iptv-org public index, publicly listed free stream (verify broadcaster-official before promote)","iptv-org; categories=general; quality=720p","medium",""
"Live TV","General","Cable Nobsa TV (Cable Nobsa TV)","https://eu1.servers10.com:8081/8164/index.m3u8","VIDEO","HLS","m3u8","","true","true","","CO","https://cablenobsa.com/","COMMUNITY","iptv-org public index, publicly listed free stream (verify broadcaster-official before promote)","iptv-org; categories=general; quality=720p","medium",""
"Live TV","General","CAN TV21 (CAN TV21)","https://cantv.streamguys1.com/cantv/cantv21hls/playlist.m3u8","VIDEO","HLS","m3u8","","true","true","","US","https://www.cantv.org/watch/stream-can-tv21/","COMMUNITY","iptv-org public index, publicly listed free stream (verify broadcaster-official before promote)","iptv-org; categories=general; quality=1080p","medium",""
"Live TV","General","CAN TV27 (CAN TV27)","https://cantv.streamguys1.com/cantv/cantv27hls/playlist.m3u8","VIDEO","HLS","m3u8","","true","true","","US","https://www.cantv.org/watch/stream-can-tv27/","COMMUNITY","iptv-org public index, publicly listed free stream (verify broadcaster-official before promote)","iptv-org; categories=general; quality=1080p","medium",""
"Live TV","General","Canal 15 Teleor (Canal 15 Teleor)","https://ares.disfrutaenlared.com:1936/activatv/activatv/playlist.m3u8","VIDEO","HLS","m3u8","","true","true","","BO","","COMMUNITY","iptv-org public index, publicly listed free stream (verify broadcaster-official before promote)","iptv-org; categories=general; quality=720p","medium",""
"Live TV","General","Canal 25 Bermejo (Canal 25 Bermejo)","https://ares.disfrutaenlared.com:1936/clasica/clasica/playlist.m3u8","VIDEO","HLS","m3u8","","true","true","","BO","","COMMUNITY","iptv-org public index, publicly listed free stream (verify broadcaster-official before promote)","iptv-org; categories=general; quality=720p","medium",""
"Live TV","General","Canal 30 Loncomilla (Canal 30 Loncomilla)","https://v1.tustreaming.cl/canal30loncomilla/index.m3u8","VIDEO","HLS","m3u8","","true","true","","CL","https://canal30.cl/","COMMUNITY","iptv-org public index, publicly listed free stream (verify broadcaster-official before promote)","iptv-org; categories=general; quality=720p","medium",""
"Live TV","General","Canal 4 (Canal 4)","https://signal.teleon.live/stream/canal4sv.m3u8?token=free","VIDEO","HLS","m3u8","","true","true","","SV","https://www.tcsgo.com/","COMMUNITY","iptv-org public index, publicly listed free stream (verify broadcaster-official before promote)","iptv-org; categories=general; quality=1080p","medium",""
"Live TV","General","Channel 5 International (Channel 5 International)","http://178.134.1.158:8081/5channel/index.m3u8","VIDEO","HLS","m3u8","","true","false","","RU","https://www.5-tv.ru/","COMMUNITY","iptv-org public index, publicly listed free stream (verify broadcaster-official before promote)","iptv-org; categories=general; quality=576p","medium",""
"Live TV","General","City TV (City TV)","https://citytv.hu/playlist.m3u8","VIDEO","HLS","m3u8","","true","true","","HU","https://citytv.hu/","COMMUNITY","iptv-org public index, publicly listed free stream (verify broadcaster-official before promote)","iptv-org; categories=general; quality=","medium",""
"Live TV","General","Citytv Bogota (Citytv Bogota)","http://138.121.15.230:9002/CITY-TV/index.m3u8","VIDEO","HLS","m3u8","","true","false","","CO","https://www.citytv.com.co/","COMMUNITY","iptv-org public index, publicly listed free stream (verify broadcaster-official before promote)","iptv-org; categories=general; quality=1080p","medium",""
"Live TV","General","CLTV 36 (CLTV 36)","https://live.cltv36.tv:5443/LiveApp/streams/cltvlive.m3u8","VIDEO","HLS","m3u8","","true","true","","PH","http://cltv36.tv/","COMMUNITY","iptv-org public index, publicly listed free stream (verify broadcaster-official before promote)","iptv-org; categories=general; quality=720p","medium",""
"Live TV","General","Concepcion TV (Concepcion TV)","https://stream.blserver.cl/hls/ctv/index.m3u8","VIDEO","HLS","m3u8","","true","true","","CL","https://www.concepciontv.cl/","COMMUNITY","iptv-org public index, publicly listed free stream (verify broadcaster-official before promote)","iptv-org; categories=general; quality=720p","medium",""
"Live TV","General","Cooperativa (Cooperativa)","https://unlimited1-cl-isp.dps.live/coopetv/coopetv.smil/playlist.m3u8","VIDEO","HLS","m3u8","","true","true","","CL","","COMMUNITY","iptv-org public index, publicly listed free stream (verify broadcaster-official before promote)","iptv-org; categories=general; quality=720p","medium",""
"Live TV","General","Cosmovision (Cosmovision)","https://lbgo.bozztv.com/ssh101/ssh101/Cosmovisi%C3%B3n/playlist.m3u8","VIDEO","HLS","m3u8","","true","true","","CO","https://coosmovision.com/","COMMUNITY","iptv-org public index, publicly listed free stream (verify broadcaster-official before promote)","iptv-org; categories=general; quality=720p","medium",""
"Live TV","General","CVN TV (CVN TV)","https://7.innovatestream.pe:19360/cvntumbes/cvntumbes.m3u8","VIDEO","HLS","m3u8","","true","true","","PE","https://cvn.pe/","COMMUNITY","iptv-org public index, publicly listed free stream (verify broadcaster-official before promote)","iptv-org; categories=general; quality=","medium",""
"Live TV","Kids","Canal J (Canal J HD)","http://41.205.77.102/CANALJ/index.m3u8","VIDEO","HLS","m3u8","","true","false","","FR","https://www.canalj.fr/","COMMUNITY","iptv-org public index, publicly listed free stream (verify broadcaster-official before promote)","iptv-org; categories=kids; quality=720p","medium",""
"Live TV","Kids","EKids (EKids)","http://78.108.244.134:8899/ekids","VIDEO","ICECAST","","","true","false","","BG","http://www.ekids.bg/","COMMUNITY","iptv-org public index, publicly listed free stream (verify broadcaster-official before promote)","iptv-org; categories=kids; quality=576p","medium",""
"Live TV","Movie","AMC (AMC East)","http://41.223.30.230/AMC/index.m3u8","VIDEO","HLS","m3u8","","true","false","","US","https://www.amc.com/","COMMUNITY","iptv-org public index, publicly listed free stream (verify broadcaster-official before promote)","iptv-org; categories=movies; quality=720p","medium",""
"Live TV","News","ABC News Live (ABC News Live)","http://206.212.244.63/2/index.m3u8","VIDEO","HLS","m3u8","","true","false","","US","https://abcnews.go.com/Live","COMMUNITY","iptv-org public index, publicly listed free stream (verify broadcaster-official before promote)","iptv-org; categories=news; quality=720p","medium",""
"Live TV","News","ACN TV (ACN TV)","https://cdn.acnlive.net/LiveApp/streams/hold_the_line.m3u8","VIDEO","HLS","m3u8","","true","true","","CM","https://www.acnlive.net/","COMMUNITY","iptv-org public index, publicly listed free stream (verify broadcaster-official before promote)","iptv-org; categories=news; quality=","medium",""
"Live TV","News","ADN TV (ADN TV)","https://redirector.rudo.video/hls-video/931b584451fa6dd1313ee66efbfd5802e3f3bcea/adntv/adntv.smil/playlist.m3u8","VIDEO","HLS","m3u8","","true","true","","CL","https://www.adnradio.cl/","COMMUNITY","iptv-org public index, publicly listed free stream (verify broadcaster-official before promote)","iptv-org; categories=news; quality=720p","medium",""
"Live TV","News","Belarus-24 (Беларусь 24)","https://ngtrk.dc.beltelecom.by/ngtrk/smil:belarus24.smil/playlist.m3u8","VIDEO","HLS","m3u8","","true","true","","BY","https://belarus24.by/","COMMUNITY","iptv-org public index, publicly listed free stream (verify broadcaster-official before promote)","iptv-org; categories=news; quality=1080p","medium",""
"Live TV","News","Buendia TV (Buendia TV)","https://servilive.com:3508/stream/play.m3u8","VIDEO","HLS","m3u8","","true","true","","HN","https://www.btvhn.com","COMMUNITY","iptv-org public index, publicly listed free stream (verify broadcaster-official before promote)","iptv-org; categories=news; quality=","medium",""
"Live TV","News","Channel 9 (Channel 9)","https://contact.gostreaming.tv/Con-11/index.m3u8","VIDEO","HLS","m3u8","","true","true","","IL","https://www.9tv.co.il/","COMMUNITY","iptv-org public index, publicly listed free stream (verify broadcaster-official before promote)","iptv-org; categories=news; quality=1080p","medium",""
"Live TV","News","Cherniveckiy promin (Cherniveckiy promin)","https://langate.tv/promin/live_720/index.m3u8","VIDEO","HLS","m3u8","","true","true","","UA","https://promin.cv.ua/","COMMUNITY","iptv-org public index, publicly listed free stream (verify broadcaster-official before promote)","iptv-org; categories=news; quality=720p","medium",""
"Live TV","Pop","360TuneBox (360TuneBox)","https://dash3.antik.sk/live/test_360_tunebox_medium_atk/playlist.m3u8","VIDEO","HLS","m3u8","","true","true","","NL","http://www.360tunebox.com/","COMMUNITY","iptv-org public index, publicly listed free stream (verify broadcaster-official before promote)","iptv-org; categories=music; quality=1080p","medium",""
"Live TV","Pop","Alegria TV (Alegria TV)","https://lbgo.bozztv.com/ssh101/ssh101/confirmatv/playlist.m3u8","VIDEO","HLS","m3u8","","true","true","","BO","","COMMUNITY","iptv-org public index, publicly listed free stream (verify broadcaster-official before promote)","iptv-org; categories=music; quality=720p","medium",""
"Live TV","Sports","ACC Network (ACC Network)","http://206.212.244.63/2486/index.m3u8","VIDEO","HLS","m3u8","","true","false","","US","https://getaccn.com/","COMMUNITY","iptv-org public index, publicly listed free stream (verify broadcaster-official before promote)","iptv-org; categories=sports; quality=720p","medium",""
"Live TV","Sports","CRTV (CRTV)","https://stmv2.voxtvhd.com.br/crtvchile/crtvchile/playlist.m3u8","VIDEO","HLS","m3u8","","true","true","","CL","https://crtvchile.cl/","COMMUNITY","iptv-org public index, publicly listed free stream (verify broadcaster-official before promote)","iptv-org; categories=sports; quality=720p","medium",""
"Live TV","Documentary","DW English","https://amg01644-amg01644c1-amgplt0343.playout.now3.amagi.tv/ts-eu-w1-n2/playlist/amg01644-amg01644c1-amgplt0343/playlist.m3u8","VIDEO","HLS","m3u8","","true","true","english","DE","https://www.dw.com/","PUBLIC","Deutsche Welle public broadcaster free 24/7 feed","seed 24/7 public feed","medium",""
"Live TV","News","France 24 English","https://live.france24.com/hls/live/2037218-b/F24_EN_HI_HLS/master_5000.m3u8","VIDEO","HLS","m3u8","","true","true","english","FR","https://www.france24.com/","PUBLIC","France 24 English public broadcaster free 24/7 feed","seed 24/7 public feed","medium",""
"Live TV","Outdoor","30A Darcizzle Offshore","https://30a-tv.com/darcizzle.m3u8","VIDEO","HLS","m3u8","","true","true","english","US","https://30a.tv/","COMMUNITY","30A live offshore/beach webcam 24/7 feed","seed 24/7 public feed","medium",""
"Live TV","Outdoor","AKC TV Puppies 24/7","https://install.akctvcontrol.com/speed/broadcast/140/desktop-playlist.m3u8","VIDEO","HLS","m3u8","","true","true","english","US","https://www.akc.tv/","COMMUNITY","AKC TV live puppy webcam 24/7 feed","seed 24/7 public feed","medium",""
"Live TV","Outdoor","WildEarth","https://dqga3jatxofgx.cloudfront.net/WildEarth.m3u8","VIDEO","HLS","m3u8","","true","true","english","ZA","https://wildearth.tv/","COMMUNITY","WildEarth live wildlife safari webcam 24/7 feed","seed 24/7 public feed","medium",""
"Live TV","Science & Space","InWonder","https://amg00861-terninternation-inwonder-samsungau-1k63k.amagi.tv/playlist/amg00861-terninternation-inwonder-samsungau/playlist.m3u8","VIDEO","HLS","m3u8","","true","true","english","NL","https://www.wonder.tv/","COMMUNITY","Wonder science/nature FAST channel free 24/7 feed","seed 24/7 public feed","medium",""
"Live TV","Education","Once Ninas y Ninos (Once Ninas y Ninos)","http://45.189.62.33:8002/play/a0p7/index.m3u8","VIDEO","HLS","m3u8","","true","false","","MX","https://onceninos.tv/","COMMUNITY","iptv-org public index, publicly listed free stream (verify broadcaster-official before promote)","iptv-org; categories=education|kids; quality=576p","medium",""
"Live TV","General","Approval TV (Approval TV)","https://tv.bigicloud.com/hls/approvaltv/approvaltv.m3u8","VIDEO","HLS","m3u8","","true","true","","NG","https://approvaltv.com","COMMUNITY","iptv-org public index, publicly listed free stream (verify broadcaster-official before promote)","iptv-org; categories=general|religious; quality=","medium",""
"Live TV","General","Azteca 7 (Azteca 7)","http://45.189.62.33:8002/play/a0fm/index.m3u8","VIDEO","HLS","m3u8","","true","false","","MX","https://www.tvazteca.com/azteca7","COMMUNITY","iptv-org public index, publicly listed free stream (verify broadcaster-official before promote)","iptv-org; categories=general; quality=1080p","medium",""
"Live TV","General","Azteca Uno (Azteca Uno)","http://45.189.62.33:8002/play/a0cc/index.m3u8","VIDEO","HLS","m3u8","","true","false","","MX","https://www.tvazteca.com/aztecauno","COMMUNITY","iptv-org public index, publicly listed free stream (verify broadcaster-official before promote)","iptv-org; categories=general; quality=1080p","medium",""
"Live TV","General","Canal 2 NexTV Rafaela (Canal 2 NexTV Rafaela)","https://edge.enhdtv.com/nexthd/index.m3u8","VIDEO","HLS","m3u8","","true","true","","AR","","COMMUNITY","iptv-org public index, publicly listed free stream (verify broadcaster-official before promote)","iptv-org; categories=general; quality=720p","medium",""
"Live TV","General","Cine 1 (Cine 1)","https://canliyayin.cine1.com.tr/memfs/cbaef080-a742-4644-9e9e-2b9f6a5103c3.m3u8","VIDEO","HLS","m3u8","","true","true","","TR","https://www.artidijitalmedya.com/embed/tv/cine1/","COMMUNITY","iptv-org public index, publicly listed free stream (verify broadcaster-official before promote)","iptv-org; categories=general; quality=","medium",""
"Live TV","General","El Trece (El Trece)","http://190.108.83.69:8000/play/a01d/index.m3u8","VIDEO","HLS","m3u8","","true","false","","AR","https://www.eltrecetv.com.ar/","COMMUNITY","iptv-org public index, publicly listed free stream (verify broadcaster-official before promote)","iptv-org; categories=general; quality=480p","medium",""
"Live TV","General","Imagen TV (Imagen TV)","https://igd-it-runtime.otteravision.com/igd/it/it.m3u8","VIDEO","HLS","m3u8","","true","true","","MX","https://www.imagentv.com/","COMMUNITY","iptv-org public index, publicly listed free stream (verify broadcaster-official before promote)","iptv-org; categories=general; quality=1080p","medium",""
"Live TV","General","Neox TV (Neox TV)","https://tv.streamcasthd.com:3031/live/neoxtvlive.m3u8","VIDEO","HLS","m3u8","","true","true","","AR","https://sonicaargentina.com.ar/","COMMUNITY","iptv-org public index, publicly listed free stream (verify broadcaster-official before promote)","iptv-org; categories=general; quality=720p","medium",""
"Live TV","Kids","Disney Jr. Latin America (Disney Jr. Latin America)","http://45.189.62.33:8002/play/a0bz/index.m3u8","VIDEO","HLS","m3u8","","true","false","","AR","https://www.disneylatino.com/","COMMUNITY","iptv-org public index, publicly listed free stream (verify broadcaster-official before promote)","iptv-org; categories=animation|kids; quality=576p","medium",""
"Live TV","Pop","Exa TV (Exa TV)","http://45.189.62.33:8002/play/a0lr/index.m3u8","VIDEO","HLS","m3u8","","true","false","","MX","https://exa.tv/","COMMUNITY","iptv-org public index, publicly listed free stream (verify broadcaster-official before promote)","iptv-org; categories=music; quality=576p","medium",""
"Live TV","Pop","La Mejor TV (La Mejor TV)","http://45.189.62.33:8002/play/a0ls/index.m3u8","VIDEO","HLS","m3u8","","true","false","","MX","https://lamejor.com.mx/","COMMUNITY","iptv-org public index, publicly listed free stream (verify broadcaster-official before promote)","iptv-org; categories=music; quality=576p","medium",""
"Live TV","General","A2Z (A2Z)","https://streams.comclark.com/pknsd/a2z/playlist.m3u8","VIDEO","HLS","m3u8","","true","true","","PH","","COMMUNITY","iptv-org public index, publicly listed free stream (verify broadcaster-official before promote)","iptv-org; categories=general; quality=480p","medium",""
"Live TV","General","Cadena A (Cadena A)","https://5fe2654d6127d.streamlock.net/cadenaa/videocadenaa/playlist.m3u8","VIDEO","HLS","m3u8","","true","true","","BO","http://www.cadenaa.tv/","COMMUNITY","iptv-org public index, publicly listed free stream (verify broadcaster-official before promote)","iptv-org; categories=general; quality=720p","medium",""
"Live TV","General","Canal 52 Valle Television (Canal 52 Valle Television)","https://twitch-m3u8.bastypro112.workers.dev/plustelevisionbolivia/index.m3u8","VIDEO","HLS","m3u8","","true","true","","BO","","COMMUNITY","iptv-org public index, publicly listed free stream (verify broadcaster-official before promote)","iptv-org; categories=general; quality=720p","medium",""
"Live TV","General","China Channel (China Channel)","https://v2.tustreaming.cl/chinachannel/index.m3u8","VIDEO","HLS","m3u8","","true","true","","CL","","COMMUNITY","iptv-org public index, publicly listed free stream (verify broadcaster-official before promote)","iptv-org; categories=general; quality=720p","medium",""
"Live TV","General","CTV19 (CTV19)","https://twitch-m3u8.bastypro112.workers.dev/ctv19live/index.m3u8","VIDEO","HLS","m3u8","","true","true","","GY","https://www.twitch.tv/ctv19live","COMMUNITY","iptv-org public index, publicly listed free stream (verify broadcaster-official before promote)","iptv-org; categories=general; quality=720p","medium",""
"Live TV","Kids","Akili Kids! (Akili Kids!)","https://m6.livecdn.io/akilikids.co.ke/akilikids.smil/playlist.m3u8","VIDEO","HLS","m3u8","","true","true","","KE","https://akilikids.co.ke/","COMMUNITY","iptv-org public index, publicly listed free stream (verify broadcaster-official before promote)","iptv-org; categories=kids; quality=","medium",""
"Live TV","Movie","Cine Mo! (Cinemo)","https://streams.comclark.com/pknsd/cinemo/playlist.m3u8","VIDEO","HLS","m3u8","","true","true","","PH","","COMMUNITY","iptv-org public index, publicly listed free stream (verify broadcaster-official before promote)","iptv-org; categories=movies; quality=480p","medium",""
"Live TV","News","ANC (ANC)","https://streams.comclark.com/pknsd/anc/playlist.m3u8","VIDEO","HLS","m3u8","","true","true","","PH","https://news.abs-cbn.com/anc","COMMUNITY","iptv-org public index, publicly listed free stream (verify broadcaster-official before promote)","iptv-org; categories=news; quality=480p","medium",""
"Live TV","News","Cheddar News (Cheddar News)","http://206.212.244.63/35/index.m3u8","VIDEO","HLS","m3u8","","true","false","","US","https://cheddar.com/","COMMUNITY","iptv-org public index, publicly listed free stream (verify broadcaster-official before promote)","iptv-org; categories=news; quality=720p","medium",""
"Live TV","News","CNEWS PRIME (CNEWS PRIME)","https://raw.githubusercontent.com/Paradise-91/ParaTV/main/streams/canalplus/cnews-prime-dm.m3u8","VIDEO","HLS","m3u8","","true","true","","FR","https://www.cnews.fr/le-direct-cnews-prime","COMMUNITY","iptv-org public index, publicly listed free stream (verify broadcaster-official before promote)","iptv-org; categories=news; quality=1080p","medium",""
"Live TV","News","CRTV News (CRTV News)","https://live1.acangroup.org:1929/publiclive/crtv_news/playlist.m3u8","VIDEO","HLS","m3u8","","true","true","","CM","https://www.crtv.cm/","COMMUNITY","iptv-org public index, publicly listed free stream (verify broadcaster-official before promote)","iptv-org; categories=news; quality=","medium",""
"Live TV","Kids","Cartoon Classics (Cartoon Classics)","http://5.188.159.128:8070/Cartoon_Network/index.m3u8","VIDEO","HLS","m3u8","","true","false","","PL","https://www.rakuten.tv/pl/live_channels/cartoon-classics","COMMUNITY","iptv-org public index, publicly listed free stream (verify broadcaster-official before promote)","iptv-org; categories=animation|kids; quality=576p","medium",""
"Live TV","General","Canal 70 (Canal 70)","https://183.bozztv.com/giatv/giatv-cnal70tv/cnal70tv/playlist.m3u8","VIDEO","HLS","m3u8","","true","true","","DO","https://gia.tv/watchssh101.php?sn=cnal70tv","COMMUNITY","iptv-org public index, publicly listed free stream (verify broadcaster-official before promote)","iptv-org; categories=general; quality=720p","medium",""
"Live TV","General","Canal 4 Villa Dolores (Canal 4 Villa Dolores)","https://stmvideo3.livecastv.com/canal4vd/canal4vd/playlist.m3u8","VIDEO","HLS","m3u8","","true","true","","AR","https://canal4vd.com.ar/","COMMUNITY","iptv-org public index, publicly listed free stream (verify broadcaster-official before promote)","iptv-org; categories=general; quality=","medium",""
"Live TV","General","PONTV (PONTV)","http://122.248.43.242:1935/PONTV/_definst_/myStream/playlist.m3u8","VIDEO","HLS","m3u8","","true","false","","ID","https://www.pontv.id/","COMMUNITY","iptv-org public index, publicly listed free stream (verify broadcaster-official before promote)","iptv-org; categories=; quality=720p","medium",""
"Live TV","Kids","Kids TV (Kids TV)","http://origin5.mediacdn.ru/live/kidstv/index.m3u8","VIDEO","HLS","m3u8","","true","false","","ID","https://www.mncchannels.com/micro/Kids-TV","COMMUNITY","iptv-org public index, publicly listed free stream (verify broadcaster-official before promote)","iptv-org; categories=kids; quality=","medium",""
"Live TV","Kids","NickOnline (NickOnline)","https://x1colegal.com/hls/stream.m3u8","VIDEO","HLS","m3u8","","true","true","","BR","https://x1co.com.br","COMMUNITY","iptv-org public index, publicly listed free stream (verify broadcaster-official before promote)","iptv-org; categories=kids|animation; quality=360p","medium",""
"Live TV","Religious","Canal 6 Viento Recio (Canal 6 Viento Recio)","https://stmvideo6.livecastv.com/vientorecio/vientorecio/playlist.m3u8","VIDEO","HLS","m3u8","","true","true","","AR","https://vientoreciointernacional.com.ar/","COMMUNITY","iptv-org public index, publicly listed free stream (verify broadcaster-official before promote)","iptv-org; categories=religious; quality=","medium",""
"Live TV","Religious","Izzah TV (Izzah TV)","https://streaming.radiosalamjambi.com/izzahtv.m3u8","VIDEO","HLS","m3u8","","true","true","","ID","https://izzah.tv/","COMMUNITY","iptv-org public index, publicly listed free stream (verify broadcaster-official before promote)","iptv-org; categories=religious; quality=480p","medium",""
"Live TV","Religious","Mahaa Bhakti (Mahaa Bhakti)","https://mumbai-edge.smartplaytv.in/MahaBhakthi/index.m3u8","VIDEO","HLS","m3u8","","true","true","","IN","","COMMUNITY","iptv-org public index, publicly listed free stream (verify broadcaster-official before promote)","iptv-org; categories=religious; quality=1080p","medium",""
"Live TV","Sports","ESPN (ESPN)","http://181.78.197.59:8000/play/a07z/index.m3u8","VIDEO","HLS","m3u8","","true","false","","BR","http://www.espn.com.br/","COMMUNITY","iptv-org public index, publicly listed free stream (verify broadcaster-official before promote)","iptv-org; categories=sports; quality=1080p","medium",""
"Live TV","Sports","ESPN 3 (ESPN 3)","http://181.78.197.59:8000/play/a081/index.m3u8","VIDEO","HLS","m3u8","","true","false","","BR","http://www.espn.com.br/","COMMUNITY","iptv-org public index, publicly listed free stream (verify broadcaster-official before promote)","iptv-org; categories=sports; quality=720p","medium",""
"Live TV","Sports","ESPN 4 (ESPN 4)","http://181.78.197.59:8000/play/a07n/index.m3u8","VIDEO","HLS","m3u8","","true","false","","BR","http://www.espn.com.br/","COMMUNITY","iptv-org public index, publicly listed free stream (verify broadcaster-official before promote)","iptv-org; categories=sports; quality=1080p","medium",""
"Live TV","General","Alawla TV (Alawla TV)","https://live.alawla.tv/hls/stream.m3u8","VIDEO","HLS","m3u8","","true","true","","IQ","https://alawla.tv/live.html","COMMUNITY","iptv-org public index, publicly listed free stream (verify broadcaster-official before promote)","iptv-org; categories=general; quality=","medium",""
"Live TV","General","AM Canal (AM Canal)","https://streaming.bitsur.cl:3534/live/vdo1102live.m3u8","VIDEO","HLS","m3u8","","true","true","","CL","https://amcanal.cl/","COMMUNITY","iptv-org public index, publicly listed free stream (verify broadcaster-official before promote)","iptv-org; categories=general; quality=","medium",""
"Live TV","General","Andorra TV (Andorra TV)","https://livesg1.rtva.hiway.media/11a6d6f4-ee13-47c7-9c27-7313cf5424e2/manifest.m3u8","VIDEO","HLS","m3u8","","true","true","","AD","https://www.andorradifusio.ad/","COMMUNITY","iptv-org public index, publicly listed free stream (verify broadcaster-official before promote)","iptv-org; categories=general; quality=1080p","medium",""
"Live TV","General","As Contenidos (As Contenidos)","https://master.tucableip.com/ascontenido/index.m3u8","VIDEO","HLS","m3u8","","true","true","","BO","https://ascontenidos.com.bo/","COMMUNITY","iptv-org public index, publicly listed free stream (verify broadcaster-official before promote)","iptv-org; categories=general; quality=720p","medium",""
"Live TV","General","Bio Bio TV (Bio Bio TV)","https://jireh-7-hls-video-us-isp.dps.live/hls-video/339f69c6122f6d8f4574732c235f09b7683e31a5/bbtv/bbtv.smil/playlist.m3u8","VIDEO","HLS","m3u8","","true","true","","CL","https://www.biobiochile.cl/biobiotv/","COMMUNITY","iptv-org public index, publicly listed free stream (verify broadcaster-official before promote)","iptv-org; categories=general; quality=720p","medium",""
"Live TV","General","Canal 6 Master TV Carapari (Canal 6 Master TV Carapari)","https://edge.enhdtv.com/8064/index.m3u8","VIDEO","HLS","m3u8","","true","true","","BO","","COMMUNITY","iptv-org public index, publicly listed free stream (verify broadcaster-official before promote)","iptv-org; categories=general; quality=720p","medium",""
"Live TV","General","CBS (CBS)","http://stream.cammonitorplus.net/1783/index.m3u8","VIDEO","HLS","m3u8","","true","false","","US","https://www.cbs.com/","COMMUNITY","iptv-org public index, publicly listed free stream (verify broadcaster-official before promote)","iptv-org; categories=general; quality=1080p","medium",""
"Live TV","General","Central TV (Central TV)","https://freya.mivideo.pro/centraltv/video.m3u8","VIDEO","HLS","m3u8","","true","true","","CL","","COMMUNITY","iptv-org public index, publicly listed free stream (verify broadcaster-official before promote)","iptv-org; categories=general; quality=720p","medium",""
"Live TV","General","Ciudadano Radio (Ciudadano Radio)","https://oracle.streaminghd.cl:443/ciudadanoradiotv/ciudadanoradiotv/playlist.m3u8","VIDEO","HLS","m3u8","","true","true","","CL","","COMMUNITY","iptv-org public index, publicly listed free stream (verify broadcaster-official before promote)","iptv-org; categories=general; quality=720p","medium",""
"Live TV","General","Coyhaique TV (Coyhaique TV)","https://v2.tustreaming.cl/coyhaiquetv/index.m3u8","VIDEO","HLS","m3u8","","true","true","","CL","https://www.coyhaique-tv.cl/","COMMUNITY","iptv-org public index, publicly listed free stream (verify broadcaster-official before promote)","iptv-org; categories=general; quality=720p","medium",""
"Live TV","General","Dialogo La Red Educativa (Dialogo La Red Educativa)","https://twitch-m3u8.bastypro112.workers.dev/dialogolarededucativacbba/index.m3u8","VIDEO","HLS","m3u8","","true","true","","BO","https://dialogolarededucativa.com/","COMMUNITY","iptv-org public index, publicly listed free stream (verify broadcaster-official before promote)","iptv-org; categories=general; quality=720p","medium",""
"Live TV","Kids","Carousel (Carousel)","http://185.37.150.46/Karusel/index.m3u8","VIDEO","HLS","m3u8","","true","false","","RU","https://www.karusel-tv.ru/","COMMUNITY","iptv-org public index, publicly listed free stream (verify broadcaster-official before promote)","iptv-org; categories=kids; quality=720p","medium",""
"Live TV","Kids","ducktv (ducktv HD)","https://dash3.antik.sk/live/duck_tv/index.m3u8","VIDEO","HLS","m3u8","","true","true","","SK","https://www.ducktv.tv/","COMMUNITY","iptv-org public index, publicly listed free stream (verify broadcaster-official before promote)","iptv-org; categories=kids; quality=","medium",""
"Live TV","Kids","ducktv PLUS (ducktv PLUS)","https://dash3.antik.sk/live/test_duck_plus/playlist.m3u8","VIDEO","HLS","m3u8","","true","true","","SK","https://www.ducktv.tv/","COMMUNITY","iptv-org public index, publicly listed free stream (verify broadcaster-official before promote)","iptv-org; categories=kids; quality=","medium",""
"Live TV","News","Al Janoub TV (Al Janoub TV)","https://live.alissahost.net/hls/test.m3u8","VIDEO","HLS","m3u8","","true","true","","IQ","https://aljanoub.tv/","COMMUNITY","iptv-org public index, publicly listed free stream (verify broadcaster-official before promote)","iptv-org; categories=news; quality=","medium",""
"Live TV","News","Alghadeer TV (Alghadeer TV)","https://sd343444.vodu.store:3356/live/Alghadeer/index.m3u8","VIDEO","HLS","m3u8","","true","true","","IQ","http://alghadeertv.net/","COMMUNITY","iptv-org public index, publicly listed free stream (verify broadcaster-official before promote)","iptv-org; categories=news; quality=1080p","medium",""
"Live TV","Pop","Chocolate FM (Chocolate FM)","https://5eaccbab48461.streamlock.net:1936/8180/8180/playlist.m3u8","VIDEO","HLS","m3u8","","true","true","","CL","","COMMUNITY","iptv-org public index, publicly listed free stream (verify broadcaster-official before promote)","iptv-org; categories=music; quality=720p","medium",""
"Live TV","Pop","Corazon TV (Corazon TV)","https://sistemastr.tropicalmoonmedia.com/live/7FFCFEC3978B68D1A2ED0A38DE96AF76/12.m3u8","VIDEO","HLS","m3u8","","true","true","","PA","https://grupojapradiotv.com/nuestros-canales-tv/corazon-tv/","COMMUNITY","iptv-org public index, publicly listed free stream (verify broadcaster-official before promote)","iptv-org; categories=music; quality=","medium",""
"Live TV","Sports","Belarus-5 (Belarus-5 HD)","http://178.124.179.122:8080/BT5/index.m3u8","VIDEO","HLS","m3u8","","true","false","","BY","http://tvr.by/","COMMUNITY","iptv-org public index, publicly listed free stream (verify broadcaster-official before promote)","iptv-org; categories=sports; quality=1080p","medium",""
"Live TV","Sports","DSports (DSports)","https://streamvidex.qzz.io/videx/dsportsar/index.m3u8","VIDEO","HLS","m3u8","","true","true","","US","https://www.directvsports.com/","COMMUNITY","iptv-org public index, publicly listed free stream (verify broadcaster-official before promote)","iptv-org; categories=sports; quality=1080p","medium",""
"Live TV","Sports","DSports 2 (DSports 2)","https://streamvidex.qzz.io/videx/dsports2/index.m3u8","VIDEO","HLS","m3u8","","true","true","","US","https://www.directvsports.com/","COMMUNITY","iptv-org public index, publicly listed free stream (verify broadcaster-official before promote)","iptv-org; categories=sports; quality=1080p","medium",""
"Live TV","Sports","DSports+ (DSports+)","https://streamvidex.qzz.io/videx/dsportsplus/index.m3u8","VIDEO","HLS","m3u8","","true","true","","US","https://www.directvsports.com/","COMMUNITY","iptv-org public index, publicly listed free stream (verify broadcaster-official before promote)","iptv-org; categories=sports; quality=720p","medium",""
"Live TV","Comedy","Distrito Comedia (Distrito Comedia)","http://177.234.249.135:8888/DistritoComedia/index.m3u8","VIDEO","HLS","m3u8","","true","false","","MX","http://televisa-networks.com/programacion/distrito-comedia/","COMMUNITY","iptv-org public index, publicly listed free stream (verify broadcaster-official before promote)","iptv-org; categories=comedy; quality=1080p","medium",""
"Live TV","Cooking","El Gourmet (El Gourmet)","http://177.234.249.178:8888/EL-GOURMET/index.m3u8","VIDEO","HLS","m3u8","","true","false","","AR","http://elgourmet.com/","COMMUNITY","iptv-org public index, publicly listed free stream (verify broadcaster-official before promote)","iptv-org; categories=cooking; quality=1080p","medium",""
"Live TV","Documentary","National Geographic (National Geographic)","http://138.121.15.230:9002/NAT-GEO/index.m3u8","VIDEO","HLS","m3u8","","true","false","","MX","https://www.nationalgeographicla.com/","COMMUNITY","iptv-org public index, publicly listed free stream (verify broadcaster-official before promote)","iptv-org; categories=documentary; quality=1080p","medium",""
"Live TV","Education","AgroCanal (AgroCanal)","https://aovivo.equipea.com.br:5443/aovivort/streams/pshRLrnv6isXq7RG4747567774043229.m3u8","VIDEO","HLS","m3u8","","true","true","","BR","https://sba1.com/","COMMUNITY","iptv-org public index, publicly listed free stream (verify broadcaster-official before promote)","iptv-org; categories=education|outdoor; quality=","medium",""
"Live TV","Education","Canal Futura (Canal Futura)","http://45.162.64.114/FUTURA/index.m3u8","VIDEO","HLS","m3u8","","true","false","","BR","https://www.futura.org.br/","COMMUNITY","iptv-org public index, publicly listed free stream (verify broadcaster-official before promote)","iptv-org; categories=education; quality=720p","medium",""
"Live TV","Education","ITV Brazil (ITV Brazil)","https://video24.mais.uol.com.br/live/6146.m3u8","VIDEO","HLS","m3u8","","true","true","","BR","http://itvbrasil.tv.br/","COMMUNITY","iptv-org public index, publicly listed free stream (verify broadcaster-official before promote)","iptv-org; categories=education; quality=720p","medium",""
"Live TV","Education","R Channel (R Channel)","http://180.180.243.239/streams/3/hls","VIDEO","ICECAST","","","true","false","","TH","http://r-channel.net/","COMMUNITY","iptv-org public index, publicly listed free stream (verify broadcaster-official before promote)","iptv-org; categories=education; quality=","medium",""
"Live TV","General","Dr Pal TV (Dr Pal TV)","https://stream.cisk.tech/drpal/index.m3u8","VIDEO","HLS","m3u8","","true","true","","SA","https://drpal.online/","COMMUNITY","iptv-org public index, publicly listed free stream (verify broadcaster-official before promote)","iptv-org; categories=general; quality=720p","medium",""
"Live TV","General","Golden (Golden)","http://177.234.249.135:8888/Golden/index.m3u8","VIDEO","HLS","m3u8","","true","false","","MX","http://televisa-networks.ioncom.mx/portfolio/golden/","COMMUNITY","iptv-org public index, publicly listed free stream (verify broadcaster-official before promote)","iptv-org; categories=; quality=720p","medium",""
"Live TV","General","Golden Edge (Golden Edge)","http://177.234.249.135:8888/GoldenEdge/index.m3u8","VIDEO","HLS","m3u8","","true","false","","MX","https://televisa-networks.com/portfolio/golden-edge/","COMMUNITY","iptv-org public index, publicly listed free stream (verify broadcaster-official before promote)","iptv-org; categories=; quality=720p","medium",""
"Live TV","General","Golden Plus (Golden Plus)","http://177.234.249.135:8888/GoldenPlus/index.m3u8","VIDEO","HLS","m3u8","","true","false","","MX","","COMMUNITY","iptv-org public index, publicly listed free stream (verify broadcaster-official before promote)","iptv-org; categories=; quality=1080p","medium",""
"Live TV","General","Las Estrellas Latin America (Las Estrellas Latin America)","http://177.234.249.135:8888/LasEstrellas/index.m3u8","VIDEO","HLS","m3u8","","true","false","","MX","https://www.lasestrellas.tv/","COMMUNITY","iptv-org public index, publicly listed free stream (verify broadcaster-official before promote)","iptv-org; categories=general; quality=1080p","medium",""
"Live TV","General","Rede Premium TV (Rede Premium TV)","https://cdn-tiva-stmv2-samcast-com-br.smartbit.co/leonardo9878/leonardo9878/playlist.m3u8","VIDEO","HLS","m3u8","","true","true","","BR","https://redepremiumtv.com.br/","COMMUNITY","iptv-org public index, publicly listed free stream (verify broadcaster-official before promote)","iptv-org; categories=entertainment; quality=720p","medium",""
"Live TV","News","Arirang TV (Arirang TV HD)","http://45.162.64.114/ARIRANG/index.m3u8","VIDEO","HLS","m3u8","","true","false","","KR","https://www.arirang.com/","COMMUNITY","iptv-org public index, publicly listed free stream (verify broadcaster-official before promote)","iptv-org; categories=news|general; quality=720p","medium",""
"Live TV","Pop","Quiero Musica en mi Idioma (Quiero Musica en mi Idioma)","http://177.234.249.178:8888/MTV/index.m3u8","VIDEO","HLS","m3u8","","true","false","","AR","https://www.qmusica.tv/","COMMUNITY","iptv-org public index, publicly listed free stream (verify broadcaster-official before promote)","iptv-org; categories=music; quality=1080p","medium",""
"Live TV","Religious","Radio Maria TV (Radio Maria TV)","https://radiomaria.inovanex.stream/stream.m3u8","VIDEO","HLS","m3u8","","true","true","","AR","https://radiomaria.org.ar/","COMMUNITY","iptv-org public index, publicly listed free stream (verify broadcaster-official before promote)","iptv-org; categories=religious; quality=1080p","medium",""
"Live TV","Religious","Rede Seculo 21 (Rede Seculo 21)","http://45.162.64.114/REDE_SECULO_21/index.m3u8","VIDEO","HLS","m3u8","","true","false","","BR","https://www.rs21.com.br/","COMMUNITY","iptv-org public index, publicly listed free stream (verify broadcaster-official before promote)","iptv-org; categories=religious; quality=720p","medium",""
"Live TV","Sports","Combate (Combate)","http://143.14.134.107:80/167/index.m3u8","VIDEO","HLS","m3u8","","true","false","","BR","http://combate.globo.com/","COMMUNITY","iptv-org public index, publicly listed free stream (verify broadcaster-official before promote)","iptv-org; categories=sports; quality=720p","medium",""
"Live TV","General","2+2 Marathon (2+2 Marathon)","https://lowa8026-cmyk.github.io/Ukraine/Edyni_Novyny/2Plus2Marafon.m3u8","VIDEO","HLS","m3u8","","true","true","","UA","","COMMUNITY","iptv-org public index, publicly listed free stream (verify broadcaster-official before promote)","iptv-org; categories=general; quality=1080p","medium",""
"Live TV","General","Amazonia TV (Amazonia TV)","https://servilive.com:3199/live/amazoniatvlive.m3u8","VIDEO","HLS","m3u8","","true","true","","PE","https://amazoniatvyurimaguas.com/","COMMUNITY","iptv-org public index, publicly listed free stream (verify broadcaster-official before promote)","iptv-org; categories=general; quality=","medium",""
"Live TV","General","Amitel TV (Amitel TV)","https://stv2.boliviaplay.com.bo/hls/stream.m3u8","VIDEO","HLS","m3u8","","true","true","","BO","https://amiteltv.com/","COMMUNITY","iptv-org public index, publicly listed free stream (verify broadcaster-official before promote)","iptv-org; categories=general; quality=720p","medium",""
"Live TV","General","ATV (ATV)","https://d19e55ehz2il4i.cloudfront.net/ts:abr.m3u8","VIDEO","HLS","m3u8","","true","true","","PE","https://www.atv.pe/","COMMUNITY","iptv-org public index, publicly listed free stream (verify broadcaster-official before promote)","iptv-org; categories=general; quality=720p","medium",""
"Live TV","General","Ayaz TV (Ayaz TV)","https://janya-ayaztv.vgcdn.net/ptnr-WebApp/title-Ayaz_TV/v1/vglive-sk-934820/main.m3u8","VIDEO","HLS","m3u8","","true","true","","AZ","https://www.ayaztv.com/tv","COMMUNITY","iptv-org public index, publicly listed free stream (verify broadcaster-official before promote)","iptv-org; categories=general; quality=720p","medium",""
"Live TV","General","AZA TV HD (AZA TV HD)","https://tv.webmedialive.com/azatvhn/live/playlist.m3u8","VIDEO","HLS","m3u8","","true","true","","HN","https://www.azatvhdhn.com/","COMMUNITY","iptv-org public index, publicly listed free stream (verify broadcaster-official before promote)","iptv-org; categories=general; quality=1080p","medium",""
"Live TV","General","BBS TV (BBS TV)","https://bbstv.ug/hls/ch01/index.m3u8","VIDEO","HLS","m3u8","","true","true","","UG","https://www.bbstv.ug/","COMMUNITY","iptv-org public index, publicly listed free stream (verify broadcaster-official before promote)","iptv-org; categories=general; quality=","medium",""
"Live TV","General","Borjana de Television (Borjana de Television)","https://edge.enhdtv.com/8068/index.m3u8","VIDEO","HLS","m3u8","","true","true","","BO","","COMMUNITY","iptv-org public index, publicly listed free stream (verify broadcaster-official before promote)","iptv-org; categories=general; quality=720p","medium",""
"Live TV","General","CFTO-DT (CFTO-DT)","http://stream.cammonitorplus.net/1712/index.m3u8","VIDEO","HLS","m3u8","","true","false","","CA","https://toronto.ctvnews.ca/","COMMUNITY","iptv-org public index, publicly listed free stream (verify broadcaster-official before promote)","iptv-org; categories=general; quality=720p","medium",""
"Live TV","General","CheddarU (CheddarU)","http://40.160.24.52/CHEDDAR_BUSINESS/index.m3u8","VIDEO","HLS","m3u8","","true","false","","US","http://www.cheddaru.com/","COMMUNITY","iptv-org public index, publicly listed free stream (verify broadcaster-official before promote)","iptv-org; categories=general; quality=720p","medium",""
"Live TV","General","CNC Valledupar (CNC Valledupar)","https://live20.bozztv.com/akamaissh101/ssh101/cncvalledupar1/playlist.m3u8","VIDEO","HLS","m3u8","","true","true","","CO","http://cncvalledupar.com/","COMMUNITY","iptv-org public index, publicly listed free stream (verify broadcaster-official before promote)","iptv-org; categories=general; quality=720p","medium",""
"Live TV","General","CTV 2 Atlantic (CTV 2 Atlantic)","http://stream.cammonitorplus.net/1731/index.m3u8","VIDEO","HLS","m3u8","","true","false","","CA","http://atlantic.ctv.ca/","COMMUNITY","iptv-org public index, publicly listed free stream (verify broadcaster-official before promote)","iptv-org; categories=general; quality=720p","medium",""
"Live TV","General","Docevision (Docevision)","https://live20.bozztv.com/giatvplayout7/giatv-208729/playlist.m3u8","VIDEO","HLS","m3u8","","true","true","","CL","","COMMUNITY","iptv-org public index, publicly listed free stream (verify broadcaster-official before promote)","iptv-org; categories=general; quality=720p","medium",""
"Live TV","Kids","Ani (Ani)","http://46.32.176.50/anitv/index.m3u8","VIDEO","HLS","m3u8","","true","false","","RU","https://ani.tlum.ru/","COMMUNITY","iptv-org public index, publicly listed free stream (verify broadcaster-official before promote)","iptv-org; categories=kids; quality=576p","medium",""
"Live TV","Kids","Disney Channel (Disney Channel)","http://206.212.244.63/650/index.m3u8","VIDEO","HLS","m3u8","","true","false","","US","https://www.disney.com/","COMMUNITY","iptv-org public index, publicly listed free stream (verify broadcaster-official before promote)","iptv-org; categories=kids; quality=720p","medium",""
"Live TV","Movie","AXN Latin America (AXN Latin America Andes)","http://177.234.249.178:8888/AXN/index.m3u8","VIDEO","HLS","m3u8","","true","false","","US","https://la.axn.com/","COMMUNITY","iptv-org public index, publicly listed free stream (verify broadcaster-official before promote)","iptv-org; categories=movies; quality=1080p","medium",""
"Live TV","Movie","Cine Mexicano (Cine Mexicano)","http://177.234.249.178:8888/AMERICA/index.m3u8","VIDEO","HLS","m3u8","","true","false","","US","http://www.cinemexicano.tv/","COMMUNITY","iptv-org public index, publicly listed free stream (verify broadcaster-official before promote)","iptv-org; categories=movies; quality=1080p","medium",""
"Live TV","Movie","Cine Sony (Cine Sony)","http://177.234.249.178:8888/SONY-MOVIES/index.m3u8","VIDEO","HLS","m3u8","","true","false","","US","https://www.cinesony.com/","COMMUNITY","iptv-org public index, publicly listed free stream (verify broadcaster-official before promote)","iptv-org; categories=movies; quality=1080p","medium",""
"Live TV","Movie","De Pelicula US (De Pelicula US)","http://138.121.15.230:9002/DEPELICULA/index.m3u8","VIDEO","HLS","m3u8","","true","false","","US","http://televisa-networks.ioncom.mx/portfolio/de-pelicula/","COMMUNITY","iptv-org public index, publicly listed free stream (verify broadcaster-official before promote)","iptv-org; categories=movies; quality=720p","medium",""
"Live TV","News","Amu TV (Amu TV)","https://jmc-live.ercdn.net/amutv/amutv.m3u8","VIDEO","HLS","m3u8","","true","true","","US","https://amu.tv/","COMMUNITY","iptv-org public index, publicly listed free stream (verify broadcaster-official before promote)","iptv-org; categories=news; quality=","medium",""
"Live TV","News","Cablenoticias (Cablenoticias)","http://138.186.23.7:8082/CABLENOTICIAS/index.m3u8","VIDEO","HLS","m3u8","","true","false","","CO","http://www.cablenoticias.tv/","COMMUNITY","iptv-org public index, publicly listed free stream (verify broadcaster-official before promote)","iptv-org; categories=news; quality=720p","medium",""
"Live TV","Pop","Audiokiss (Audiokiss)","https://master.tucableip.com/audiokisstv/index.m3u8","VIDEO","HLS","m3u8","","true","true","","BO","https://www.audiokiss.com/","COMMUNITY","iptv-org public index, publicly listed free stream (verify broadcaster-official before promote)","iptv-org; categories=music; quality=1080p","medium",""
"Live TV","Pop","Bandamax USA (Bandamax USA)","http://177.234.249.135:8888/Bandamax/index.m3u8","VIDEO","HLS","m3u8","","true","false","","US","http://www.bandamax.tv/","COMMUNITY","iptv-org public index, publicly listed free stream (verify broadcaster-official before promote)","iptv-org; categories=music; quality=1080p","medium",""
"Live TV","Pop","Busuioc TV (Busuioc TV)","https://tt.nfthost.net/static/streaming-playlists/hls/bb907ca9-5cb5-49dd-b276-d77721a9bc6d/master.m3u8","VIDEO","HLS","m3u8","","true","true","","MD","https://busuioctv.md/","COMMUNITY","iptv-org public index, publicly listed free stream (verify broadcaster-official before promote)","iptv-org; categories=music; quality=","medium",""
"Live TV","Pop","CMC-USA Country Music Channel (CMC-USA Country Music Channel)","https://hwlive.streamingmediahosting.com/14215-live/0_obd393sh/playlist.m3u8","VIDEO","HLS","m3u8","","true","true","","US","https://cmctv.com/cmc-usa/index.html","COMMUNITY","iptv-org public index, publicly listed free stream (verify broadcaster-official before promote)","iptv-org; categories=music; quality=720p","medium",""
"Live TV","Sports","Altitude Sports (Altitude Sports)","http://206.212.244.63/6153/index.m3u8","VIDEO","HLS","m3u8","","true","false","","US","http://www.altitude.tv/","COMMUNITY","iptv-org public index, publicly listed free stream (verify broadcaster-official before promote)","iptv-org; categories=sports; quality=720p","medium",""
"Live TV","Sports","CBS Sports Network USA (CBS Sports Network USA)","http://40.160.24.52/CBS_SPORTS_NETWORK/index.m3u8","VIDEO","HLS","m3u8","","true","false","","US","http://www.cbssportsnetwork.com/","COMMUNITY","iptv-org public index, publicly listed free stream (verify broadcaster-official before promote)","iptv-org; categories=sports; quality=720p","medium",""
"Live TV","Documentary","History (History)","http://177.52.24.163/HISTORY-HD/index.m3u8","VIDEO","HLS","m3u8","","true","false","","BR","https://www.historyplay.tv/br/","COMMUNITY","iptv-org public index, publicly listed free stream (verify broadcaster-official before promote)","iptv-org; categories=documentary; quality=720p","medium",""
"Live TV","General","dTVi (dTVi)","https://e.siar.us/live/dtvi.m3u8","VIDEO","HLS","m3u8","","true","true","","ID","https://dtv-indonesia.com/","COMMUNITY","iptv-org public index, publicly listed free stream (verify broadcaster-official before promote)","iptv-org; categories=general; quality=","medium",""
"Live TV","General","Rede Meio Norte (Rede Meio Norte)","https://maystreaming.cloudecast.com/redemeio/index.m3u8","VIDEO","HLS","m3u8","","true","true","","BR","https://www.meionorte.com/tv-meionorte","COMMUNITY","iptv-org public index, publicly listed free stream (verify broadcaster-official before promote)","iptv-org; categories=; quality=720p","medium",""
"Live TV","General","Rede Metropole (Rede Metropole)","https://cdn-tiva-isaocorp-cloudecast-com.smartbit.co/metropole/index.m3u8","VIDEO","HLS","m3u8","","true","true","","BR","http://redemetropole.com/","COMMUNITY","iptv-org public index, publicly listed free stream (verify broadcaster-official before promote)","iptv-org; categories=general; quality=720p","medium",""
"Live TV","Movie","CineLatino (CineLatino)","http://45.162.193.35:80/CINELATINO_HD/index.m3u8","VIDEO","HLS","m3u8","","true","false","","MX","http://www.cinelatino.com/","COMMUNITY","iptv-org public index, publicly listed free stream (verify broadcaster-official before promote)","iptv-org; categories=movies; quality=720p","medium",""
"Live TV","Sports","beIN Sports Haber (beIN Sports Haber)","https://1nyaler.streamhostingcdn.top/stream/23/index.m3u8","VIDEO","HLS","m3u8","","true","true","","TR","https://beinsports.com.tr/","COMMUNITY","iptv-org public index, publicly listed free stream (verify broadcaster-official before promote)","iptv-org; categories=sports; quality=720p","medium",""
"Live TV","Documentary","Docu. (Docu.)","http://45.162.193.35:80/DOCU/index.m3u8","VIDEO","HLS","m3u8","","true","false","","CL","","COMMUNITY","iptv-org public index, publicly listed free stream (verify broadcaster-official before promote)","iptv-org; categories=documentary; quality=1080p","medium",""
"Live TV","General","Alerta Bogota (Alerta Bogota)","https://mdstrm.com/live-stream-playlist/69b2cdf98815b9b6c48c2532.m3u8","VIDEO","HLS","m3u8","","true","true","","CO","https://alerta.com.co/","COMMUNITY","iptv-org public index, publicly listed free stream (verify broadcaster-official before promote)","iptv-org; categories=general; quality=720p","medium",""
"Live TV","General","Canal 10 (Canal 10)","https://acceso.mediosdecostarica.com:3606/live/canal10costaricalive.m3u8","VIDEO","HLS","m3u8","","true","true","","CR","","COMMUNITY","iptv-org public index, publicly listed free stream (verify broadcaster-official before promote)","iptv-org; categories=general; quality=720p","medium",""
"Live TV","General","CW (CW)","http://40.160.24.52/CW/index.m3u8","VIDEO","HLS","m3u8","","true","false","","US","https://www.cwtv.com/","COMMUNITY","iptv-org public index, publicly listed free stream (verify broadcaster-official before promote)","iptv-org; categories=general; quality=720p","medium",""
"Live TV","General","Dmoda Channel (Dmoda Channel)","https://master.tucableip.com/dmoda/index.m3u8","VIDEO","HLS","m3u8","","true","true","","BO","https://dmoda.com.bo/","COMMUNITY","iptv-org public index, publicly listed free stream (verify broadcaster-official before promote)","iptv-org; categories=general; quality=1080p","medium",""
"Live TV","Cooking","Chef TV (Chef TV)","http://45.190.28.50/CHEF_TV/index.m3u8","VIDEO","HLS","m3u8","","true","false","","BR","https://www.cheftv.com.br/","COMMUNITY","iptv-org public index, publicly listed free stream (verify broadcaster-official before promote)","iptv-org; categories=cooking; quality=720p","medium",""
"Live TV","General","Band (Band)","http://45.190.28.50/BAND_HD/index.m3u8","VIDEO","HLS","m3u8","","true","false","","BR","","COMMUNITY","iptv-org public index, publicly listed free stream (verify broadcaster-official before promote)","iptv-org; categories=general; quality=720p","medium",""
"Live TV","General","Canal do Boi (Canal do Boi)","http://45.162.64.114/CANAL_DO_BOI/index.m3u8","VIDEO","HLS","m3u8","","true","false","","BR","https://sba1.com/","COMMUNITY","iptv-org public index, publicly listed free stream (verify broadcaster-official before promote)","iptv-org; categories=; quality=720p","medium",""
"Live TV","General","Cultura Fast (Cultura Fast)","https://fpa-gateway.tvcultura.com.br:8181/memfs/606caef0-a290-413d-9f1f-8fcdb3a73831.m3u8","VIDEO","HLS","m3u8","","true","true","","BR","","COMMUNITY","iptv-org public index, publicly listed free stream (verify broadcaster-official before promote)","iptv-org; categories=general; quality=720p","medium",""
"Live TV","General","Folcloreando TV (Folcloreando TV)","https://stmvideo6.livecastv.com/radioactivasanjuan/radioactivasanjuan/playlist.m3u8","VIDEO","HLS","m3u8","","true","true","","AR","https://folcloreando.com/","COMMUNITY","iptv-org public index, publicly listed free stream (verify broadcaster-official before promote)","iptv-org; categories=general; quality=","medium",""
"Live TV","General","Petlovers TV (Petlovers TV)","https://video04.logicahost.com.br/petloverstv/petloverstv/playlist.m3u8","VIDEO","HLS","m3u8","","true","true","","BR","https://petloverstv.com.br/","COMMUNITY","iptv-org public index, publicly listed free stream (verify broadcaster-official before promote)","iptv-org; categories=entertainment; quality=","medium",""
"Live TV","General","Rede CNT Rio de Janeiro (Rede CNT Rio de Janeiro)","http://45.162.64.114/CNT/index.m3u8","VIDEO","HLS","m3u8","","true","false","","BR","http://www.cnt.com.br/","COMMUNITY","iptv-org public index, publicly listed free stream (verify broadcaster-official before promote)","iptv-org; categories=; quality=720p","medium",""
"Live TV","Kids","Nick Jr. Indonesia (Nick Jr. Indonesia)","http://103.137.83.62:9090/play/27/index.m3u8","VIDEO","HLS","m3u8","","true","false","","ID","https://www.nickjr.tv/","COMMUNITY","iptv-org public index, publicly listed free stream (verify broadcaster-official before promote)","iptv-org; categories=animation; quality=720p","medium",""
"Live TV","Movie","AXN (AXN)","http://45.190.28.50/AXN_HD/index.m3u8","VIDEO","HLS","m3u8","","true","false","","BR","https://br.axn.com/","COMMUNITY","iptv-org public index, publicly listed free stream (verify broadcaster-official before promote)","iptv-org; categories=movies; quality=720p","medium",""
"Live TV","Sports","Premiere Clubes (Premiere Clubes)","http://45.190.156.152/PREMIERE_CLUBES/index.m3u8","VIDEO","HLS","m3u8","","true","false","","BR","http://globotv.globo.com/sportv/premiere-clubes/","COMMUNITY","iptv-org public index, publicly listed free stream (verify broadcaster-official before promote)","iptv-org; categories=sports; quality=720p","medium",""
"Live TV","General","Autonoma TV (Autonoma TV)","https://wifispeed.trapemn.tv:1936/comunales/autonoma-tv/playlist.m3u8","VIDEO","HLS","m3u8","","true","true","","CL","https://autonomatv.cl/","COMMUNITY","iptv-org public index, publicly listed free stream (verify broadcaster-official before promote)","iptv-org; categories=general; quality=","medium",""
"Live TV","General","BS Film (BS Film)","https://live20.bozztv.com/akamaissh101/ssh101/bsfilm/playlist.m3u8","VIDEO","HLS","m3u8","","true","true","","PK","","COMMUNITY","iptv-org public index, publicly listed free stream (verify broadcaster-official before promote)","iptv-org; categories=general; quality=576p","medium",""
"Live TV","General","BSTV (BSTV)","https://lbgo.bozztv.com/ssh101/ssh101/bstv/playlist.m3u8","VIDEO","HLS","m3u8","","true","true","","PK","","COMMUNITY","iptv-org public index, publicly listed free stream (verify broadcaster-official before promote)","iptv-org; categories=general; quality=576p","medium",""
"Live TV","Kids","Cine+ Kids (Cine+ Kids)","http://176.122.125.10:8080/CinePlusKids/index.m3u8","VIDEO","HLS","m3u8","","true","false","","UA","","COMMUNITY","iptv-org public index, publicly listed free stream (verify broadcaster-official before promote)","iptv-org; categories=kids; quality=1080p","medium",""
"Live TV","Movie","Bolt (Bolt)","http://176.122.125.10:8080/bolt/index.m3u8","VIDEO","HLS","m3u8","","true","false","","UA","http://bolt.starmediatv.ru/","COMMUNITY","iptv-org public index, publicly listed free stream (verify broadcaster-official before promote)","iptv-org; categories=movies|series; quality=1080p","medium",""
"Live TV","Movie","Cine+ (Cine+)","http://176.122.125.10:8080/CinePlusHD/index.m3u8","VIDEO","HLS","m3u8","","true","false","","UA","https://cineplus.volia.com/","COMMUNITY","iptv-org public index, publicly listed free stream (verify broadcaster-official before promote)","iptv-org; categories=movies; quality=1080p","medium",""
"Live TV","Movie","Cine+ Hit (Cine+ Hit)","http://176.122.125.10:8080/CinePlusHitHD/index.m3u8","VIDEO","HLS","m3u8","","true","false","","UA","https://cineplus.volia.com/","COMMUNITY","iptv-org public index, publicly listed free stream (verify broadcaster-official before promote)","iptv-org; categories=movies; quality=1080p","medium",""
"Live TV","Business","Laboral TV (Laboral TV)","https://tv.laboralsst.com.br/hls/stream.m3u8","VIDEO","HLS","m3u8","","true","true","","BR","https://tv.laboralsst.com.br","COMMUNITY","iptv-org public index, publicly listed free stream (verify broadcaster-official before promote)","iptv-org; categories=business; quality=360p","medium",""
"Live TV","Culture","Curta! (Curta!)","http://45.190.156.152/CURTA!/index.m3u8","VIDEO","HLS","m3u8","","true","false","","BR","https://canalcurta.tv.br/","COMMUNITY","iptv-org public index, publicly listed free stream (verify broadcaster-official before promote)","iptv-org; categories=culture; quality=720p","medium",""
"Live TV","Documentary","History (History)","http://45.190.28.50/HISTORY_HD/index.m3u8","VIDEO","HLS","m3u8","","true","false","","BR","https://www.historyplay.tv/br/","COMMUNITY","iptv-org public index, publicly listed free stream (verify broadcaster-official before promote)","iptv-org; categories=documentary; quality=720p","medium",""
"Live TV","Education","Canal Educacao (Canal Educacao)","http://45.162.64.114/CANAL_EDUCACAO/index.m3u8","VIDEO","HLS","m3u8","","true","false","","BR","https://www.gov.br/mec/pt-br/canal-educacao","COMMUNITY","iptv-org public index, publicly listed free stream (verify broadcaster-official before promote)","iptv-org; categories=education; quality=720p","medium",""
"Live TV","Education","Canal Saude (Canal Saude)","https://eitv7.cdn.broadpeak.io/account351-i1495/event/canalsaude/format720p.m3u8","VIDEO","HLS","m3u8","","true","true","","BR","https://www.canalsaude.fiocruz.br/","COMMUNITY","iptv-org public index, publicly listed free stream (verify broadcaster-official before promote)","iptv-org; categories=education|lifestyle; quality=","medium",""
"Live TV","General","5tv (5tv)","https://617c5175c970b.streamlock.net:4444/tvcinco/live1/playlist.m3u8","VIDEO","HLS","m3u8","","true","true","","AR","http://www.tvcinco.com/","COMMUNITY","iptv-org public index, publicly listed free stream (verify broadcaster-official before promote)","iptv-org; categories=general; quality=","medium",""
"Live TV","General","ATV Alanya (ATV Alanya)","https://cdn-alanyatv.yayin.com.tr/alanyatv/alanyatv/playlist.m3u8","VIDEO","HLS","m3u8","","true","true","","TR","https://www.alanyatelevizyonu.com.tr/iletisim","COMMUNITY","iptv-org public index, publicly listed free stream (verify broadcaster-official before promote)","iptv-org; categories=general; quality=1080p","medium",""
"Live TV","General","Auge TV (Auge TV)","https://cdn-tiva-video01-logicahost-com-br.smartbit.co/canalaugetv/canalaugetv/playlist.m3u8","VIDEO","HLS","m3u8","","true","true","","BR","","COMMUNITY","iptv-org public index, publicly listed free stream (verify broadcaster-official before promote)","iptv-org; categories=general; quality=720p","medium",""
"Live TV","General","Bem Melhor (Bem Melhor)","https://cdn-tiva-video01-logicahost-com-br.smartbit.co/bemmelhor/bemmelhor/playlist.m3u8","VIDEO","HLS","m3u8","","true","true","","BR","","COMMUNITY","iptv-org public index, publicly listed free stream (verify broadcaster-official before promote)","iptv-org; categories=general; quality=720p","medium",""
"Live TV","General","Canal 25 Jundiai (Canal 25 Jundiai)","https://cdn-tiva-stream01-msolutionbrasil-com-br.smartbit.co/hls/canal25/live.m3u8","VIDEO","HLS","m3u8","","true","true","","BR","","COMMUNITY","iptv-org public index, publicly listed free stream (verify broadcaster-official before promote)","iptv-org; categories=; quality=720p","medium",""
"Live TV","General","Canal 5 (Canal 5)","http://45.181.87.106/CANAL5HD/index.m3u8","VIDEO","HLS","m3u8","","true","false","","MX","http://www.televisa.com/canal5/","COMMUNITY","iptv-org public index, publicly listed free stream (verify broadcaster-official before promote)","iptv-org; categories=general; quality=1080p","medium",""
"Live TV","General","Canal START (Canal START)","https://cdn-tiva-srv5-zcast-com-br.smartbit.co/canalstart/canalstart/playlist.m3u8","VIDEO","HLS","m3u8","","true","true","","BR","","COMMUNITY","iptv-org public index, publicly listed free stream (verify broadcaster-official before promote)","iptv-org; categories=general; quality=720p","medium",""
"Live TV","General","Conecta Mais TV (Conecta Mais TV)","https://adylnet.streampool.net/10324/live/hls/Conecta/index.m3u8","VIDEO","HLS","m3u8","","true","true","","BR","","COMMUNITY","iptv-org public index, publicly listed free stream (verify broadcaster-official before promote)","iptv-org; categories=entertainment; quality=720p","medium",""
"Live TV","General","Demais TV (Demais TV)","https://cdn-tiva-stmv1-samcast-com-br.smartbit.co/demaistv6503/demaistv6503/playlist.m3u8","VIDEO","HLS","m3u8","","true","true","","BR","https://www.demaistv.com.br/","COMMUNITY","iptv-org public index, publicly listed free stream (verify broadcaster-official before promote)","iptv-org; categories=general; quality=720p","medium",""
"Live TV","General","Golden Edge (Golden Edge)","http://138.186.23.7:8082/GOLDENEDGE/index.m3u8","VIDEO","HLS","m3u8","","true","false","","MX","https://televisa-networks.com/portfolio/golden-edge/","COMMUNITY","iptv-org public index, publicly listed free stream (verify broadcaster-official before promote)","iptv-org; categories=; quality=1080p","medium",""
"Live TV","General","Jonack (Jonack)","https://cdn-6.pishow.tv/live/10006/master.m3u8","VIDEO","HLS","m3u8","","true","true","","IN","http://www.jonack.in/","COMMUNITY","iptv-org public index, publicly listed free stream (verify broadcaster-official before promote)","iptv-org; categories=general; quality=576p","medium",""
"Live TV","General","Kanal 23 (Kanal 23)","https://cdn-kanal23.yayin.com.tr/kanal23/index.m3u8","VIDEO","HLS","m3u8","","true","true","","TR","https://www.kanal23.com/","COMMUNITY","iptv-org public index, publicly listed free stream (verify broadcaster-official before promote)","iptv-org; categories=general; quality=1080p","medium",""
"Live TV","General","KBS World (KBS World)","http://31.148.48.15/KBS_World/index.m3u8","VIDEO","HLS","m3u8","","true","false","","KR","http://kbsworld.kbs.co.kr/","COMMUNITY","iptv-org public index, publicly listed free stream (verify broadcaster-official before promote)","iptv-org; categories=general; quality=576p","medium",""
"Live TV","General","Lider TV (Lider TV)","https://cdn-tiva-video08-logicahost-com-br.smartbit.co/lidertvssp/lidertvssp/playlist.m3u8","VIDEO","HLS","m3u8","","true","true","","BR","","COMMUNITY","iptv-org public index, publicly listed free stream (verify broadcaster-official before promote)","iptv-org; categories=general; quality=720p","medium",""
"Live TV","General","NET TV (NET TV)","http://45.134.141.161:2200/ARG/Net_TV/index.m3u8","VIDEO","HLS","m3u8","","true","false","","AR","https://www.canalnet.tv/","COMMUNITY","iptv-org public index, publicly listed free stream (verify broadcaster-official before promote)","iptv-org; categories=general; quality=720p","medium",""
"Live TV","General","Play TV (Play TV)","http://45.162.64.114/PLAY_TV/index.m3u8","VIDEO","HLS","m3u8","","true","false","","BR","http://playtv.com.br/","COMMUNITY","iptv-org public index, publicly listed free stream (verify broadcaster-official before promote)","iptv-org; categories=; quality=720p","medium",""
"Live TV","General","Record (Record)","http://45.190.28.50/RECORD/index.m3u8","VIDEO","HLS","m3u8","","true","false","","BR","http://rederecord.r7.com/","COMMUNITY","iptv-org public index, publicly listed free stream (verify broadcaster-official before promote)","iptv-org; categories=general; quality=720p","medium",""
"Live TV","General","Rede TV! (Rede TV!)","http://45.190.28.50/REDE_TV_HD/index.m3u8","VIDEO","HLS","m3u8","","true","false","","BR","","COMMUNITY","iptv-org public index, publicly listed free stream (verify broadcaster-official before promote)","iptv-org; categories=general; quality=1080p","medium",""
"Live TV","Kids","Box Kids TV (Box Kids TV)","http://45.190.28.50/BOX_KIDS_HD/index.m3u8","VIDEO","HLS","m3u8","","true","false","","BR","https://boxbrazil.tv.br/boxkids.php","COMMUNITY","iptv-org public index, publicly listed free stream (verify broadcaster-official before promote)","iptv-org; categories=kids; quality=720p","medium",""
"Live TV","Kids","Disney Jr. Latin America (Disney Jr. Latin America)","http://177.234.249.178:8888/DISNEY-JR/index.m3u8","VIDEO","HLS","m3u8","","true","false","","AR","https://www.disneylatino.com/","COMMUNITY","iptv-org public index, publicly listed free stream (verify broadcaster-official before promote)","iptv-org; categories=animation|kids; quality=1080p","medium",""
"Live TV","Kids","DumDum (DumDum)","http://45.190.156.152/ZOOMOO/index.m3u8","VIDEO","HLS","m3u8","","true","false","","BR","https://www.canaldumdum.com.br/","COMMUNITY","iptv-org public index, publicly listed free stream (verify broadcaster-official before promote)","iptv-org; categories=kids; quality=1080p","medium",""
"Live TV","Lifestyle","FashionTV (FashionTV)","http://45.190.28.50/FASHION_TV_HD/index.m3u8","VIDEO","HLS","m3u8","","true","false","","BR","https://boxbrazil.tv.br/fashion-tv/","COMMUNITY","iptv-org public index, publicly listed free stream (verify broadcaster-official before promote)","iptv-org; categories=lifestyle; quality=720p","medium",""
"Live TV","News","Acustik TV (Acustik TV)","https://s5.mexside.net:1936/clientetv/clientetv/playlist.m3u8","VIDEO","HLS","m3u8","","true","true","","MX","https://acustik.mx/","COMMUNITY","iptv-org public index, publicly listed free stream (verify broadcaster-official before promote)","iptv-org; categories=news; quality=","medium",""
"Live TV","News","AgroMais (AgroMais)","http://45.162.64.114/AGROMAIS/index.m3u8","VIDEO","HLS","m3u8","","true","false","","BR","https://agromais.band.uol.com.br/","COMMUNITY","iptv-org public index, publicly listed free stream (verify broadcaster-official before promote)","iptv-org; categories=news; quality=720p","medium",""
"Live TV","News","Jovem Pan News (Jovem Pan News)","http://45.190.28.50/JP_NEWS/index.m3u8","VIDEO","HLS","m3u8","","true","false","","BR","https://jovempan.com.br/","COMMUNITY","iptv-org public index, publicly listed free stream (verify broadcaster-official before promote)","iptv-org; categories=news; quality=720p","medium",""
"Live TV","News","Nation TV (Nation TV)","https://live-us1.thaimomo.com/live-as/chNation-3/playlist.m3u8","VIDEO","HLS","m3u8","","true","true","","TH","https://www.nationtv.tv/","COMMUNITY","iptv-org public index, publicly listed free stream (verify broadcaster-official before promote)","iptv-org; categories=news; quality=","medium",""
"Live TV","News","Puthiya Thalaimurai (Puthiya Thalaimurai)","https://mumt07.tangotv.in/zHjX9OFlPUTHIYAEXPRESS/index.m3u8","VIDEO","HLS","m3u8","","true","true","","IN","http://www.puthiyathalaimurai.com/","COMMUNITY","iptv-org public index, publicly listed free stream (verify broadcaster-official before promote)","iptv-org; categories=news; quality=576p","medium",""
"Live TV","Outdoor","Fish TV (Fish TV)","http://45.162.64.114/FISH_TV/index.m3u8","VIDEO","HLS","m3u8","","true","false","","BR","https://www.fishtv.com/","COMMUNITY","iptv-org public index, publicly listed free stream (verify broadcaster-official before promote)","iptv-org; categories=outdoor; quality=720p","medium",""
"Live TV","Religious","Novo Tempo (Novo Tempo)","http://45.162.64.114/NOVO_TEMPO/index.m3u8","VIDEO","HLS","m3u8","","true","false","","BR","","COMMUNITY","iptv-org public index, publicly listed free stream (verify broadcaster-official before promote)","iptv-org; categories=religious; quality=720p","medium",""
"Live TV","Religious","Rede Vida (Rede Vida)","http://45.190.28.50/REDE_VIDA_HD/index.m3u8","VIDEO","HLS","m3u8","","true","false","","BR","http://www.redevida.com.br/","COMMUNITY","iptv-org public index, publicly listed free stream (verify broadcaster-official before promote)","iptv-org; categories=religious; quality=720p","medium",""
"Live TV","Sports","Combate (Combate)","http://45.190.156.152/COMBATE/index.m3u8","VIDEO","HLS","m3u8","","true","false","","BR","http://combate.globo.com/","COMMUNITY","iptv-org public index, publicly listed free stream (verify broadcaster-official before promote)","iptv-org; categories=sports; quality=720p","medium",""
"Live TV","Sports","N Sports (N Sports)","https://ogc-nsprt-tcl-roku-syndication.otteravision.com/ogc/nsprt/nsprt.m3u8","VIDEO","HLS","m3u8","","true","true","","BR","https://nsports.com.br/","COMMUNITY","iptv-org public index, publicly listed free stream (verify broadcaster-official before promote)","iptv-org; categories=sports; quality=1080p","medium",""
"Live TV","Documentary","Cap Terre (Cap Terre)","http://145.239.5.177/359a/index.m3u8","VIDEO","HLS","m3u8","","true","false","","ES","https://lovetvchannels.com/en/our-channels/#planet","COMMUNITY","iptv-org public index, publicly listed free stream (verify broadcaster-official before promote)","iptv-org; categories=documentary; quality=1080p","medium",""
"Live TV","Documentary","Court TV (Court TV)","http://40.160.24.52/COURT_TV/index.m3u8","VIDEO","HLS","m3u8","","true","false","","US","https://www.courttv.com/","COMMUNITY","iptv-org public index, publicly listed free stream (verify broadcaster-official before promote)","iptv-org; categories=documentary; quality=1080p","medium",""
"Live TV","General","3sat (3sat HD)","http://41.205.77.102/3SAT/index.m3u8","VIDEO","HLS","m3u8","","true","false","","DE","https://www.3sat.de/","COMMUNITY","iptv-org public index, publicly listed free stream (verify broadcaster-official before promote)","iptv-org; categories=general; quality=720p","medium",""
"Live TV","General","A Punt (A Punt)","https://fastly.live.brightcove.com/1846756479408303045/eu-central-1/6057955885001/eyJhbGciOiJIUzI1NiIsInR5cCI6IkpXVCJ9.eyJob3N0IjoiZWFxNWh4LmVncmVzcy53YzQ3bTEiLCJhY2NvdW50X2lkIjoiNjA1Nzk1NTg4NTAwMSIsImVobiI6ImZhc3RseS5saXZlLmJyaWdodGNvdmUuY29tIiwiaXNzIjoiYmxpdmUtcGxheWJhY2stc291cmNlLWFwaSIsInN1YiI6InBhdGhtYXB0b2tlbiIsImF1ZCI6WyI2MDU3OTU1ODg1MDAxIl0sImp0aSI6IjE4NDY3NTY0Nzk0MDgzMDMwNDUifQ.o6wb_VA-TVxl3ERgr7FKLlaTjY7smErmsf73QAydySE/playlist-hls-dvr.m3u8","VIDEO","HLS","m3u8","","true","true","","ES","https://www.apuntmedia.es/","COMMUNITY","iptv-org public index, publicly listed free stream (verify broadcaster-official before promote)","iptv-org; categories=general|public; quality=720p","medium",""
"Live TV","General","A7 TV (A7 TV)","https://183.bozztv.com/ssh101/ssh101/a7tvjarabacoa/playlist.m3u8","VIDEO","HLS","m3u8","","true","true","","DO","https://a7tvjarabacoa.netlify.app/#inicio","COMMUNITY","iptv-org public index, publicly listed free stream (verify broadcaster-official before promote)","iptv-org; categories=general; quality=1080p","medium",""
"Live TV","General","ABC (ABC)","http://40.160.24.52/ABC/index.m3u8","VIDEO","HLS","m3u8","","true","false","","US","https://abc.com/","COMMUNITY","iptv-org public index, publicly listed free stream (verify broadcaster-official before promote)","iptv-org; categories=general; quality=720p","medium",""
"Live TV","General","ACTV (ACTV)","https://dlgt0tdl2hpq3.cloudfront.net/rtbf/clr-rtbf/4db788c7/index.m3u8","VIDEO","HLS","m3u8","","true","true","","BE","https://www.antennecentre.tv/","COMMUNITY","iptv-org public index, publicly listed free stream (verify broadcaster-official before promote)","iptv-org; categories=general; quality=504p","medium",""
"Live TV","General","Al Maghribia (Al Maghribia)","http://185.9.2.18/chid_205/index.m3u8","VIDEO","HLS","m3u8","","true","false","","MA","https://www.snrt.ma/","COMMUNITY","iptv-org public index, publicly listed free stream (verify broadcaster-official before promote)","iptv-org; categories=general; quality=1080p","medium",""
"Live TV","General","Al Sharqiya (Al Sharqiya)","http://185.9.2.18/chid_144/index.m3u8","VIDEO","HLS","m3u8","","true","false","","IQ","http://www.alsharqiya.com/","COMMUNITY","iptv-org public index, publicly listed free stream (verify broadcaster-official before promote)","iptv-org; categories=general; quality=1080p","medium",""
"Live TV","General","America Television (America Television)","http://45.171.108.253:8888/AMERICA/index.m3u8","VIDEO","HLS","m3u8","","true","false","","PE","https://tvgo.americatv.com.pe/","COMMUNITY","iptv-org public index, publicly listed free stream (verify broadcaster-official before promote)","iptv-org; categories=general; quality=1080p","medium",""
"Live TV","General","AWE (AWE)","http://40.160.24.52/AWE/index.m3u8","VIDEO","HLS","m3u8","","true","false","","US","https://www.awetv.com/","COMMUNITY","iptv-org public index, publicly listed free stream (verify broadcaster-official before promote)","iptv-org; categories=general; quality=720p","medium",""
"Live TV","General","Az TV (Az TV)","https://str.yodacdn.net/azertv/index.m3u8","VIDEO","HLS","m3u8","","true","true","","AZ","http://www.aztv.az/","COMMUNITY","iptv-org public index, publicly listed free stream (verify broadcaster-official before promote)","iptv-org; categories=general; quality=1080p","medium",""
"Live TV","General","Bolivision (Bolivision)","https://d135ohnuotzzyo.cloudfront.net/index.m3u8","VIDEO","HLS","m3u8","","true","true","","BO","https://www.redbolivision.tv.bo/","COMMUNITY","iptv-org public index, publicly listed free stream (verify broadcaster-official before promote)","iptv-org; categories=general; quality=1080p","medium",""
"Live TV","General","Canal 12 (Canal 12)","https://d2b5h5wyivfnfl.cloudfront.net/live/53108ffe-0b7e-46ab-bc14-3a9c30010939/ts:abr.m3u8","VIDEO","HLS","m3u8","","true","true","","SV","https://www.canal12.com.sv/","COMMUNITY","iptv-org public index, publicly listed free stream (verify broadcaster-official before promote)","iptv-org; categories=general; quality=480i","medium",""
"Live TV","General","Canal 3 TV Biar (Canal 3 Biar)","https://avantstreaming.es/hls/canal3.m3u8","VIDEO","HLS","m3u8","","true","true","","ES","http://canal3biar.es/","COMMUNITY","iptv-org public index, publicly listed free stream (verify broadcaster-official before promote)","iptv-org; categories=general; quality=480p","medium",""
"Live TV","General","Canal 7 Talanga Vision (Canal 7 Talanga Vision)","https://amixtv.com:8081/talangavision/index.m3u8","VIDEO","HLS","m3u8","","true","true","","HN","https://www.talangavision.com/","COMMUNITY","iptv-org public index, publicly listed free stream (verify broadcaster-official before promote)","iptv-org; categories=general; quality=720p","medium",""
"Live TV","General","Canal Dos (Canal Dos)","https://stream2.micanal2.tv/hls/canal2.m3u8","VIDEO","HLS","m3u8","","true","true","","CO","https://www.micanal2.tv/","COMMUNITY","iptv-org public index, publicly listed free stream (verify broadcaster-official before promote)","iptv-org; categories=general; quality=","medium",""
"Live TV","General","Caracol TV (Caracol TV)","http://45.171.108.253:8888/CARACOL/index.m3u8","VIDEO","HLS","m3u8","","true","false","","CO","https://www.caracoltv.com/","COMMUNITY","iptv-org public index, publicly listed free stream (verify broadcaster-official before promote)","iptv-org; categories=general; quality=1080p","medium",""
"Live TV","General","Channel 12 (Channel 12)","https://streaming.thestream.cyou/live/7004.m3u8","VIDEO","HLS","m3u8","","true","true","","RU","https://12-kanal.ru/","COMMUNITY","iptv-org public index, publicly listed free stream (verify broadcaster-official before promote)","iptv-org; categories=general; quality=576p","medium",""
"Live TV","General","Comercio TV (Comercio TV)","https://stream-us-east-1.getpublica.com/playlist.m3u8?network_id=16960","VIDEO","HLS","m3u8","","true","true","","US","https://comercio.tv/","COMMUNITY","iptv-org public index, publicly listed free stream (verify broadcaster-official before promote)","iptv-org; categories=general; quality=1080p","medium",""
"Live TV","General","Csurgo TV (Csurgo TV)","https://cstv.medialivecdn.hu/csurgotv/27725804dc13aa23b3970414524d2dbf.sdp/playlist.m3u8","VIDEO","HLS","m3u8","","true","true","","HU","http://www.csurgotv.hu/","COMMUNITY","iptv-org public index, publicly listed free stream (verify broadcaster-official before promote)","iptv-org; categories=general; quality=720p","medium",""
"Live TV","General","CTV (CTV)","https://streaming.ctvbolivia.com/hlsweb/ctv.m3u8","VIDEO","HLS","m3u8","","true","true","","BO","https://ctvbolivia.com/","COMMUNITY","iptv-org public index, publicly listed free stream (verify broadcaster-official before promote)","iptv-org; categories=general; quality=720p","medium",""
"Live TV","Kids","Balapan (Balapan)","https://live-3.otcnet.ru/Balapan/index.m3u8","VIDEO","HLS","m3u8","","true","true","","KZ","https://balapan.tv/","COMMUNITY","iptv-org public index, publicly listed free stream (verify broadcaster-official before promote)","iptv-org; categories=kids; quality=1080p","medium",""
"Live TV","Kids","BBC Three/CBBC (BBC Three/CBBC)","http://41.205.77.102/BBC-THREE/index.m3u8","VIDEO","HLS","m3u8","","true","false","","UK","http://www.bbc.co.uk/","COMMUNITY","iptv-org public index, publicly listed free stream (verify broadcaster-official before promote)","iptv-org; categories=family|kids|animation; quality=720p","medium",""
"Live TV","Movie","Allo Cine (Allo Cine)","https://d1yl6bf4hrzbr0.cloudfront.net/v1/master/3722c60a815c199d9c0ef36c5b73da68a62b09d1/cc-5km3zs4zs9sp0/allo.m3u8","VIDEO","HLS","m3u8","","true","true","","CM","https://dreamtv.cm/watch/2237b9ae-4109-4cfd-8246-838f5b85117f","COMMUNITY","iptv-org public index, publicly listed free stream (verify broadcaster-official before promote)","iptv-org; categories=movies; quality=1080p","medium",""
"Live TV","Movie","AMC Latin America (AMC Latin America Brazil)","http://45.190.156.152/AMC/index.m3u8","VIDEO","HLS","m3u8","","true","false","","US","http://www.amctv.la/","COMMUNITY","iptv-org public index, publicly listed free stream (verify broadcaster-official before promote)","iptv-org; categories=movies; quality=1080p","medium",""
"Live TV","Movie","AXN Latin America (AXN Latin America Andes)","http://138.186.23.7:8082/AXN/index.m3u8","VIDEO","HLS","m3u8","","true","false","","US","https://la.axn.com/","COMMUNITY","iptv-org public index, publicly listed free stream (verify broadcaster-official before promote)","iptv-org; categories=movies; quality=1080p","medium",""
"Live TV","Movie","Charge! (Charge!)","http://40.160.24.52/CHARGE/index.m3u8","VIDEO","HLS","m3u8","","true","false","","US","https://watchcharge.com/","COMMUNITY","iptv-org public index, publicly listed free stream (verify broadcaster-official before promote)","iptv-org; categories=movies; quality=1080p","medium",""
"Live TV","Movie","DHE (DHE)","http://177.245.131.133:8080/DHE/index.m3u8","VIDEO","HLS","m3u8","","true","false","","US","https://www.canaldhe.com/","COMMUNITY","iptv-org public index, publicly listed free stream (verify broadcaster-official before promote)","iptv-org; categories=movies; quality=1080p","medium",""
"Live TV","News","24 Kanal (24 Kanal)","http://176.122.125.10:8080/news24/index.m3u8","VIDEO","HLS","m3u8","","true","false","","UA","https://24tv.ua/online/","COMMUNITY","iptv-org public index, publicly listed free stream (verify broadcaster-official before promote)","iptv-org; categories=news; quality=1080p","medium",""
"Live TV","News","ATV+ (ATV+)","http://45.171.108.253:8888/ATV/index.m3u8","VIDEO","HLS","m3u8","","true","false","","PE","https://www.atv.pe/","COMMUNITY","iptv-org public index, publicly listed free stream (verify broadcaster-official before promote)","iptv-org; categories=news; quality=1080p","medium",""
"Live TV","News","Belarus-24 (Belarus-24)","http://ott-7.sevstar.net/belarus24/index.m3u8","VIDEO","HLS","m3u8","","true","false","","BY","https://belarus24.by/","COMMUNITY","iptv-org public index, publicly listed free stream (verify broadcaster-official before promote)","iptv-org; categories=news; quality=576p","medium",""
"Live TV","News","CGTN French (CGTN French)","http://145.239.5.177/214/index.m3u8","VIDEO","HLS","m3u8","","true","false","","CN","https://francais.cgtn.com/","COMMUNITY","iptv-org public index, publicly listed free stream (verify broadcaster-official before promote)","iptv-org; categories=news; quality=1080p","medium",""
"Live TV","News","Channel 5 (Channel 5)","http://176.122.125.10:8080/5ch/index.m3u8","VIDEO","HLS","m3u8","","true","false","","UA","http://5.ua/","COMMUNITY","iptv-org public index, publicly listed free stream (verify broadcaster-official before promote)","iptv-org; categories=news; quality=1080p","medium",""
"Live TV","News","Cheddar News (Cheddar News)","http://40.160.24.52/CHEDDAR_NEWS/index.m3u8","VIDEO","HLS","m3u8","","true","false","","US","https://cheddar.com/","COMMUNITY","iptv-org public index, publicly listed free stream (verify broadcaster-official before promote)","iptv-org; categories=news; quality=720p","medium",""
